gene,observed_count,null_total_count,null_mean_count_per_perm
DDX3X,25,47,0.094
ATRX,25,4,0.008
TIGD7,25,38,0.076
SACM1L,25,9,0.018
SPG20,25,22,0.044
ZNF770,25,35,0.07
UBXN2A,25,47,0.094
MALAT1,25,158,0.316
TGFBR1,25,21,0.042
HERC4,25,2,0.004
DDX42,25,11,0.022
R3HCC1L,25,18,0.036
KIDINS220,25,12,0.024
IVNS1ABP,25,26,0.052
LUC7L3,25,18,0.036
RBM39,25,20,0.04
ARID4B,25,13,0.026
PNISR,25,21,0.042
RANBP2,25,3,0.006
ZNF292,25,29,0.058
RNF145,25,25,0.05
CCR2,24,56,0.112
CNBP,24,22,0.044
PPM1B,24,14,0.028
RIT1,24,41,0.082
CD163,24,119,0.238
CRLF3,24,16,0.032
ZNF701,24,66,0.132
AHNAK,24,71,0.142
TMEM2,24,44,0.088
SRSF5,23,48,0.096
HNRNPA2B1,23,27,0.054
PNN,23,42,0.084
ZDHHC17,23,15,0.03
GIMAP8,22,82,0.164
ZNF700,22,9,0.018
ZNF12,22,10,0.02
POLR2B,22,34,0.068
YTHDC1,21,28,0.056
TOPORS,21,46,0.092
PRPF40A,21,3,0.006
EIF4A2,21,26,0.052
ZNF808,20,95,0.19
HNRNPH3,20,28,0.056
ZNF117,20,81,0.162
EGR1,20,43,0.086
LOC728554,20,35,0.07
ZNF322,20,17,0.034
LBR,20,78,0.156
SLC38A2,19,23,0.046
RSF1,19,7,0.014
RAB27A,19,58,0.116
FXR1,19,21,0.042
ZNF721,18,92,0.184
SREK1,18,4,0.008
CHD2,18,17,0.034
RBL2,18,37,0.074
EIF3A,18,37,0.074
CLK1,18,12,0.024
PDX1,17,101,0.202
PNRC2,17,21,0.042
SRSF1,17,12,0.024
ARMCX3,17,10,0.02
USP47,16,5,0.01
CHMP1B,16,46,0.092
TTC14,16,1,0.002
TM2D3,16,14,0.028
FAM13C,15,38,0.076
ZNF600,15,79,0.158
STARD4,15,18,0.036
RABGGTB,15,5,0.01
RB1CC1,15,12,0.024
CES1,15,175,0.35
TSR1,14,56,0.112
MRFAP1,14,43,0.086
LINC00909,14,21,0.042
SENP6,14,8,0.016
DDX6,14,30,0.06
CCDC82,13,39,0.078
IFRD1,13,49,0.098
JAK2,13,10,0.02
ESF1,13,63,0.126
SF3B1,13,7,0.014
PCF11,13,2,0.004
FAR1,12,10,0.02
MYBL2,12,167,0.334
HNRNPH2,12,26,0.052
ASNSD1,12,6,0.012
YIPF4,11,45,0.09
ZFP62,11,3,0.006
STX16,10,32,0.064
SRSF6,10,11,0.022
C1QC,10,59,0.118
DDX5,10,27,0.054
HSD17B11,10,34,0.068
ZNF518B,10,7,0.014
CTR9,9,35,0.07
MFSD1,9,36,0.072
ITGB2,9,79,0.158
HMBS,9,116,0.232
DCP2,9,11,0.022
SCARNA17,9,66,0.132
RENBP,9,123,0.246
UFM1,9,14,0.028
TMCO3,8,37,0.074
RBM12B,8,23,0.046
RPS6KA3,8,7,0.014
DEK,8,18,0.036
NUP50,8,28,0.056
PAFAH1B3,8,52,0.104
RBAK,7,24,0.048
FER,7,49,0.098
INSIG2,7,6,0.012
TDP2,7,30,0.06
HNRNPH1,7,68,0.136
ABHD14A,7,43,0.086
RANBP6,7,23,0.046
SLC17A9,7,57,0.114
KIF5B,7,5,0.01
RAD21,7,30,0.06
STK4,6,72,0.144
FYTTD1,6,2,0.004
CCDC47,6,5,0.01
CPNE5,6,128,0.256
CREBZF,6,28,0.056
ZNF217,6,36,0.072
S100A6,6,43,0.086
CD79A,6,102,0.204
ARHGEF16,6,30,0.06
PNOC,6,164,0.328
UCP2,6,68,0.136
ZKSCAN1,5,7,0.014
PRPF38B,5,30,0.06
ROCK1,5,22,0.044
HNRNPA3,5,29,0.058
TPR,5,39,0.078
TXNRD1,5,51,0.102
FGL2,5,57,0.114
JRKL,5,84,0.168
KLHL8,5,26,0.052
TTC32,5,55,0.11
TMEM30A,5,14,0.028
GALNT9,5,78,0.156
JPX,5,72,0.144
CDK5RAP3,5,41,0.082
KBTBD11,5,62,0.124
TAOK3,5,22,0.044
CSNK1A1,4,19,0.038
HNRNPF,4,43,0.086
FOXP3,4,26,0.052
CCPG1,4,27,0.054
MGEA5,4,30,0.06
UBE2F,4,28,0.056
NRBF2,4,31,0.062
ZNF569,4,41,0.082
CD63,4,76,0.152
SNORA21,4,106,0.212
SARAF,4,42,0.084
ZNF224,4,11,0.022
RLF,4,18,0.036
CLK4,4,10,0.02
BAZ2B,4,47,0.094
LMNB1,4,92,0.184
PKD2,3,49,0.098
UBALD1,3,44,0.088
SLC37A4,3,111,0.222
CLCN2,3,30,0.06
IGIP,3,31,0.062
ZNF267,3,29,0.058
SFPQ,3,8,0.016
SCN1B,3,122,0.244
ZNF780A,3,27,0.054
ELFN2,3,95,0.19
PPP4R2,3,8,0.016
SKIV2L2,3,36,0.072
PPP6R3,3,6,0.012
ARGLU1,3,32,0.064
WAPAL,3,12,0.024
DNPH1,3,80,0.16
GNAO1,3,25,0.05
DLX6,3,61,0.122
ZNF420,3,19,0.038
SMARCA5,3,7,0.014
CD36,3,81,0.162
SLTM,3,9,0.018
USP48,3,23,0.046
DAP3,3,18,0.036
PSKH2,3,137,0.274
MYLK2,3,50,0.1
RNF6,3,7,0.014
CRKL,3,25,0.05
ACRC,3,65,0.13
PRPF4B,3,14,0.028
CENPA,3,59,0.118
FAM208A,2,1,0.002
RPH3A,2,80,0.16
MPV17L2,2,41,0.082
HECA,2,13,0.026
TAF7,2,38,0.076
DTX4,2,122,0.244
ATP6V0E2,2,114,0.228
NEK4,2,38,0.076
RBM25,2,8,0.016
OAT,2,44,0.088
ZNF20,2,59,0.118
SLMAP,2,14,0.028
AMICA1,2,60,0.12
GIMAP7,2,31,0.062
IGF2R,2,84,0.168
FIZ1,2,49,0.098
SRSF7,2,15,0.03
KCNE3,2,53,0.106
OTUD7A,2,53,0.106
HNRNPU,2,37,0.074
EIF2S3,2,29,0.058
PORCN,2,54,0.108
PPIG,2,16,0.032
AQP1,2,51,0.102
NFE2L2,2,11,0.022
OPTC,2,23,0.046
ZNF638,2,5,0.01
PTPRC,2,55,0.11
SUV420H1,2,15,0.03
YDJC,2,150,0.3
CUTC,2,6,0.012
RGS18,2,44,0.088
SLC39A7,2,82,0.164
ARHGAP30,2,38,0.076
TGM2,2,52,0.104
TMEM165,2,30,0.06
ARID4A,2,38,0.076
SOX5,2,144,0.288
MTERF1,2,36,0.072
HMGN3,1,13,0.026
CAMSAP2,1,104,0.208
CD69,1,32,0.064
ZNF514,1,34,0.068
CBX3,1,34,0.068
MRFAP1L1,1,31,0.062
FAM73A,1,59,0.118
SRSF4,1,43,0.086
CBWD1,1,42,0.084
ZDHHC12,1,88,0.176
ARFIP1,1,23,0.046
TPRXL,1,80,0.16
ESCO1,1,20,0.04
TGOLN2,1,48,0.096
AOAH,1,89,0.178
SHISA4,1,111,0.222
PAPSS1,1,64,0.128
CEBPG,1,26,0.052
REV1,1,7,0.014
HMGB1,1,43,0.086
SF3B4,1,122,0.244
TRIB3,1,108,0.216
PCNX,1,28,0.056
CRBN,1,13,0.026
DNAJA1,1,31,0.062
ZNF763,1,130,0.26
SH3BP5L,1,95,0.19
TUBB6,1,49,0.098
AGPAT9,1,65,0.13
THOC2,1,4,0.008
ZNF780B,1,16,0.032
NFYB,1,41,0.082
AGMAT,1,109,0.218
SLC37A3,1,81,0.162
CHML,1,65,0.13
FAM133B,1,48,0.096
C16orf74,1,147,0.294
ZNF106,1,109,0.218
MTF2,1,9,0.018
TCF20,1,59,0.118
NDFIP1,1,27,0.054
ATP6AP2,1,18,0.036
ERCC5,1,22,0.044
SMARCA2,1,33,0.066
THUMPD1,1,4,0.008
RPL17,1,63,0.126
NOM1,1,61,0.122
ZNF740,1,70,0.14
YES1,1,80,0.16
UPF2,1,15,0.03
GJD3,1,40,0.08
SIX6,1,104,0.208
ZDBF2,1,97,0.194
IDI1,1,25,0.05
ZBTB1,1,42,0.084
MYOM1,1,186,0.372
DNAJC3,1,63,0.126
ENPP1,1,65,0.13
MICALL2,1,86,0.172
ZFP30,1,26,0.052
DMPK,1,48,0.096
SART3,1,23,0.046
AZIN1,1,5,0.01
CUL4A,1,24,0.048
KBTBD6,1,39,0.078
KPNB1,1,32,0.064
ZNF254,1,71,0.142
KBTBD2,1,10,0.02
VNN2,1,98,0.196
CALCOCO1,1,71,0.142
WDR82,1,20,0.04
BZW1,1,3,0.006
PSMF1,1,77,0.154
HSPG2,1,27,0.054
CXCR3,1,88,0.176
MCEMP1,1,76,0.152
ADAM23,1,139,0.278
B3GNT2,1,30,0.06
CPOX,1,53,0.106
WDR89,1,56,0.112
ZNF26,1,24,0.048
CCR10,1,23,0.046
UBIAD1,1,55,0.11
HCN4,1,38,0.076
CWC27,1,15,0.03
SOX9,1,75,0.15
ZNF540,1,73,0.146
TRMU,1,89,0.178
EVI5L,1,108,0.216
TBC1D14,1,89,0.178
BMS1P5,1,48,0.096
ZDHHC24,1,21,0.042
CFLAR,1,68,0.136
HMGCR,1,17,0.034
ASAP3,1,56,0.112
RGS7,1,8,0.016
C2orf57,1,73,0.146
TAX1BP1,1,13,0.026
CWF19L2,1,40,0.08
ETV4,1,76,0.152
PPP1R2P9,0,202,0.404
PPP1R15A,0,67,0.134
PRDX4,0,63,0.126
PPP1R14A,0,116,0.232
PRICKLE2,0,93,0.186
PRDX3,0,15,0.03
PRDX2,0,158,0.316
PPP1R14D,0,52,0.104
PPP1R14C,0,87,0.174
PPP1R35,0,88,0.176
PRICKLE1,0,135,0.27
PPP1R36,0,87,0.174
PRDX1,0,31,0.062
PPP1R27,0,57,0.114
PRH1,0,130,0.26
PPP1R32,0,83,0.166
PPP1R1B,0,85,0.17
PRDX5,0,128,0.256
PPOX,0,74,0.148
PPP1R13B,0,98,0.196
PPP1R13L,0,31,0.062
PRDM9,0,69,0.138
PPP1R1C,0,162,0.324
PPM1N,0,42,0.084
PREX1,0,46,0.092
PPP1R18,0,75,0.15
PPP1R17,0,19,0.038
PPP1R2,0,26,0.052
PREPL,0,19,0.038
PREX2,0,43,0.086
PRF1,0,129,0.258
PREP,0,12,0.024
PRG2,0,42,0.084
PRELP,0,45,0.09
PPP1R16B,0,41,0.082
PRG3,0,98,0.196
PRELID2,0,154,0.308
PRELID1,0,31,0.062
PPP1R16A,0,95,0.19
PPME1,0,50,0.1
PPP1R1A,0,48,0.096
PPP1R21,0,3,0.006
PPP1R15B,0,17,0.034
PPP1R26,0,75,0.15
PRG4,0,110,0.22
PRDX6,0,159,0.318
PREB,0,93,0.186
PPP2R5D,0,61,0.122
PPP1R37,0,127,0.254
PQBP1,0,66,0.132
PPT1,0,107,0.214
PPP1R14B,0,106,0.212
PPP1R11,0,46,0.092
PPTC7,0,35,0.07
PPWD1,0,6,0.012
PPP2R2D,0,21,0.042
PPY,0,93,0.186
PPY2,0,26,0.052
PQLC1,0,188,0.376
PPP2R3A,0,84,0.168
PPP2R2C,0,46,0.092
PPP2R2B,0,110,0.22
PQLC2,0,110,0.22
PQLC3,0,42,0.084
PPP2R2A,0,24,0.048
PRAC1,0,118,0.236
PPP1CC,0,30,0.06
PPP2R1B,0,29,0.058
PPRC1,0,98,0.196
PPP2R3C,0,49,0.098
PRAF2,0,90,0.18
PPP4R1,0,45,0.09
PPP3CA,0,12,0.024
PPP3CB,0,35,0.07
PPP3CC,0,34,0.068
PPP3R1,0,80,0.16
PPP2R5C,0,4,0.008
PPP3R2,0,123,0.246
PPP1R10,0,15,0.03
PPP4C,0,59,0.118
PPP2R5B,0,63,0.126
PPP6R2,0,18,0.036
PRICKLE3,0,86,0.172
PPP2R5A,0,45,0.09
PPP4R1L,0,60,0.12
PPP4R4,0,178,0.356
PPP2R4,0,80,0.16
PPP5C,0,39,0.078
PPP6C,0,22,0.044
PPP6R1,0,61,0.122
PRADC1,0,96,0.192
PPP2R1A,0,65,0.13
PRDM8,0,159,0.318
PPP1R12B,0,57,0.114
PRDM10,0,42,0.084
PPP1R3D,0,79,0.158
PRDM11,0,25,0.05
PRDM12,0,130,0.26
PRDM13,0,83,0.166
PRDM14,0,54,0.108
PPP1R3C,0,38,0.076
PRDM15,0,70,0.14
PRDM16,0,79,0.158
PRCP,0,61,0.122
PRDM2,0,38,0.076
PPP1R3B,0,79,0.158
PRDM4,0,8,0.016
PPP1R12C,0,125,0.25
PRDM5,0,140,0.28
PPP1R3A,0,129,0.258
PRDM6,0,26,0.052
PRDM7,0,76,0.152
PRDM1,0,58,0.116
PPP1R3E,0,67,0.134
PRAM1,0,113,0.226
PRAMEF12,0,50,0.1
PRAME,0,134,0.268
PPP2CB,0,3,0.006
PPP2CA,0,20,0.04
PRAMEF10,0,64,0.128
PPP1R9B,0,89,0.178
PPP1R9A,0,71,0.142
PPP1CB,0,17,0.034
PPP1R8,0,20,0.04
PPP1R7,0,32,0.064
PRCC,0,36,0.072
PRAP1,0,25,0.05
PPP1CA,0,40,0.08
PRB1,0,54,0.108
PRB3,0,81,0.162
PRB4,0,53,0.106
PPP1R3F,0,147,0.294
PRC1,0,109,0.218
PPP2R5E,0,23,0.046
PPP1R12A,0,17,0.034
PROC,0,65,0.13
PRICKLE4,0,59,0.118
PRIM1,0,22,0.044
PSCA,0,58,0.116
PSD,0,132,0.264
PSD2,0,51,0.102
PSD3,0,69,0.138
PSD4,0,61,0.122
PSEN1,0,38,0.076
PSEN2,0,120,0.24
PSENEN,0,99,0.198
PSG1,0,46,0.092
PSG11,0,93,0.186
PSG2,0,131,0.262
PSG3,0,105,0.21
PSG4,0,62,0.124
PSG5,0,69,0.138
PSG6,0,72,0.144
PSG7,0,31,0.062
PSG9,0,132,0.264
PSIP1,0,11,0.022
PSKH1,0,87,0.174
PSMA1,0,14,0.028
PSMA2,0,25,0.05
PSMA3,0,24,0.048
PSMA4,0,21,0.042
PSMA5,0,34,0.068
PSMA7,0,28,0.056
PSMA8,0,88,0.176
PSMB1,0,25,0.05
PSMB10,0,75,0.15
PSMB2,0,73,0.146
PSAT1,0,105,0.21
PSAPL1,0,96,0.192
PSAP,0,132,0.264
PRSS35,0,113,0.226
PRRX1,0,57,0.114
PRRX2,0,38,0.076
PRSS1,0,105,0.21
PRSS12,0,77,0.154
PRSS16,0,104,0.208
PRSS2,0,57,0.114
PRSS21,0,47,0.094
PRSS22,0,65,0.13
PRSS23,0,142,0.284
PRSS27,0,47,0.094
PRSS3,0,19,0.038
PRSS30P,0,33,0.066
PRSS33,0,36,0.072
PRSS36,0,29,0.058
PRX,0,32,0.064
PRSS37,0,38,0.076
PRSS3P2,0,25,0.05
PRSS50,0,198,0.396
PRSS53,0,38,0.076
PRSS54,0,224,0.448
PRSS55,0,31,0.062
PRSS58,0,99,0.198
PRSS8,0,42,0.084
PRTFDC1,0,131,0.262
PRTG,0,31,0.062
PRTN3,0,26,0.052
PRUNE,0,51,0.102
PRUNE2,0,119,0.238
PSMB3,0,64,0.128
PSMB4,0,43,0.086
PSMB5,0,93,0.186
PTBP3,0,36,0.072
PSORS1C2,0,60,0.12
PSORS1C3,0,78,0.156
PSPC1,0,20,0.04
PSPH,0,89,0.178
PSPN,0,92,0.184
PSRC1,0,38,0.076
PSTK,0,101,0.202
PSTPIP1,0,79,0.158
PSTPIP2,0,50,0.1
PTAFR,0,80,0.16
PTAR1,0,1,0.002
PTBP1,0,32,0.064
PTBP2,0,13,0.026
PTCD2,0,38,0.076
PSMG4,0,45,0.09
PTCD3,0,15,0.03
PTCH1,0,114,0.228
PTCH2,0,123,0.246
PTCHD1,0,59,0.118
PTCHD2,0,57,0.114
PTCHD4,0,168,0.336
PTCRA,0,50,0.1
PTDSS1,0,42,0.084
PTDSS2,0,38,0.076
PTEN,0,67,0.134
PTER,0,36,0.072
PTGDR,0,173,0.346
PTGDR2,0,43,0.086
PSORS1C1,0,37,0.074
PSMG3,0,111,0.222
PSMB6,0,63,0.126
PSMD12,0,14,0.028
PSMB7,0,23,0.046
PSMB8,0,42,0.084
PSMB9,0,91,0.182
PSMC1,0,64,0.128
PSMC2,0,18,0.036
PSMC3,0,38,0.076
PSMC3IP,0,103,0.206
PSMC4,0,60,0.12
PSMC5,0,28,0.056
PSMC6,0,37,0.074
PSMD1,0,9,0.018
PSMD10,0,31,0.062
PSMD11,0,28,0.056
PSMD13,0,12,0.024
PSMG2,0,40,0.08
PSMD14,0,10,0.02
PSMD2,0,31,0.062
PSMD3,0,60,0.12
PSMD4,0,43,0.086
PSMD5,0,11,0.022
PSMD6,0,28,0.056
PSMD7,0,8,0.016
PSMD8,0,51,0.102
PSMD9,0,67,0.134
PSME1,0,40,0.08
PSME3,0,38,0.076
PSME4,0,14,0.028
PSMG1,0,38,0.076
PRRT3,0,97,0.194
PRRT2,0,26,0.052
PRRG4,0,88,0.176
PRM3,0,82,0.164
PRKG1,0,79,0.158
PRKG2,0,154,0.308
PRKRA,0,50,0.1
PRKRIR,0,15,0.03
PRKX,0,28,0.056
PRKXP1,0,84,0.168
PRKY,0,83,0.166
PRL,0,69,0.138
PRLH,0,20,0.04
PRLHR,0,86,0.172
PRLR,0,123,0.246
PRM1,0,101,0.202
PRM2,0,55,0.11
PRMT1,0,105,0.21
PRKD3,0,24,0.048
PRMT2,0,28,0.056
PRMT3,0,14,0.028
PRMT5,0,19,0.038
PRMT6,0,67,0.134
PRMT7,0,57,0.114
PRMT8,0,33,0.066
PRMT9,0,8,0.016
PRND,0,13,0.026
PRNP,0,33,0.066
PRNT,0,101,0.202
PRO2012,0,74,0.148
PRO2949,0,192,0.384
PRO2964,0,116,0.232
PRKDC,0,39,0.078
PRKD2,0,58,0.116
PROCA1,0,78,0.156
PRKAR1A,0,90,0.18
PRIM2,0,16,0.032
PRIMA1,0,116,0.232
PRIMPOL,0,11,0.022
PRKAA1,0,14,0.028
PRKAA2,0,140,0.28
PRKAB1,0,39,0.078
PRKAB2,0,18,0.036
PRKACA,0,87,0.174
PRKACB,0,33,0.066
PRKACG,0,64,0.128
PRKAG1,0,14,0.028
PRKAG2,0,139,0.278
PRKAG3,0,51,0.102
PRKAR1B,0,144,0.288
PRKD1,0,54,0.108
PRKAR2A,0,45,0.09
PRKAR2B,0,135,0.27
PRKCA,0,103,0.206
PRKCB,0,71,0.142
PRKCD,0,51,0.102
PRKCDBP,0,38,0.076
PRKCE,0,59,0.118
PRKCG,0,78,0.156
PRKCH,0,27,0.054
PRKCI,0,60,0.12
PRKCQ,0,35,0.07
PRKCSH,0,85,0.17
PRKCZ,0,46,0.092
PPM1L,0,160,0.32
PROCR,0,110,0.22
PRRG3,0,86,0.172
PRR26,0,28,0.056
PRPSAP1,0,34,0.068
PRPSAP2,0,19,0.038
PRR11,0,134,0.268
PRR12,0,50,0.1
PRR13,0,69,0.138
PRR14,0,106,0.212
PRR14L,0,15,0.03
PRR15,0,85,0.17
PRR15L,0,44,0.088
PRR16,0,57,0.114
PRR18,0,126,0.252
PRR19,0,41,0.082
PRR22,0,85,0.17
PRR3,0,92,0.184
PRPS1L1,0,86,0.172
PRR30,0,127,0.254
PRR32,0,161,0.322
PRR34,0,70,0.14
PRR35,0,34,0.068
PRR5,0,51,0.102
PRR5L,0,68,0.136
PRR7,0,89,0.178
PRRC1,0,19,0.038
PRRC2A,0,58,0.116
PRRC2B,0,31,0.062
PRRC2C,0,50,0.1
PRRG1,0,51,0.102
PRRG2,0,24,0.048
PRPS2,0,20,0.04
PRPS1,0,30,0.06
PRODH2,0,56,0.112
PROSER3,0,48,0.096
PROK1,0,39,0.078
PROK2,0,100,0.2
PROKR2,0,105,0.21
PROL1,0,89,0.178
PROM1,0,110,0.22
PROM2,0,5,0.01
PROP1,0,112,0.224
PRORSD1P,0,95,0.19
PRORY,0,68,0.136
PROS1,0,206,0.412
PROSC,0,34,0.068
PROSER1,0,49,0.098
PROSER2,0,49,0.098
PROX1,0,94,0.188
PRPH2,0,110,0.22
PROX2,0,114,0.228
PROZ,0,62,0.124
PRPF18,0,36,0.072
PRPF19,0,57,0.114
PRPF3,0,35,0.07
PRPF31,0,41,0.082
PRPF38A,0,28,0.056
PRPF39,0,7,0.014
PRPF4,0,17,0.034
PRPF40B,0,99,0.198
PRPF6,0,72,0.144
PRPF8,0,67,0.134
PRPH,0,39,0.078
PPM1M,0,98,0.196
POU3F4,0,150,0.3
PPM1K,0,15,0.03
PKP4,0,111,0.222
PKIA,0,47,0.094
PKIB,0,190,0.38
PKIG,0,165,0.33
PKLR,0,127,0.254
PKM,0,103,0.206
PKMYT1,0,60,0.12
PKN1,0,34,0.068
PKN2,0,39,0.078
PKN3,0,80,0.16
PKNOX1,0,60,0.12
PKNOX2,0,34,0.068
PKP1,0,7,0.014
PKP2,0,77,0.154
PKP3,0,81,0.162
PLA1A,0,62,0.124
PKHD1L1,0,157,0.314
PLA2G12A,0,48,0.096
PLA2G12B,0,60,0.12
PLA2G15,0,75,0.15
PLA2G16,0,102,0.204
PLA2G1B,0,50,0.1
PLA2G2A,0,60,0.12
PLA2G2D,0,59,0.118
PLA2G2E,0,40,0.08
PLA2G2F,0,32,0.064
PLA2G3,0,57,0.114
PLA2G4A,0,50,0.1
PLA2G4C,0,186,0.372
PLA2G4D,0,53,0.106
PLA2G4F,0,85,0.17
PKI55,0,137,0.274
PKHD1,0,38,0.076
PPM1J,0,96,0.192
PITPNM3,0,42,0.084
PIP4K2C,0,44,0.088
PIP5K1A,0,86,0.172
PIP5K1B,0,82,0.164
PIP5K1C,0,68,0.136
PIP5KL1,0,118,0.236
PIPOX,0,16,0.032
PIR,0,74,0.148
PIRT,0,51,0.102
PITHD1,0,131,0.262
PITPNA,0,39,0.078
PITPNB,0,25,0.05
PITPNC1,0,7,0.014
PITPNM1,0,68,0.136
PITPNM2,0,113,0.226
PITRM1,0,33,0.066
PKDREJ,0,61,0.122
PITX1,0,166,0.332
PITX2,0,37,0.074
PITX3,0,80,0.16
PIWIL1,0,30,0.06
PIWIL2,0,128,0.256
PIWIL4,0,138,0.276
PJA1,0,68,0.136
PJA2,0,42,0.084
PKD1L1,0,14,0.028
PKD1L2,0,27,0.054
PKD1P1,0,118,0.236
PKD2L1,0,28,0.056
PKD2L2,0,187,0.374
PKDCC,0,64,0.128
PLA2G5,0,26,0.052
PLA2G6,0,94,0.188
PLA2G7,0,129,0.258
PLEKHA6,0,64,0.128
PLD1,0,155,0.31
PLD2,0,91,0.182
PLD3,0,111,0.222
PLD4,0,52,0.104
PLD5,0,64,0.128
PLD6,0,71,0.142
PLEC,0,95,0.19
PLEK,0,44,0.088
PLEK2,0,121,0.242
PLEKHA1,0,23,0.046
PLEKHA2,0,12,0.024
PLEKHA3,0,34,0.068
PLEKHA4,0,81,0.162
PLEKHA5,0,172,0.344
PLEKHA7,0,90,0.18
PLA2R1,0,107,0.214
PLEKHA8,0,131,0.262
PLEKHA8P1,0,110,0.22
PLEKHB1,0,93,0.186
PLEKHB2,0,20,0.04
PLEKHF1,0,163,0.326
PLEKHF2,0,20,0.04
PLEKHG1,0,55,0.11
PLEKHG2,0,90,0.18
PLEKHG3,0,157,0.314
PLEKHG4,0,88,0.176
PLEKHG4B,0,28,0.056
PLEKHG5,0,143,0.286
PLEKHG6,0,38,0.076
PLEKHH1,0,60,0.12
PLCZ1,0,37,0.074
PLCXD3,0,160,0.32
PLCXD2,0,51,0.102
PLCXD1,0,121,0.242
PLAA,0,8,0.016
PLAC1,0,55,0.11
PLAC4,0,145,0.29
PLAC8,0,32,0.064
PLAC8L1,0,100,0.2
PLAC9,0,150,0.3
PLAG1,0,85,0.17
PLAGL1,0,113,0.226
PLAGL2,0,93,0.186
PLAT,0,32,0.064
PLAU,0,43,0.086
PLAUR,0,90,0.18
PLB1,0,170,0.34
PLBD1,0,104,0.208
PLBD2,0,102,0.204
PLCB1,0,172,0.344
PLCB2,0,68,0.136
PLCB3,0,86,0.172
PLCB4,0,53,0.106
PLCD1,0,88,0.176
PLCD3,0,45,0.09
PLCD4,0,153,0.306
PLCE1,0,51,0.102
PLCG1,0,72,0.144
PLCG2,0,119,0.238
PLCH1,0,43,0.086
PLCH2,0,103,0.206
PLCL1,0,94,0.188
PLCL2,0,12,0.024
PIP4K2B,0,32,0.064
PIP4K2A,0,136,0.272
PIP,0,42,0.084
PHOX2A,0,83,0.166
PHKA2,0,37,0.074
PHKB,0,19,0.038
PHKG1,0,103,0.206
PHKG2,0,94,0.188
PHLDA1,0,138,0.276
PHLDA2,0,84,0.168
PHLDA3,0,61,0.122
PHLDB1,0,8,0.016
PHLDB2,0,171,0.342
PHLDB3,0,46,0.092
PHLPP1,0,93,0.186
PHLPP2,0,144,0.288
PHOSPHO1,0,72,0.144
PHOSPHO2,0,32,0.064
PHOX2B,0,58,0.116
PI4KB,0,29,0.058
PHPT1,0,120,0.24
PHRF1,0,73,0.146
PHTF1,0,35,0.07
PHTF2,0,43,0.086
PHYH,0,79,0.158
PHYHD1,0,78,0.156
PHYHIP,0,96,0.192
PHYHIPL,0,31,0.062
PHYKPL,0,66,0.132
PI15,0,81,0.162
PI16,0,26,0.052
PI3,0,169,0.338
PI4K2A,0,64,0.128
PI4K2B,0,28,0.056
PHKA1,0,54,0.108
PHIP,0,17,0.034
PHGDH,0,64,0.128
PHF8,0,47,0.094
PGS1,0,86,0.172
PHACTR1,0,80,0.16
PHACTR2,0,42,0.084
PHACTR3,0,70,0.14
PHACTR4,0,26,0.052
PHAX,0,58,0.116
PHB,0,42,0.084
PHB2,0,63,0.126
PHC1,0,72,0.144
PHC2,0,103,0.206
PHC3,0,46,0.092
PHEX,0,121,0.242
PHF1,0,99,0.198
PHF10,0,47,0.094
PHF11,0,19,0.038
PHF12,0,50,0.1
PHF13,0,59,0.118
PHF14,0,11,0.022
PHF19,0,75,0.15
PHF2,0,42,0.084
PHF20,0,15,0.03
PHF20L1,0,12,0.024
PHF21A,0,35,0.07
PHF21B,0,54,0.108
PHF23,0,25,0.05
PHF3,0,16,0.032
PHF5A,0,60,0.12
PHF6,0,20,0.04
PHF7,0,69,0.138
PI4KA,0,56,0.112
PIANP,0,62,0.124
PINX1,0,54,0.108
PIK3R1,0,27,0.054
PIGZ,0,49,0.098
PIH1D1,0,54,0.108
PIH1D2,0,103,0.206
PIH1D3,0,95,0.19
PIK3AP1,0,93,0.186
PIK3C2A,0,19,0.038
PIK3C2B,0,44,0.088
PIK3C2G,0,66,0.132
PIK3C3,0,16,0.032
PIK3CA,0,31,0.062
PIK3CB,0,11,0.022
PIK3CD,0,76,0.152
PIK3CG,0,30,0.06
PIK3IP1,0,51,0.102
PIK3R2,0,46,0.092
PIAS1,0,53,0.106
PIK3R3,0,113,0.226
PIK3R4,0,6,0.012
PIK3R5,0,40,0.08
PIK3R6,0,115,0.23
PIKFYVE,0,31,0.062
PILRA,0,119,0.238
PIM1,0,62,0.124
PIM2,0,87,0.174
PIM3,0,94,0.188
PIN1,0,46,0.092
PIN1P1,0,54,0.108
PIN4,0,78,0.156
PINK1,0,94,0.188
PINLYP,0,92,0.184
PIGY,0,35,0.07
PIGX,0,78,0.156
PIGW,0,48,0.096
PIGV,0,44,0.088
PIAS2,0,46,0.092
PIAS3,0,100,0.2
PIAS4,0,103,0.206
PIBF1,0,7,0.014
PICALM,0,45,0.09
PICK1,0,93,0.186
PID1,0,143,0.286
PIDD1,0,24,0.048
PIEZO1,0,142,0.284
PIEZO2,0,25,0.05
PIF1,0,26,0.052
PIFO,0,112,0.224
PIGA,0,6,0.012
PIGB,0,21,0.042
PIGC,0,58,0.116
PIGF,0,65,0.13
PIGG,0,61,0.122
PIGH,0,111,0.222
PIGK,0,7,0.014
PIGL,0,64,0.128
PIGM,0,56,0.112
PIGN,0,52,0.104
PIGO,0,64,0.128
PIGP,0,59,0.118
PIGQ,0,64,0.128
PIGR,0,29,0.058
PIGS,0,39,0.078
PIGT,0,39,0.078
PIGU,0,78,0.156
PLEKHH2,0,60,0.12
PLEKHH3,0,28,0.056
PLEKHM1,0,55,0.11
POR,0,92,0.184
POMK,0,141,0.282
POMP,0,55,0.11
POMT1,0,106,0.212
POMT2,0,64,0.128
POMZP3,0,80,0.16
PON1,0,44,0.088
PON2,0,84,0.168
PON3,0,43,0.086
POP1,0,73,0.146
POP4,0,18,0.036
POP5,0,23,0.046
POP7,0,86,0.172
POPDC2,0,47,0.094
POPDC3,0,70,0.14
POSTN,0,54,0.108
POU5F1B,0,44,0.088
POT1,0,7,0.014
POTEKP,0,94,0.188
POTEM,0,98,0.196
POU1F1,0,71,0.142
POU2F1,0,30,0.06
POU2F2,0,76,0.152
POU2F3,0,25,0.05
POU3F1,0,112,0.224
POU3F2,0,35,0.07
POU3F3,0,55,0.11
PTGER1,0,97,0.194
POU4F1,0,74,0.148
POU4F2,0,44,0.088
POU4F3,0,179,0.358
POMGNT2,0,219,0.438
POMGNT1,0,85,0.17
POMC,0,99,0.198
POM121L9P,0,19,0.038
POLR1D,0,74,0.148
POLR1E,0,19,0.038
POLR2A,0,67,0.134
POLR2C,0,22,0.044
POLR2D,0,39,0.078
POLR2E,0,60,0.12
POLR2F,0,53,0.106
POLR2G,0,48,0.096
POLR2H,0,45,0.09
POLR2I,0,92,0.184
POLR2J,0,142,0.284
POLR2K,0,45,0.09
POLR2L,0,118,0.236
POLR3A,0,29,0.058
POLR3B,0,38,0.076
POLR3C,0,17,0.034
POLR3D,0,105,0.21
POLR3E,0,152,0.304
POLR3F,0,15,0.03
POLR3G,0,123,0.246
POLR3GL,0,31,0.062
POLR3H,0,126,0.252
POLR3K,0,74,0.148
POLRMT,0,153,0.306
POM121C,0,52,0.104
POM121L10P,0,43,0.086
POM121L12,0,32,0.064
POM121L2,0,93,0.186
POM121L8P,0,30,0.06
POU5F1,0,79,0.158
POU5F1P3,0,175,0.35
POLR1B,0,29,0.058
PPIEL,0,87,0.174
PPFIA1,0,17,0.034
PPFIA2,0,74,0.148
PPFIA3,0,59,0.118
PPFIA4,0,63,0.126
PPFIBP1,0,80,0.16
PPFIBP2,0,132,0.264
PPHLN1,0,5,0.01
PPIA,0,42,0.084
PPIAL4B,0,144,0.288
PPIAP21,0,122,0.244
PPIB,0,104,0.208
PPIC,0,9,0.018
PPID,0,15,0.03
PPIE,0,57,0.114
PPIF,0,51,0.102
POU5F1P4,0,73,0.146
PPIH,0,23,0.046
PPIL1,0,126,0.252
PPIL2,0,59,0.118
PPIL3,0,27,0.054
PPIL4,0,15,0.03
PPIL6,0,78,0.156
PPIP5K1,0,126,0.252
PPIP5K2,0,22,0.044
PPL,0,122,0.244
PPM1A,0,38,0.076
PPM1D,0,9,0.018
PPM1E,0,40,0.08
PPM1F,0,125,0.25
PPM1G,0,32,0.064
PPEF2,0,85,0.17
PPEF1,0,69,0.138
PPDPF,0,130,0.26
PPCS,0,31,0.062
POU5F2,0,114,0.228
POU6F1,0,69,0.138
POU6F2,0,64,0.128
PP12613,0,88,0.176
PP12719,0,62,0.124
PP13,0,163,0.326
PP13439,0,169,0.338
PP14571,0,35,0.07
PP2672,0,103,0.206
PP2D1,0,143,0.286
PP7080,0,96,0.192
PPA1,0,44,0.088
PPA2,0,5,0.01
PPAP2A,0,48,0.096
PPAP2B,0,80,0.16
PPAP2C,0,66,0.132
PPAPDC1A,0,60,0.12
PPAPDC1B,0,77,0.154
PPAPDC2,0,42,0.084
PPAPDC3,0,69,0.138
PPARA,0,51,0.102
PPARD,0,28,0.056
PPARG,0,62,0.124
PPARGC1A,0,40,0.08
PPARGC1B,0,103,0.206
PPAT,0,83,0.166
PPBP,0,152,0.304
PPBPP2,0,133,0.266
PPCDC,0,113,0.226
POLR1C,0,26,0.052
POLR1A,0,52,0.104
PLEKHM2,0,85,0.17
PMAIP1,0,113,0.226
PLVAP,0,139,0.278
PLXDC1,0,99,0.198
PLXDC2,0,53,0.106
PLXNA1,0,76,0.152
PLXNA2,0,65,0.13
PLXNA3,0,115,0.23
PLXNA4,0,98,0.196
PLXNB1,0,8,0.016
PLXNB2,0,129,0.258
PLXNB3,0,51,0.102
PLXNC1,0,47,0.094
PLXND1,0,184,0.368
PM20D1,0,37,0.074
PM20D2,0,23,0.046
PMCH,0,167,0.334
PMS2P1,0,33,0.066
PMCHL1,0,132,0.264
PMEL,0,46,0.092
PMEPA1,0,142,0.284
PMF1,0,78,0.156
PMFBP1,0,73,0.146
PML,0,105,0.21
PMM1,0,77,0.154
PMM2,0,18,0.036
PMP2,0,74,0.148
PMP22,0,67,0.134
PMPCA,0,35,0.07
PMPCB,0,6,0.012
PMS1,0,14,0.028
PMS2,0,29,0.058
PLTP,0,82,0.164
PLSCR4,0,176,0.352
PLSCR3,0,84,0.168
PLSCR2,0,114,0.228
PLEKHM3,0,28,0.056
PLEKHN1,0,83,0.166
PLEKHO1,0,34,0.068
PLEKHO2,0,61,0.122
PLEKHS1,0,44,0.088
PLG,0,101,0.202
PLGLB1,0,85,0.17
PLGLB2,0,106,0.212
PLGRKT,0,33,0.066
PLIN1,0,52,0.104
PLIN2,0,54,0.108
PLIN3,0,86,0.172
PLIN4,0,81,0.162
PLK1,0,163,0.326
PLK2,0,124,0.248
PLK3,0,148,0.296
PLK4,0,129,0.258
PLK5,0,64,0.128
PLLP,0,46,0.092
PLN,0,146,0.292
PLOD1,0,81,0.162
PLOD2,0,126,0.252
PLOD3,0,53,0.106
PLP1,0,28,0.056
PLP2,0,134,0.268
PLRG1,0,29,0.058
PLS1,0,124,0.248
PLS3,0,72,0.144
PLSCR1,0,135,0.27
PMS2L2,0,82,0.164
PMS2P3,0,77,0.154
POLQ,0,104,0.208
POLD3,0,42,0.084
PODNL1,0,117,0.234
PODXL,0,134,0.268
PODXL2,0,87,0.174
POF1B,0,122,0.244
POFUT1,0,116,0.232
POFUT2,0,117,0.234
POGK,0,10,0.02
POGLUT1,0,1,0.002
POGZ,0,24,0.048
POLA1,0,42,0.084
POLA2,0,55,0.11
POLB,0,16,0.032
POLD1,0,63,0.126
POLD2,0,79,0.158
POLD4,0,99,0.198
PMS2P4,0,61,0.122
POLDIP2,0,70,0.14
POLDIP3,0,19,0.038
POLE,0,125,0.25
POLE2,0,90,0.18
POLE3,0,85,0.17
POLE4,0,20,0.04
POLG,0,30,0.06
POLG2,0,10,0.02
POLH,0,27,0.054
POLI,0,55,0.11
POLK,0,13,0.026
POLL,0,127,0.254
POLM,0,77,0.154
POLN,0,140,0.28
PODN,0,97,0.194
POC5,0,12,0.024
POC1B,0,74,0.148
POC1A,0,30,0.06
PMS2P5,0,50,0.1
PMVK,0,72,0.144
PNCK,0,57,0.114
PNKD,0,156,0.312
PNKP,0,89,0.178
PNLDC1,0,64,0.128
PNLIP,0,126,0.252
PNLIPRP1,0,44,0.088
PNLIPRP2,0,124,0.248
PNLIPRP3,0,168,0.336
PNMA1,0,107,0.214
PNMA2,0,27,0.054
PNMA3,0,86,0.172
PNMA6A,0,240,0.48
PNMAL1,0,50,0.1
PNMT,0,152,0.304
PNO1,0,69,0.138
PNP,0,76,0.152
PNPLA1,0,96,0.192
PNPLA2,0,76,0.152
PNPLA3,0,98,0.196
PNPLA4,0,111,0.222
PNPLA5,0,109,0.218
PNPLA6,0,78,0.156
PNPLA7,0,61,0.122
PNPLA8,0,15,0.03
PNPO,0,55,0.11
PNPT1,0,27,0.054
PNRC1,0,65,0.13
PTGDS,0,97,0.194
PUM2,0,13,0.026
PTGER2,0,80,0.16
RNMTL1,0,54,0.108
RNF4,0,54,0.108
RNF40,0,56,0.112
RNF41,0,18,0.036
RNF43,0,79,0.158
RNF44,0,49,0.098
RNF5,0,120,0.24
RNF7,0,6,0.012
RNF8,0,28,0.056
RNFT1,0,43,0.086
RNFT2,0,66,0.132
RNGTT,0,40,0.08
RNH1,0,83,0.166
RNLS,0,144,0.288
RNMT,0,19,0.038
RNPC3,0,29,0.058
RNF38,0,23,0.046
RNPEP,0,84,0.168
RNPEPL1,0,125,0.25
RNPS1,0,78,0.156
ROBO1,0,130,0.26
ROBO2,0,70,0.14
ROBO3,0,92,0.184
ROBO4,0,94,0.188
ROCK2,0,33,0.066
ROGDI,0,70,0.14
ROM1,0,70,0.14
ROMO1,0,83,0.166
ROPN1B,0,85,0.17
ROPN1L,0,144,0.288
ROR1,0,45,0.09
RNF39,0,132,0.264
RNF34,0,6,0.012
RGS9BP,0,131,0.262
RNF2,0,75,0.15
RNF168,0,29,0.058
RNF169,0,28,0.056
RNF17,0,112,0.224
RNF170,0,22,0.044
RNF175,0,131,0.262
RNF180,0,128,0.256
RNF181,0,80,0.16
RNF182,0,197,0.394
RNF183,0,67,0.134
RNF185,0,29,0.058
RNF186,0,34,0.068
RNF187,0,80,0.16
RNF19A,0,19,0.038
RNF19B,0,65,0.13
RNF20,0,22,0.044
RNF32,0,40,0.08
RNF207,0,30,0.06
RNF208,0,9,0.018
RNF212,0,82,0.164
RNF213,0,74,0.148
RNF214,0,116,0.232
RNF215,0,90,0.18
RNF216,0,49,0.098
RNF217,0,92,0.184
RNF219,0,8,0.016
RNF220,0,33,0.066
RNF24,0,55,0.11
RNF25,0,55,0.11
RNF26,0,88,0.176
RNF31,0,161,0.322
ROR2,0,64,0.128
RORA,0,82,0.164
RORB,0,38,0.076
RPL29,0,41,0.082
RPL18,0,78,0.156
RPL18A,0,61,0.122
RPL19,0,89,0.178
RPL21,0,47,0.094
RPL22,0,70,0.14
RPL22L1,0,41,0.082
RPL23,0,64,0.128
RPL23A,0,112,0.224
RPL23AP32,0,80,0.16
RPL23AP53,0,76,0.152
RPL24,0,36,0.072
RPL26L1,0,121,0.242
RPL27,0,57,0.114
RPL27A,0,65,0.13
RPL3,0,30,0.06
RORC,0,38,0.076
RPL30,0,35,0.07
RPL31,0,76,0.152
RPL32,0,90,0.18
RPL32P3,0,105,0.21
RPL34,0,55,0.11
RPL35,0,43,0.086
RPL35A,0,43,0.086
RPL36,0,52,0.104
RPL36AL,0,108,0.216
RPL37,0,77,0.154
RPL37A,0,60,0.12
RPL38,0,40,0.08
RPL39,0,57,0.114
RPL39L,0,121,0.242
RPL15,0,32,0.064
RPL14,0,46,0.092
RPL13AP17,0,79,0.158
RPL13A,0,45,0.09
ROS1,0,28,0.056
RP1,0,54,0.108
RP1L1,0,34,0.068
RP2,0,27,0.054
RP9,0,18,0.036
RP9P,0,114,0.228
RPA1,0,52,0.104
RPA2,0,11,0.022
RPA3,0,85,0.17
RPA4,0,154,0.308
RPAIN,0,15,0.03
RPAP1,0,50,0.1
RPAP2,0,4,0.008
RPAP3,0,12,0.024
RPE,0,20,0.04
RPE65,0,146,0.292
RPF1,0,12,0.024
RPF2,0,33,0.066
RPGR,0,65,0.13
RPGRIP1,0,164,0.328
RPGRIP1L,0,129,0.258
RPH3AL,0,67,0.134
RPIA,0,92,0.184
RPL10,0,51,0.102
RPL10A,0,35,0.07
RPL10L,0,99,0.198
RPL11,0,46,0.092
RPL12,0,25,0.05
RPL13,0,66,0.132
RNF167,0,84,0.168
RNF166,0,63,0.126
RNF165,0,86,0.172
RIMKLB,0,81,0.162
RHOXF1,0,114,0.228
RHPN1,0,133,0.266
RHPN2,0,138,0.276
RIBC1,0,33,0.066
RIBC2,0,82,0.164
RIC3,0,165,0.33
RIC8B,0,37,0.074
RICTOR,0,34,0.068
RIIAD1,0,25,0.05
RILP,0,123,0.246
RILPL1,0,201,0.402
RILPL2,0,93,0.186
RIMBP2,0,85,0.17
RIMKLA,0,71,0.142
RIMS1,0,22,0.044
RIPPLY1,0,64,0.128
RIMS2,0,54,0.108
RIMS3,0,46,0.092
RIMS4,0,76,0.152
RIN1,0,16,0.032
RIN2,0,190,0.38
RIN3,0,73,0.146
RING1,0,57,0.114
RINT1,0,11,0.022
RIOK1,0,32,0.064
RIOK2,0,34,0.068
RIOK3,0,97,0.194
RIPK1,0,7,0.014
RIPK2,0,63,0.126
RIPK3,0,51,0.102
RHOV,0,76,0.152
RHOU,0,90,0.18
RHOT2,0,118,0.236
RHOT1,0,21,0.042
RHAG,0,78,0.156
RHBDD1,0,64,0.128
RHBDD2,0,31,0.062
RHBDD3,0,60,0.12
RHBDF1,0,70,0.14
RHBDF2,0,64,0.128
RHBDL1,0,40,0.08
RHBDL2,0,73,0.146
RHBDL3,0,53,0.106
RHBG,0,84,0.168
RHCE,0,95,0.19
RHCG,0,98,0.196
RHD,0,192,0.384
RHEB,0,18,0.036
RHEBL1,0,69,0.138
RHNO1,0,93,0.186
RHO,0,32,0.064
RHOA,0,40,0.08
RHOB,0,69,0.138
RHOBTB1,0,93,0.186
RHOBTB2,0,124,0.248
RHOBTB3,0,59,0.118
RHOC,0,56,0.112
RHOD,0,54,0.108
RHOF,0,67,0.134
RHOG,0,65,0.13
RHOH,0,40,0.08
RHOJ,0,23,0.046
RHOQ,0,68,0.136
RIPK4,0,70,0.14
RIPPLY2,0,98,0.196
RNF157,0,132,0.264
RNF13,0,69,0.138
RNF103,0,35,0.07
RNF11,0,64,0.128
RNF111,0,30,0.06
RNF112,0,73,0.146
RNF113A,0,75,0.15
RNF114,0,6,0.012
RNF115,0,17,0.034
RNF121,0,69,0.138
RNF122,0,38,0.076
RNF123,0,69,0.138
RNF125,0,38,0.076
RNF126,0,52,0.104
RNF126P1,0,83,0.166
RNF128,0,78,0.156
RNF130,0,46,0.092
RIPPLY3,0,18,0.036
RNF133,0,129,0.258
RNF135,0,78,0.156
RNF138,0,4,0.008
RNF139,0,19,0.038
RNF14,0,70,0.14
RNF141,0,28,0.056
RNF144A,0,46,0.092
RNF144B,0,46,0.092
RNF146,0,13,0.026
RNF148,0,98,0.196
RNF149,0,69,0.138
RNF150,0,125,0.25
RNF151,0,60,0.12
RNF152,0,93,0.186
RNF10,0,165,0.33
RND3,0,74,0.148
RND2,0,25,0.05
RND1,0,126,0.252
RIT2,0,48,0.096
RITA1,0,88,0.176
RLBP1,0,113,0.226
RLIM,0,10,0.02
RLN1,0,148,0.296
RLN2,0,132,0.264
RLN3,0,37,0.074
RLTPR,0,91,0.182
RMDN1,0,8,0.016
RMDN2,0,90,0.18
RMDN3,0,84,0.168
RMI1,0,10,0.02
RMI2,0,61,0.122
RMND1,0,4,0.008
RMND5A,0,30,0.06
RMND5B,0,110,0.22
RN7SKP150,0,81,0.162
RNASE1,0,44,0.088
RNASE11,0,94,0.188
RNASE2,0,125,0.25
RNASE3,0,189,0.378
RNASE6,0,87,0.174
RNASE7,0,38,0.076
RNASEH1,0,40,0.08
RNASEH2A,0,211,0.422
RNASEH2B,0,9,0.018
RNASEH2C,0,134,0.268
RNASEL,0,26,0.052
RNASET2,0,69,0.138
RPL3L,0,98,0.196
RPL4,0,138,0.276
RPL41,0,63,0.126
S100A5,0,37,0.074
RYK,0,51,0.102
RYR1,0,50,0.1
RYR2,0,53,0.106
RYR3,0,39,0.078
S100A1,0,82,0.164
S100A10,0,63,0.126
S100A11,0,65,0.13
S100A12,0,85,0.17
S100A13,0,62,0.124
S100A14,0,12,0.024
S100A16,0,70,0.14
S100A2,0,47,0.094
S100A3,0,115,0.23
S100A4,0,49,0.098
S100A7,0,153,0.306
SAC3D1,0,94,0.188
S100A7A,0,51,0.102
S100A8,0,120,0.24
S100A9,0,144,0.288
S100B,0,196,0.392
S100G,0,113,0.226
S100P,0,208,0.416
S100PBP,0,9,0.018
S100Z,0,202,0.404
S1PR1,0,44,0.088
S1PR2,0,93,0.186
S1PR4,0,107,0.214
S1PR5,0,95,0.19
SAA1,0,17,0.034
SAA3P,0,56,0.112
RYBP,0,62,0.124
RXRG,0,81,0.162
RXRB,0,43,0.086
RXRA,0,75,0.15
RTN4R,0,63,0.126
RTN4RL1,0,73,0.146
RTN4RL2,0,116,0.232
RTP1,0,29,0.058
RTP3,0,47,0.094
RTP4,0,85,0.17
RTP5,0,75,0.15
RTTN,0,33,0.066
RUFY1,0,46,0.092
RUFY2,0,43,0.086
RUFY3,0,33,0.066
RUNDC1,0,8,0.016
RUNDC3A,0,94,0.188
RUNDC3B,0,132,0.264
RUNX1T1,0,107,0.214
RUNX2,0,88,0.176
RUNX3,0,93,0.186
RUSC1,0,20,0.04
RUSC2,0,50,0.1
RUVBL1,0,17,0.034
RUVBL2,0,114,0.228
RWDD1,0,80,0.16
RWDD2A,0,89,0.178
RWDD2B,0,115,0.23
RWDD3,0,23,0.046
RWDD4,0,63,0.126
RXFP1,0,133,0.266
RXFP2,0,74,0.148
RXFP3,0,98,0.196
SAAL1,0,13,0.026
SACS,0,25,0.05
RTN4,0,31,0.062
SAYSD1,0,99,0.198
SARDH,0,76,0.152
SARM1,0,91,0.182
SARNP,0,33,0.066
SARS,0,17,0.034
SARS2,0,53,0.106
SART1,0,96,0.192
SASH1,0,107,0.214
SASH3,0,37,0.074
SASS6,0,96,0.192
SAT1,0,64,0.128
SAT2,0,57,0.114
SATB1,0,40,0.08
SATB2,0,35,0.07
SAV1,0,47,0.094
SBDS,0,36,0.072
SAE1,0,48,0.096
SBF1,0,76,0.152
SBF2,0,28,0.056
SBK1,0,76,0.152
SBNO1,0,7,0.014
SBNO2,0,131,0.262
SBSN,0,53,0.106
SBSPON,0,93,0.186
SC5D,0,5,0.01
SCAF1,0,131,0.262
SCAF11,0,24,0.048
SCAF4,0,28,0.056
SCAF8,0,26,0.052
SCAI,0,15,0.03
SCAMP1,0,77,0.154
SAR1B,0,0,0.0
SAR1A,0,65,0.13
SAPCD2,0,99,0.198
SAP30L,0,2,0.004
SAFB,0,32,0.064
SAFB2,0,40,0.08
SAG,0,43,0.086
SAGE1,0,148,0.296
SALL1,0,75,0.15
SALL2,0,72,0.144
SALL3,0,141,0.282
SALL4,0,141,0.282
SAMD1,0,118,0.236
SAMD10,0,60,0.12
SAMD11,0,65,0.13
SAMD12,0,126,0.252
SAMD13,0,76,0.152
SAMD14,0,72,0.144
SAMD15,0,100,0.2
SAMD3,0,90,0.18
SAMD4A,0,96,0.192
SAMD4B,0,41,0.082
SAMD5,0,89,0.178
SAMD8,0,27,0.054
SAMD9,0,54,0.108
SAMD9L,0,80,0.16
SAMHD1,0,83,0.166
SAMM50,0,32,0.064
SAMSN1,0,27,0.054
SAP130,0,38,0.076
SAP18,0,22,0.044
SAP30,0,165,0.33
SAP30BP,0,9,0.018
RTN4IP1,0,49,0.098
RTN3,0,148,0.296
RPL5,0,54,0.108
RPS2P45,0,31,0.062
RPS18,0,76,0.152
RPS19,0,60,0.12
RPS19BP1,0,45,0.09
RPS2,0,63,0.126
RPS20,0,41,0.082
RPS21,0,53,0.106
RPS23,0,93,0.186
RPS24,0,36,0.072
RPS25,0,58,0.116
RPS27,0,37,0.074
RPS27A,0,65,0.13
RPS27L,0,36,0.072
RPS28,0,53,0.106
RPS29,0,41,0.082
RPS3,0,37,0.074
RPS8,0,46,0.092
RPS3A,0,49,0.098
RPS4X,0,107,0.214
RPS4Y1,0,77,0.154
RPS5,0,43,0.086
RPS6,0,92,0.184
RPS6KA1,0,73,0.146
RPS6KA2,0,115,0.23
RPS6KA4,0,110,0.22
RPS6KA5,0,42,0.084
RPS6KA6,0,111,0.222
RPS6KB1,0,5,0.01
RPS6KB2,0,99,0.198
RPS6KC1,0,3,0.006
RPS6KL1,0,85,0.17
RPS17P5,0,63,0.126
RPS17,0,26,0.052
RPS16,0,37,0.074
RPS15A,0,40,0.08
RPL6,0,52,0.104
RPL7,0,36,0.072
RPL7L1,0,31,0.062
RPL8,0,57,0.114
RPL9,0,34,0.068
RPLP0,0,44,0.088
RPLP1,0,58,0.116
RPLP2,0,46,0.092
RPN1,0,29,0.058
RPN2,0,20,0.04
RPP14,0,8,0.016
RPP21,0,63,0.126
RPP25,0,117,0.234
RPP25L,0,162,0.324
RPP30,0,16,0.032
RPP38,0,34,0.068
RPP40,0,92,0.184
RPPH1,0,103,0.206
RPRD1A,0,2,0.004
RPRD1B,0,18,0.036
RPRD2,0,47,0.094
RPRM,0,145,0.29
RPRML,0,102,0.204
RPS10,0,36,0.072
RPS10P7,0,204,0.408
RPS11,0,35,0.07
RPS12,0,73,0.146
RPS14,0,83,0.166
RPS15,0,64,0.128
RPS7,0,39,0.078
RPS9,0,133,0.266
RTN2,0,106,0.212
RSPO3,0,79,0.158
RSAD1,0,87,0.174
RSAD2,0,155,0.31
RSBN1,0,34,0.068
RSBN1L,0,10,0.02
RSG1,0,115,0.23
RSL1D1,0,24,0.048
RSL24D1,0,49,0.098
RSPH1,0,81,0.162
RSPH3,0,89,0.178
RSPH4A,0,108,0.216
RSPH6A,0,77,0.154
RSPH9,0,132,0.264
RSPO1,0,126,0.252
RSPO2,0,105,0.21
RSPO4,0,66,0.132
RPSA,0,44,0.088
RSPRY1,0,8,0.016
RSRC1,0,28,0.056
RSRC2,0,15,0.03
RSU1,0,92,0.184
RTBDN,0,145,0.29
RTCA,0,9,0.018
RTCB,0,19,0.038
RTDR1,0,80,0.16
RTEL1,0,50,0.1
RTF1,0,64,0.128
RTFDC1,0,48,0.096
RTKN,0,78,0.156
RTKN2,0,92,0.184
RTN1,0,117,0.234
RS1,0,153,0.306
RRS1,0,34,0.068
RRP9,0,52,0.104
RRP8,0,59,0.118
RPTN,0,90,0.18
RPTOR,0,49,0.098
RPUSD1,0,134,0.268
RPUSD2,0,42,0.084
RPUSD3,0,74,0.148
RPUSD4,0,36,0.072
RQCD1,0,33,0.066
RRAD,0,115,0.23
RRAGA,0,24,0.048
RRAGB,0,65,0.13
RRAGC,0,21,0.042
RRAGD,0,98,0.196
RRAS,0,64,0.128
RRAS2,0,78,0.156
RRBP1,0,93,0.186
RREB1,0,55,0.11
RRH,0,152,0.304
RRM1,0,45,0.09
RRM2,0,114,0.228
RRM2B,0,26,0.052
RRN3,0,33,0.066
RRN3P1,0,25,0.05
RRNAD1,0,74,0.148
RRP1,0,162,0.324
RRP12,0,131,0.262
RRP15,0,50,0.1
RRP1B,0,23,0.046
RRP36,0,37,0.074
RRP7A,0,83,0.166
RGSL1,0,146,0.292
RGS9,0,92,0.184
PTGER3,0,28,0.056
RAB38,0,94,0.188
RAB26,0,22,0.044
RAB27B,0,163,0.326
RAB28,0,3,0.006
RAB29,0,24,0.048
RAB2A,0,16,0.032
RAB2B,0,98,0.196
RAB30,0,47,0.094
RAB31,0,90,0.18
RAB32,0,85,0.17
RAB33A,0,108,0.216
RAB33B,0,44,0.088
RAB35,0,99,0.198
RAB36,0,31,0.062
RAB37,0,124,0.248
RAB39A,0,56,0.112
RAB24,0,79,0.158
RAB39B,0,38,0.076
RAB3A,0,16,0.032
RAB3B,0,46,0.092
RAB3C,0,75,0.15
RAB3D,0,112,0.224
RAB3GAP1,0,42,0.084
RAB3GAP2,0,52,0.104
RAB3IL1,0,84,0.168
RAB3IP,0,45,0.09
RAB40A,0,42,0.084
RAB40AL,0,77,0.154
RAB40B,0,115,0.23
RAB40C,0,148,0.296
RAB42,0,182,0.364
RAB25,0,100,0.2
RAB23,0,142,0.284
RGS8,0,42,0.084
RAB11B,0,51,0.102
QRICH2,0,64,0.128
QRSL1,0,19,0.038
QSER1,0,43,0.086
QSOX1,0,119,0.238
QSOX2,0,61,0.122
QTRT1,0,118,0.236
QTRTD1,0,10,0.02
R3HCC1,0,129,0.258
R3HDM1,0,12,0.024
R3HDM2,0,54,0.108
R3HDM4,0,139,0.278
R3HDML,0,53,0.106
RAB10,0,18,0.036
RAB11A,0,37,0.074
RAB11FIP1,0,43,0.086
RAB22A,0,7,0.014
RAB11FIP2,0,20,0.04
RAB11FIP3,0,46,0.092
RAB11FIP4,0,48,0.096
RAB11FIP5,0,106,0.212
RAB12,0,31,0.062
RAB13,0,81,0.162
RAB14,0,30,0.06
RAB15,0,104,0.208
RAB17,0,36,0.072
RAB18,0,40,0.08
RAB1A,0,22,0.044
RAB1B,0,80,0.16
RAB20,0,46,0.092
RAB21,0,12,0.024
RAB43,0,91,0.182
RAB4A,0,15,0.03
RAB5A,0,42,0.084
RAG1,0,47,0.094
RAD51AP1,0,145,0.29
RAD51B,0,61,0.122
RAD51C,0,62,0.124
RAD51D,0,91,0.182
RAD52,0,111,0.222
RAD54B,0,78,0.156
RAD54L,0,38,0.076
RAD54L2,0,20,0.04
RAD9A,0,49,0.098
RAD9B,0,155,0.31
RADIL,0,58,0.116
RAE1,0,17,0.034
RAET1E,0,86,0.172
RAF1,0,68,0.136
RAG2,0,65,0.13
RAB5B,0,67,0.134
RAI1,0,55,0.11
RAI14,0,139,0.278
RAI2,0,64,0.128
RALA,0,6,0.012
RALB,0,71,0.142
RALBP1,0,61,0.122
RALGAPA1,0,48,0.096
RALGAPA2,0,35,0.07
RALGAPB,0,4,0.008
RALGDS,0,50,0.1
RALGPS1,0,126,0.252
RALGPS2,0,35,0.07
RALY,0,24,0.048
RALYL,0,76,0.152
RAD51,0,111,0.222
RAD50,0,2,0.004
RAD23B,0,55,0.11
RAD23A,0,127,0.254
RAB5C,0,51,0.102
RAB6A,0,73,0.146
RAB6B,0,102,0.204
RAB7A,0,48,0.096
RAB8A,0,23,0.046
RAB8B,0,27,0.054
RAB9A,0,45,0.09
RAB9B,0,62,0.124
RAB9BP1,0,162,0.324
RABAC1,0,106,0.212
RABEP1,0,9,0.018
RABEP2,0,48,0.096
RABEPK,0,85,0.17
RABGAP1,0,10,0.02
RABGAP1L,0,40,0.08
RABGEF1,0,60,0.12
RABGGTA,0,47,0.094
RABIF,0,89,0.178
RABL3,0,146,0.292
RABL6,0,108,0.216
RAC1,0,47,0.094
RAC2,0,57,0.114
RAC3,0,159,0.318
RACGAP1,0,122,0.244
RACGAP1P,0,135,0.27
RAD1,0,27,0.054
RAD17,0,24,0.048
RAD18,0,57,0.114
RAD21L1,0,116,0.232
QRICH1,0,14,0.028
QRFPR,0,102,0.204
QPRT,0,38,0.076
PTPN5,0,67,0.134
PTPMT1,0,137,0.274
PTPN1,0,49,0.098
PTPN11,0,19,0.038
PTPN12,0,27,0.054
PTPN13,0,115,0.23
PTPN14,0,59,0.118
PTPN18,0,88,0.176
PTPN2,0,4,0.008
PTPN20B,0,68,0.136
PTPN21,0,106,0.212
PTPN22,0,74,0.148
PTPN23,0,84,0.168
PTPN3,0,83,0.166
PTPN4,0,29,0.058
PTPN6,0,57,0.114
PTPRO,0,105,0.21
PTPN7,0,57,0.114
PTPN9,0,52,0.104
PTPRA,0,32,0.064
PTPRB,0,49,0.098
PTPRCAP,0,69,0.138
PTPRD,0,145,0.29
PTPRE,0,36,0.072
PTPRF,0,18,0.036
PTPRG,0,48,0.096
PTPRH,0,86,0.172
PTPRJ,0,55,0.11
PTPRK,0,129,0.258
PTPRM,0,171,0.342
PTPRN,0,22,0.044
PTPLB,0,30,0.06
PTPLAD2,0,39,0.078
PTPLAD1,0,29,0.058
PTPLA,0,75,0.15
PTGER4,0,61,0.122
PTGES,0,74,0.148
PTGES2,0,105,0.21
PTGES3,0,9,0.018
PTGFR,0,130,0.26
PTGFRN,0,51,0.102
PTGIR,0,74,0.148
PTGIS,0,22,0.044
PTGR1,0,85,0.17
PTGR2,0,60,0.12
PTGS1,0,86,0.172
PTGS2,0,95,0.19
PTH,0,101,0.202
PTH1R,0,17,0.034
PTH2,0,12,0.024
PTH2R,0,115,0.23
PTHLH,0,84,0.168
PTK2,0,101,0.202
PTK2B,0,66,0.132
PTK6,0,41,0.082
PTK7,0,49,0.098
PTMA,0,29,0.058
PTMS,0,152,0.304
PTN,0,86,0.172
PTOV1,0,112,0.224
PTP4A1,0,57,0.114
PTP4A2,0,109,0.218
PTP4A3,0,65,0.13
PTPDC1,0,60,0.12
PTPRN2,0,127,0.254
PTPRR,0,111,0.222
QPCTL,0,58,0.116
PYCRL,0,31,0.062
PWP2,0,108,0.216
PWWP2A,0,36,0.072
PWWP2B,0,55,0.11
PXDC1,0,96,0.192
PXDN,0,71,0.142
PXDNL,0,21,0.042
PXK,0,23,0.046
PXMP2,0,66,0.132
PXMP4,0,122,0.244
PXN,0,32,0.064
PXT1,0,120,0.24
PXYLP1,0,74,0.148
PYCARD,0,78,0.156
PYCR1,0,10,0.02
PYDC1,0,134,0.268
PTPRS,0,88,0.176
PYGB,0,68,0.136
PYGL,0,68,0.136
PYGM,0,79,0.158
PYGO1,0,72,0.144
PYGO2,0,96,0.192
PYHIN1,0,107,0.214
PYROXD1,0,39,0.078
PYROXD2,0,80,0.16
PYY,0,90,0.18
PYY2,0,126,0.252
PZP,0,59,0.118
QDPR,0,80,0.16
QKI,0,11,0.022
QPCT,0,117,0.234
PWP1,0,20,0.04
PVRL4,0,58,0.116
PVRL3,0,52,0.104
PVRL2,0,83,0.166
PTPRT,0,55,0.11
PTPRU,0,79,0.158
PTPRZ1,0,94,0.188
PTRF,0,133,0.266
PTRH1,0,109,0.218
PTRH2,0,27,0.054
PTRHD1,0,58,0.116
PTS,0,36,0.072
PTTG1,0,68,0.136
PTTG1IP,0,22,0.044
PTTG2,0,132,0.264
PTTG3P,0,163,0.326
PTX3,0,131,0.262
PUF60,0,71,0.142
PUM1,0,38,0.076
PGRMC1,0,59,0.118
PURA,0,56,0.112
PURB,0,36,0.072
PURG,0,79,0.158
PUS1,0,91,0.182
PUS10,0,22,0.044
PUS3,0,25,0.05
PUS7,0,58,0.116
PUS7L,0,25,0.05
PUSL1,0,37,0.074
PVALB,0,105,0.21
PVR,0,107,0.214
PVRIG,0,95,0.19
PVRL1,0,117,0.234
RAMP1,0,163,0.326
RAMP2,0,69,0.138
RAMP3,0,69,0.138
REG4,0,52,0.104
RECQL,0,1,0.002
RECQL4,0,21,0.042
RECQL5,0,199,0.398
REEP1,0,59,0.118
REEP2,0,23,0.046
REEP3,0,10,0.02
REEP4,0,117,0.234
REEP5,0,12,0.024
REEP6,0,54,0.108
REG1A,0,47,0.094
REG1B,0,59,0.118
REG1P,0,29,0.058
REG3A,0,53,0.106
REG3G,0,84,0.168
REL,0,56,0.112
RERGL,0,85,0.17
RELA,0,21,0.042
RELB,0,121,0.242
RELL1,0,131,0.262
RELL2,0,104,0.208
RELN,0,22,0.044
RELT,0,54,0.108
REM1,0,36,0.072
REM2,0,113,0.226
REN,0,89,0.178
REPIN1,0,38,0.076
REPS1,0,22,0.044
REPS2,0,55,0.11
RER1,0,16,0.032
RERE,0,87,0.174
RECK,0,109,0.218
REC8,0,88,0.176
REC114,0,200,0.4
RDX,0,26,0.052
RC3H2,0,10,0.02
RCAN1,0,77,0.154
RCAN2,0,44,0.088
RCAN3,0,32,0.064
RCBTB1,0,53,0.106
RCBTB2,0,69,0.138
RCC1,0,103,0.206
RCC2,0,33,0.066
RCCD1,0,81,0.162
RCE1,0,126,0.252
RCHY1,0,15,0.03
RCL1,0,75,0.15
RCN1,0,46,0.092
RCN2,0,15,0.03
RCN3,0,120,0.24
RCOR1,0,15,0.03
RCOR2,0,60,0.12
RCOR3,0,26,0.052
RCSD1,0,37,0.074
RCVRN,0,37,0.074
RD3,0,88,0.176
RDH10,0,162,0.324
RDH11,0,13,0.026
RDH12,0,74,0.148
RDH13,0,120,0.24
RDH16,0,57,0.114
RDH5,0,64,0.128
RDH8,0,52,0.104
RDM1,0,85,0.17
RERG,0,51,0.102
REST,0,31,0.062
RBX1,0,25,0.05
RGS10,0,71,0.142
RGAG1,0,52,0.104
RGAG4,0,138,0.276
RGCC,0,77,0.154
RGL1,0,73,0.146
RGL2,0,84,0.168
RGL3,0,83,0.166
RGL4,0,193,0.386
RGMA,0,63,0.126
RGMB,0,141,0.282
RGN,0,110,0.22
RGP1,0,42,0.084
RGPD1,0,131,0.262
RGR,0,10,0.02
RGS1,0,195,0.39
RGS11,0,197,0.394
RET,0,35,0.07
RGS12,0,116,0.232
RGS13,0,152,0.304
RGS14,0,86,0.172
RGS16,0,57,0.114
RGS17,0,51,0.102
RGS19,0,74,0.148
RGS2,0,80,0.16
RGS20,0,86,0.172
RGS22,0,109,0.218
RGS3,0,157,0.314
RGS4,0,59,0.118
RGS5,0,30,0.06
RGS6,0,43,0.086
RGS7BP,0,133,0.266
RFXAP,0,22,0.044
RFXANK,0,64,0.128
RFX7,0,34,0.068
RFX6,0,100,0.2
RETN,0,60,0.12
RETNLB,0,110,0.22
RETSAT,0,49,0.098
REV3L,0,21,0.042
REXO1,0,90,0.18
REXO1L1P,0,48,0.096
REXO2,0,7,0.014
REXO4,0,75,0.15
RFC1,0,5,0.01
RFC2,0,68,0.136
RFC3,0,54,0.108
RFC4,0,58,0.116
RFC5,0,34,0.068
RFESD,0,131,0.262
RFFL,0,68,0.136
RFK,0,48,0.096
RFNG,0,120,0.24
RFPL1,0,175,0.35
RFPL2,0,143,0.286
RFT1,0,66,0.132
RFTN1,0,13,0.026
RFTN2,0,77,0.154
RFWD2,0,30,0.06
RFWD3,0,78,0.156
RFX1,0,117,0.234
RFX2,0,84,0.168
RFX3,0,50,0.1
RFX4,0,42,0.084
RFX5,0,15,0.03
RC3H1,0,23,0.046
RBPMS2,0,76,0.152
RAN,0,15,0.03
RASGRP1,0,20,0.04
RASA1,0,3,0.006
RASA2,0,24,0.048
RASA3,0,43,0.086
RASAL1,0,50,0.1
RASAL2,0,52,0.104
RASAL3,0,79,0.158
RASD1,0,114,0.228
RASD2,0,87,0.174
RASEF,0,174,0.348
RASGEF1A,0,67,0.134
RASGEF1B,0,119,0.238
RASGEF1C,0,58,0.116
RASGRF1,0,33,0.066
RASGRF2,0,97,0.194
RASGRP2,0,45,0.09
RASSF7,0,70,0.14
RASGRP3,0,112,0.224
RASGRP4,0,87,0.174
RASIP1,0,123,0.246
RASL10A,0,59,0.118
RASL10B,0,38,0.076
RASL11A,0,135,0.27
RASL11B,0,80,0.16
RASL12,0,75,0.15
RASSF1,0,77,0.154
RASSF10,0,79,0.158
RASSF2,0,67,0.134
RASSF3,0,73,0.146
RASSF4,0,96,0.192
RASSF5,0,50,0.1
RARS2,0,3,0.006
RARS,0,1,0.002
RARRES3,0,44,0.088
RARRES2,0,125,0.25
RANBP1,0,22,0.044
RANBP10,0,83,0.166
RANBP17,0,157,0.314
RANBP3,0,53,0.106
RANBP3L,0,102,0.204
RANBP9,0,38,0.076
RANGAP1,0,63,0.126
RANGRF,0,50,0.1
RAP1A,0,40,0.08
RAP1B,0,41,0.082
RAP1GAP,0,116,0.232
RAP1GAP2,0,35,0.07
RAP1GDS1,0,18,0.036
RAP2A,0,39,0.078
RAP2B,0,25,0.05
RAP2C,0,9,0.018
RAPGEF1,0,50,0.1
RAPGEF2,0,41,0.082
RAPGEF3,0,87,0.174
RAPGEF4,0,61,0.122
RAPGEF5,0,168,0.336
RAPGEF6,0,13,0.026
RAPGEFL1,0,67,0.134
RAPH1,0,91,0.182
RAPSN,0,44,0.088
RARA,0,59,0.118
RARB,0,53,0.106
RARG,0,146,0.292
RARRES1,0,137,0.274
RASSF6,0,131,0.262
RASSF8,0,45,0.09
RBPMS,0,25,0.05
RBM6,0,48,0.096
RBM28,0,37,0.074
RBM3,0,22,0.044
RBM33,0,45,0.09
RBM34,0,63,0.126
RBM38,0,115,0.23
RBM41,0,4,0.008
RBM42,0,41,0.082
RBM43,0,65,0.13
RBM45,0,53,0.106
RBM46,0,149,0.298
RBM47,0,62,0.124
RBM48,0,26,0.052
RBM4B,0,66,0.132
RBM5,0,14,0.028
RBM7,0,45,0.09
RASSF9,0,112,0.224
RBM8A,0,35,0.07
RBMS1,0,33,0.066
RBMS2,0,75,0.15
RBMS3,0,106,0.212
RBMX2,0,24,0.048
RBMXL2,0,126,0.252
RBP1,0,233,0.466
RBP2,0,54,0.108
RBP3,0,68,0.136
RBP4,0,208,0.416
RBP5,0,91,0.182
RBP7,0,76,0.152
RBPJ,0,96,0.192
RBPJL,0,111,0.222
RBM27,0,19,0.038
RBM26,0,10,0.02
RBM24,0,53,0.106
RBM23,0,66,0.132
RAVER1,0,95,0.19
RAVER2,0,124,0.248
RAX,0,92,0.184
RAX2,0,46,0.092
RB1,0,9,0.018
RBBP4,0,34,0.068
RBBP5,0,37,0.074
RBBP6,0,31,0.062
RBBP7,0,20,0.04
RBBP8,0,67,0.134
RBBP8NL,0,31,0.062
RBBP9,0,68,0.136
RBCK1,0,85,0.17
RBFA,0,67,0.134
RBFOX1,0,29,0.058
RBFOX2,0,93,0.186
RBFOX3,0,66,0.132
RBKS,0,53,0.106
RBL1,0,26,0.052
RBM10,0,40,0.08
RBM11,0,203,0.406
RBM12,0,28,0.056
RBM14,0,14,0.028
RBM15,0,4,0.008
RBM15B,0,109,0.218
RBM17,0,8,0.016
RBM18,0,4,0.008
RBM19,0,47,0.094
RBM22,0,6,0.012
PGRMC2,0,46,0.092
PER2,0,38,0.076
PGR,0,92,0.184
MYH3,0,102,0.204
MYD88,0,51,0.102
MYEF2,0,41,0.082
MYEOV,0,42,0.084
MYEOV2,0,97,0.194
MYF5,0,78,0.156
MYF6,0,58,0.116
MYH1,0,81,0.162
MYH10,0,138,0.276
MYH11,0,68,0.136
MYH13,0,58,0.116
MYH14,0,17,0.034
MYH15,0,47,0.094
MYH16,0,19,0.038
MYH2,0,63,0.126
MYH4,0,131,0.262
MYCNOS,0,74,0.148
MYH6,0,125,0.25
MYH7,0,86,0.172
MYH7B,0,39,0.078
MYH8,0,143,0.286
MYH9,0,100,0.2
MYL1,0,104,0.208
MYL10,0,74,0.148
MYL12A,0,42,0.084
MYL12B,0,47,0.094
MYL2,0,133,0.266
MYL3,0,36,0.072
MYL4,0,159,0.318
MYL5,0,63,0.126
MYL6,0,76,0.152
MYCT1,0,78,0.156
MYCN,0,89,0.178
MYL7,0,106,0.212
MXRA5,0,105,0.21
MUSK,0,26,0.052
MUSTN1,0,71,0.142
MUT,0,24,0.048
MUTYH,0,56,0.112
MVB12A,0,103,0.206
MVB12B,0,116,0.232
MVD,0,87,0.174
MVK,0,140,0.28
MVP,0,81,0.162
MX1,0,172,0.344
MX2,0,118,0.236
MXD1,0,89,0.178
MXD3,0,105,0.21
MXI1,0,146,0.292
MXRA7,0,153,0.306
MYCLP1,0,138,0.276
MXRA8,0,86,0.172
MYADM,0,68,0.136
MYADML2,0,98,0.196
MYB,0,143,0.286
MYBBP1A,0,91,0.182
MYBL1,0,108,0.216
MYBPC1,0,78,0.156
MYBPC2,0,60,0.12
MYBPC3,0,89,0.178
MYBPH,0,26,0.052
MYC,0,39,0.078
MYCBP2,0,63,0.126
MYCBPAP,0,69,0.138
MYCL,0,111,0.222
MYL6B,0,100,0.2
MYL9,0,136,0.272
MURC,0,124,0.248
MZB1,0,205,0.41
MYOM2,0,147,0.294
MYOM3,0,44,0.088
MYOT,0,91,0.182
MYOZ1,0,25,0.05
MYOZ2,0,71,0.142
MYOZ3,0,59,0.118
MYPN,0,57,0.114
MYPOP,0,70,0.14
MYRF,0,100,0.2
MYRFL,0,54,0.108
MYRIP,0,15,0.03
MYSM1,0,19,0.038
MYT1,0,122,0.244
MYT1L,0,80,0.16
MZF1,0,96,0.192
MYOF,0,132,0.264
MZT2A,0,80,0.16
MZT2B,0,116,0.232
N4BP1,0,27,0.054
N4BP2,0,6,0.012
N4BP2L1,0,9,0.018
N4BP2L2,0,29,0.058
N4BP3,0,80,0.16
N6AMT1,0,154,0.308
N6AMT2,0,101,0.202
NAA10,0,117,0.234
NAA11,0,13,0.026
NAA15,0,10,0.02
NAA16,0,4,0.008
NAA20,0,20,0.04
MYOG,0,13,0.026
MYOD1,0,76,0.152
MYLIP,0,72,0.144
MYO1D,0,140,0.28
MYLK,0,130,0.26
MYLK3,0,16,0.032
MYLK4,0,43,0.086
MYLPF,0,115,0.23
MYNN,0,7,0.014
MYO10,0,110,0.22
MYO15A,0,26,0.052
MYO15B,0,87,0.174
MYO16,0,68,0.136
MYO18B,0,26,0.052
MYO19,0,81,0.162
MYO1A,0,85,0.17
MYO1B,0,194,0.388
MYO1C,0,81,0.162
MYO1E,0,103,0.206
MYOCD,0,81,0.162
MYO1F,0,73,0.146
MYO1G,0,24,0.048
MYO1H,0,71,0.142
MYO3A,0,140,0.28
MYO3B,0,63,0.126
MYO5A,0,7,0.014
MYO5B,0,24,0.048
MYO5C,0,108,0.216
MYO6,0,226,0.452
MYO7A,0,28,0.056
MYO7B,0,64,0.128
MYO9A,0,6,0.012
MYO9B,0,53,0.106
MYOC,0,117,0.234
MUS81,0,131,0.262
MUM1L1,0,60,0.12
NFKBIL1,0,74,0.148
MT1G,0,56,0.112
MSRB1,0,174,0.348
MSRB2,0,136,0.272
MSRB3,0,95,0.19
MSS51,0,88,0.176
MST1,0,28,0.056
MST1L,0,12,0.024
MST1R,0,96,0.192
MST4,0,20,0.04
MSTN,0,116,0.232
MSTO1,0,94,0.188
MSX1,0,46,0.092
MSX2,0,92,0.184
MT1E,0,101,0.202
MT1F,0,122,0.244
MT1H,0,89,0.178
MSR1,0,159,0.318
MT1HL1,0,62,0.124
MT1M,0,66,0.132
MT1X,0,79,0.158
MT2A,0,105,0.21
MT3,0,21,0.042
MT4,0,89,0.178
MTA1,0,140,0.28
MTA2,0,79,0.158
MTA3,0,26,0.052
MTAP,0,80,0.16
MTBP,0,31,0.062
MTCH1,0,53,0.106
MTCH2,0,30,0.06
MTCL1,0,155,0.31
MSRA,0,72,0.144
MSN,0,64,0.128
MTERF2,0,50,0.1
MSANTD2,0,39,0.078
MRTO4,0,66,0.132
MRVI1,0,70,0.14
MS4A1,0,67,0.134
MS4A12,0,63,0.126
MS4A14,0,110,0.22
MS4A15,0,75,0.15
MS4A2,0,207,0.414
MS4A3,0,150,0.3
MS4A4A,0,178,0.356
MS4A5,0,61,0.122
MS4A6A,0,61,0.122
MS4A6E,0,77,0.154
MS4A8,0,47,0.094
MSANTD1,0,88,0.176
MSANTD3,0,104,0.208
MSMO1,0,51,0.102
MSANTD4,0,19,0.038
MSC,0,78,0.156
MSH2,0,30,0.06
MSH3,0,44,0.088
MSH4,0,136,0.272
MSH5,0,42,0.084
MSH6,0,14,0.028
MSI1,0,56,0.112
MSI2,0,21,0.042
MSL1,0,39,0.078
MSL2,0,38,0.076
MSL3,0,59,0.118
MSLN,0,114,0.228
MSMB,0,36,0.072
MTDH,0,7,0.014
MTERF3,0,28,0.056
MUM1,0,54,0.108
MUC1,0,68,0.136
MTOR,0,27,0.054
MTR,0,31,0.062
MTRF1,0,17,0.034
MTRF1L,0,33,0.066
MTRR,0,16,0.032
MTSS1,0,83,0.166
MTSS1L,0,67,0.134
MTTP,0,79,0.158
MTURN,0,117,0.234
MTUS1,0,128,0.256
MTUS2,0,130,0.26
MTX1,0,106,0.212
MTX2,0,22,0.044
MTX3,0,23,0.046
MUC12,0,51,0.102
MTNR1B,0,68,0.136
MUC13,0,78,0.156
MUC15,0,79,0.158
MUC16,0,40,0.08
MUC17,0,72,0.144
MUC19,0,48,0.096
MUC2,0,33,0.066
MUC20,0,82,0.164
MUC3A,0,34,0.068
MUC4,0,62,0.124
MUC5B,0,13,0.026
MUC6,0,26,0.052
MUC7,0,36,0.072
MUCL1,0,24,0.048
MUL1,0,153,0.306
MTO1,0,14,0.028
MTNR1A,0,44,0.088
MTERF4,0,60,0.12
MTHFSD,0,71,0.142
MTF1,0,37,0.074
MTFMT,0,21,0.042
MTFP1,0,77,0.154
MTFR1,0,75,0.15
MTFR1L,0,78,0.156
MTFR2,0,57,0.114
MTG1,0,36,0.072
MTG2,0,130,0.26
MTHFD1,0,32,0.064
MTHFD1L,0,182,0.364
MTHFD2,0,30,0.06
MTHFD2L,0,68,0.136
MTHFR,0,103,0.206
MTHFS,0,113,0.226
MTIF2,0,20,0.04
MTMR9LP,0,15,0.03
MTIF3,0,28,0.056
MTL5,0,71,0.142
MTM1,0,21,0.042
MTMR1,0,7,0.014
MTMR10,0,50,0.1
MTMR11,0,134,0.268
MTMR12,0,28,0.056
MTMR14,0,19,0.038
MTMR2,0,28,0.056
MTMR3,0,45,0.09
MTMR4,0,15,0.03
MTMR6,0,28,0.056
MTMR7,0,73,0.146
MTMR9,0,24,0.048
NAA25,0,8,0.016
NAA30,0,18,0.036
NAA35,0,7,0.014
NDUFS6,0,67,0.134
NDUFB3,0,37,0.074
NDUFB4,0,23,0.046
NDUFB5,0,9,0.018
NDUFB6,0,71,0.142
NDUFB7,0,111,0.222
NDUFB8,0,55,0.11
NDUFB9,0,23,0.046
NDUFC1,0,62,0.124
NDUFC2,0,58,0.116
NDUFS1,0,7,0.014
NDUFS2,0,25,0.05
NDUFS3,0,19,0.038
NDUFS4,0,62,0.124
NDUFS5,0,40,0.08
NDUFS7,0,79,0.158
NDUFB11,0,86,0.172
NDUFV1,0,21,0.042
NDUFV2,0,12,0.024
NDUFV3,0,55,0.11
NEB,0,21,0.042
NEBL,0,197,0.394
NECAB1,0,57,0.114
NECAB2,0,14,0.028
NECAB3,0,89,0.178
NECAP1,0,32,0.064
NECAP2,0,44,0.088
NEDD1,0,7,0.014
NEDD4,0,119,0.238
NEDD4L,0,130,0.26
NEDD8,0,44,0.088
NDUFB2,0,32,0.064
NDUFB10,0,64,0.128
NEFH,0,53,0.106
NDUFA2,0,53,0.106
NDP,0,68,0.136
NDRG1,0,58,0.116
NDRG2,0,55,0.11
NDRG3,0,25,0.05
NDRG4,0,73,0.146
NDST1,0,73,0.146
NDST2,0,72,0.144
NDST3,0,90,0.18
NDST4,0,116,0.232
NDUFA1,0,85,0.17
NDUFA10,0,20,0.04
NDUFA11,0,30,0.06
NDUFA12,0,62,0.124
NDUFA13,0,32,0.064
NDUFA3,0,87,0.174
NDUFB1,0,56,0.112
NDUFA4,0,26,0.052
NDUFA4L2,0,72,0.144
NDUFA5,0,35,0.07
NDUFA6,0,19,0.038
NDUFA7,0,90,0.18
NDUFA8,0,60,0.12
NDUFA9,0,29,0.058
NDUFAB1,0,22,0.044
NDUFAF1,0,32,0.064
NDUFAF2,0,108,0.216
NDUFAF3,0,71,0.142
NDUFAF4,0,18,0.036
NDUFAF5,0,31,0.062
NDUFAF7,0,37,0.074
NEDD9,0,38,0.076
NEFL,0,119,0.238
NAA38,0,211,0.422
NFATC3,0,32,0.064
NEUROD4,0,56,0.112
NEUROD6,0,94,0.188
NEUROG1,0,116,0.232
NEUROG2,0,111,0.222
NEUROG3,0,100,0.2
NEXN,0,148,0.296
NF1,0,82,0.164
NF2,0,80,0.16
NFAM1,0,77,0.154
NFASC,0,30,0.06
NFAT5,0,30,0.06
NFATC1,0,69,0.138
NFATC2,0,92,0.184
NFATC2IP,0,33,0.066
NFATC4,0,7,0.014
NEUROD1,0,118,0.236
NFE2,0,119,0.238
NFE2L1,0,17,0.034
NFE2L3,0,116,0.232
NFE4,0,97,0.194
NFIA,0,134,0.268
NFIB,0,52,0.104
NFIC,0,81,0.162
NFIL3,0,74,0.148
NFIX,0,96,0.192
NFKB1,0,33,0.066
NFKB2,0,95,0.19
NFKBIA,0,59,0.118
NFKBIB,0,70,0.14
NFKBID,0,38,0.076
NEUROD2,0,13,0.026
NEURL4,0,148,0.296
NEFM,0,47,0.094
NELFCD,0,24,0.048
NEGR1,0,30,0.06
NEIL2,0,95,0.19
NEIL3,0,71,0.142
NEK1,0,41,0.082
NEK10,0,131,0.262
NEK11,0,179,0.358
NEK2,0,82,0.164
NEK3,0,137,0.274
NEK5,0,76,0.152
NEK6,0,134,0.268
NEK7,0,25,0.05
NEK8,0,69,0.138
NEK9,0,7,0.014
NELFB,0,57,0.114
NELL1,0,91,0.182
NEURL3,0,148,0.296
NELL2,0,60,0.12
NEMF,0,3,0.006
NENF,0,116,0.232
NEO1,0,111,0.222
NES,0,12,0.024
NET1,0,71,0.142
NETO1,0,111,0.222
NETO2,0,107,0.214
NEU1,0,54,0.108
NEU2,0,119,0.238
NEU3,0,91,0.182
NEU4,0,73,0.146
NEURL1,0,55,0.11
NEURL2,0,27,0.054
NDOR1,0,55,0.11
NDNL2,0,28,0.056
NDNF,0,51,0.102
NAPSA,0,100,0.2
NANOS2,0,71,0.142
NANOS3,0,35,0.07
NANP,0,87,0.174
NANS,0,52,0.104
NAP1L1,0,47,0.094
NAP1L2,0,111,0.222
NAP1L3,0,133,0.266
NAP1L4,0,34,0.068
NAP1L5,0,54,0.108
NAPA,0,46,0.092
NAPB,0,26,0.052
NAPEPLD,0,8,0.016
NAPG,0,19,0.038
NAPRT,0,139,0.278
NAPSB,0,183,0.366
NANOG,0,59,0.118
NARF,0,88,0.176
NARFL,0,65,0.13
NARS,0,17,0.034
NARS2,0,21,0.042
NASP,0,12,0.024
NAT1,0,101,0.202
NAT10,0,52,0.104
NAT14,0,82,0.164
NAT16,0,55,0.11
NAT2,0,102,0.204
NAT6,0,72,0.144
NAT8,0,48,0.096
NAT8B,0,55,0.11
NAT8L,0,105,0.21
NANOS1,0,123,0.246
NAMPT,0,90,0.18
NDN,0,267,0.534
NACAP1,0,121,0.242
NAA40,0,83,0.166
NAA50,0,58,0.116
NAA60,0,42,0.084
NAAA,0,156,0.312
NAALAD2,0,101,0.202
NAALADL1,0,98,0.196
NAALADL2,0,115,0.23
NAB1,0,37,0.074
NAB2,0,31,0.062
NABP1,0,37,0.074
NABP2,0,84,0.168
NACA,0,87,0.174
NACA2,0,105,0.21
NACAD,0,72,0.144
NACC1,0,135,0.27
NALCN,0,45,0.09
NACC2,0,105,0.21
NADK,0,47,0.094
NADK2,0,9,0.018
NADSYN1,0,30,0.06
NAE1,0,7,0.014
NAF1,0,71,0.142
NAG18,0,233,0.466
NAGA,0,119,0.238
NAGK,0,83,0.166
NAGLU,0,147,0.294
NAGPA,0,172,0.344
NAGS,0,129,0.258
NAIF1,0,136,0.272
NAIP,0,128,0.256
NAT9,0,113,0.226
NATD1,0,122,0.244
NAV1,0,36,0.072
NCR1,0,127,0.254
NCKAP5,0,107,0.214
NCKAP5L,0,56,0.112
NCKIPSD,0,34,0.068
NCL,0,39,0.078
NCLN,0,75,0.15
NCOA1,0,44,0.088
NCOA2,0,22,0.044
NCOA3,0,23,0.046
NCOA4,0,52,0.104
NCOA5,0,53,0.106
NCOA6,0,115,0.23
NCOA7,0,21,0.042
NCOR1,0,10,0.02
NCOR2,0,69,0.138
NCR2,0,36,0.072
NAV2,0,26,0.052
NCR3,0,62,0.124
NCR3LG1,0,108,0.216
NCRNA00185,0,86,0.172
NCS1,0,40,0.08
NCSTN,0,31,0.062
ND2,0,99,0.198
ND3,0,132,0.264
ND4,0,162,0.324
ND6,0,116,0.232
NDC1,0,25,0.05
NDC80,0,100,0.2
NDE1,0,48,0.096
NDEL1,0,55,0.11
NDFIP2,0,132,0.264
NCKAP1L,0,23,0.046
NCKAP1,0,116,0.232
NCK2,0,49,0.098
NCK1,0,16,0.032
NAV3,0,45,0.09
NBAS,0,17,0.034
NBEA,0,97,0.194
NBEAL1,0,16,0.032
NBEAL2,0,67,0.134
NBL1,0,53,0.106
NBN,0,59,0.118
NBPF10,0,53,0.106
NBPF3,0,78,0.156
NBPF8,0,64,0.128
NBR1,0,14,0.028
NBR2,0,86,0.172
NCALD,0,113,0.226
NCAM1,0,230,0.46
NCAM2,0,46,0.092
NCAN,0,40,0.08
NCAPD2,0,43,0.086
NCAPD3,0,15,0.03
NCAPG,0,152,0.304
NCAPG2,0,78,0.156
NCAPH,0,138,0.276
NCAPH2,0,155,0.31
NCBP1,0,23,0.046
NCBP2,0,5,0.01
NCDN,0,31,0.062
NCEH1,0,60,0.12
NCF1,0,155,0.31
NCF2,0,49,0.098
NCF4,0,132,0.264
MRS2,0,18,0.036
MRRF,0,13,0.026
MRPS9,0,60,0.12
MFN2,0,84,0.168
METTL9,0,89,0.178
MEX3B,0,94,0.188
MEX3C,0,69,0.138
MEX3D,0,120,0.24
MFAP1,0,50,0.1
MFAP2,0,46,0.092
MFAP3,0,6,0.012
MFAP4,0,104,0.208
MFAP5,0,55,0.11
MFF,0,53,0.106
MFGE8,0,97,0.194
MFHAS1,0,77,0.154
MFI2,0,16,0.032
MFN1,0,15,0.03
MFNG,0,43,0.086
METTL7B,0,31,0.062
MFSD10,0,75,0.15
MFSD11,0,65,0.13
MFSD12,0,84,0.168
MFSD2A,0,77,0.154
MFSD3,0,69,0.138
MFSD4,0,11,0.022
MFSD5,0,164,0.328
MFSD6,0,42,0.084
MFSD6L,0,129,0.258
MFSD7,0,19,0.038
MFSD8,0,32,0.064
MFSD9,0,121,0.242
MGA,0,15,0.03
MGAM,0,55,0.11
METTL8,0,100,0.2
METTL7A,0,64,0.128
MGAT1,0,31,0.062
METTL15,0,36,0.072
MESDC2,0,38,0.076
MESP1,0,164,0.328
MESP2,0,43,0.086
MEST,0,95,0.19
MET,0,89,0.178
METAP1,0,22,0.044
METAP1D,0,53,0.106
METAP2,0,3,0.006
METRN,0,124,0.248
METRNL,0,80,0.16
METTL1,0,92,0.184
METTL10,0,37,0.074
METTL13,0,8,0.016
METTL14,0,17,0.034
METTL17,0,43,0.086
METTL6,0,22,0.044
METTL18,0,72,0.144
METTL20,0,100,0.2
METTL21A,0,44,0.088
METTL21B,0,117,0.234
METTL21C,0,22,0.044
METTL21EP,0,162,0.324
METTL22,0,80,0.16
METTL23,0,46,0.092
METTL25,0,20,0.04
METTL2A,0,38,0.076
METTL2B,0,32,0.064
METTL3,0,18,0.036
METTL4,0,8,0.016
METTL5,0,32,0.064
MGARP,0,102,0.204
MGAT2,0,22,0.044
MIPEP,0,24,0.048
MIEF1,0,28,0.056
MICA,0,171,0.342
MICAL1,0,67,0.134
MICAL2,0,151,0.302
MICAL3,0,123,0.246
MICALCL,0,103,0.206
MICALL1,0,62,0.124
MICB,0,105,0.21
MICU1,0,30,0.06
MICU2,0,2,0.004
MICU3,0,98,0.196
MID1,0,133,0.266
MID1IP1,0,86,0.172
MID2,0,107,0.214
MIDN,0,90,0.18
MIEF2,0,72,0.144
MIB1,0,8,0.016
MIEN1,0,28,0.056
MIER1,0,6,0.012
MIER2,0,68,0.136
MIER3,0,20,0.04
MIF,0,38,0.076
MIF4GD,0,92,0.184
MIIP,0,135,0.27
MILR1,0,126,0.252
MINA,0,11,0.022
MINK1,0,90,0.18
MINOS1,0,32,0.064
MINPP1,0,48,0.096
MIOS,0,12,0.024
MIOX,0,101,0.202
MIB2,0,237,0.474
MIA3,0,18,0.036
MGAT3,0,33,0.066
MGC39584,0,53,0.106
MGAT4A,0,32,0.064
MGAT4B,0,54,0.108
MGAT4C,0,40,0.08
MGAT5,0,53,0.106
MGAT5B,0,44,0.088
MGC10814,0,79,0.158
MGC15705,0,150,0.3
MGC16025,0,173,0.346
MGC20647,0,248,0.496
MGC27345,0,124,0.248
MGC32805,0,55,0.11
MGC34796,0,107,0.214
MGC34800,0,38,0.076
MGC39545,0,135,0.27
MGC40069,0,54,0.108
MIA2,0,90,0.18
MGC4294,0,111,0.222
MGC45800,0,68,0.136
MGC45922,0,41,0.082
MGC57346,0,106,0.212
MGC70870,0,126,0.252
MGLL,0,133,0.266
MGME1,0,10,0.02
MGMT,0,94,0.188
MGP,0,68,0.136
MGRN1,0,60,0.12
MGST1,0,66,0.132
MGST2,0,69,0.138
MGST3,0,102,0.204
MIA,0,93,0.186
MESDC1,0,168,0.336
MERTK,0,170,0.34
MEPE,0,54,0.108
MCOLN3,0,18,0.036
MCM10,0,120,0.24
MCM2,0,79,0.158
MCM3,0,26,0.052
MCM3AP,0,47,0.094
MCM4,0,83,0.166
MCM5,0,17,0.034
MCM6,0,48,0.096
MCM7,0,23,0.046
MCM8,0,34,0.068
MCM9,0,1,0.002
MCMBP,0,16,0.032
MCMDC2,0,176,0.352
MCOLN1,0,136,0.272
MCOLN2,0,119,0.238
MCPH1,0,55,0.11
MCHR2,0,92,0.184
MCRS1,0,44,0.088
MCTP1,0,74,0.148
MCTP2,0,43,0.086
MCTS1,0,16,0.032
MCU,0,80,0.16
MCUR1,0,67,0.134
MDC1,0,64,0.128
MDFI,0,71,0.142
MDFIC,0,49,0.098
MDGA1,0,167,0.334
MDGA2,0,37,0.074
MDH1,0,24,0.048
MDH1B,0,52,0.104
MDH2,0,94,0.188
MCL1,0,37,0.074
MCHR1,0,44,0.088
MEPCE,0,41,0.082
MBTPS2,0,81,0.162
MBD6,0,41,0.082
MBIP,0,54,0.108
MBL2,0,82,0.164
MBLAC1,0,85,0.17
MBLAC2,0,95,0.19
MBNL1,0,77,0.154
MBNL2,0,57,0.114
MBNL3,0,107,0.214
MBOAT1,0,46,0.092
MBOAT2,0,36,0.072
MBOAT7,0,51,0.102
MBP,0,75,0.15
MBTD1,0,49,0.098
MBTPS1,0,11,0.022
MC1R,0,45,0.09
MCFD2P1,0,134,0.268
MC2R,0,45,0.09
MC3R,0,92,0.184
MC4R,0,73,0.146
MC5R,0,89,0.178
MCAM,0,25,0.05
MCAT,0,91,0.182
MCC,0,111,0.222
MCCC1,0,10,0.02
MCCC2,0,38,0.076
MCEE,0,15,0.03
MCF2,0,98,0.196
MCF2L,0,102,0.204
MCF2L2,0,86,0.172
MCFD2,0,26,0.052
MDK,0,102,0.204
MDM1,0,37,0.074
MDM2,0,28,0.056
MEGF11,0,44,0.088
MED31,0,91,0.182
MED4,0,14,0.028
MED6,0,16,0.032
MED7,0,27,0.054
MED8,0,33,0.066
MED9,0,69,0.138
MEDAG,0,161,0.322
MEF2A,0,32,0.064
MEF2B,0,78,0.156
MEF2C,0,57,0.114
MEF2D,0,24,0.048
MEFV,0,88,0.176
MEG3,0,112,0.224
MEGF10,0,7,0.014
MEGF6,0,52,0.104
MDM4,0,38,0.076
MEGF8,0,14,0.028
MEGF9,0,83,0.166
MEI1,0,105,0.21
MEIG1,0,190,0.38
MEIS1,0,95,0.19
MEIS2,0,99,0.198
MEIS3,0,74,0.148
MEIS3P1,0,68,0.136
MELK,0,160,0.32
MEN1,0,54,0.108
MEOX1,0,94,0.188
MEOX2,0,58,0.116
MEP1A,0,119,0.238
MEP1B,0,165,0.33
MED30,0,16,0.032
MED29,0,17,0.034
MED28,0,10,0.02
MED27,0,23,0.046
MDN1,0,44,0.088
MDP1,0,52,0.104
MDS2,0,88,0.176
ME1,0,163,0.326
ME2,0,10,0.02
ME3,0,84,0.168
MEA1,0,99,0.198
MEAF6,0,24,0.048
MECOM,0,86,0.172
MECP2,0,53,0.106
MECR,0,132,0.264
MED1,0,40,0.08
MED10,0,26,0.052
MED11,0,25,0.05
MED12,0,45,0.09
MED12L,0,84,0.168
MED13,0,29,0.058
MED13L,0,25,0.05
MED14,0,28,0.056
MED15,0,108,0.216
MED16,0,107,0.214
MED17,0,1,0.002
MED19,0,80,0.16
MED20,0,76,0.152
MED22,0,86,0.172
MED23,0,49,0.098
MED24,0,50,0.1
MED25,0,55,0.11
MED26,0,104,0.208
MIP,0,39,0.078
MIPOL1,0,37,0.074
MRPS7,0,41,0.082
MRGPRX3,0,70,0.14
MPZL2,0,184,0.368
MPZL3,0,103,0.206
MR1,0,19,0.038
MRAP,0,20,0.04
MRAP2,0,59,0.118
MRAS,0,33,0.066
MRC1,0,87,0.174
MRC2,0,39,0.078
MRE11A,0,12,0.024
MREG,0,134,0.268
MRGBP,0,84,0.168
MRGPRF,0,62,0.124
MRGPRX1,0,84,0.168
MRGPRX2,0,142,0.284
MRGPRX4,0,37,0.074
MPZ,0,116,0.232
MRI1,0,77,0.154
MRM1,0,31,0.062
MRO,0,24,0.048
MROH1,0,146,0.292
MROH2A,0,59,0.118
MROH2B,0,34,0.068
MROH6,0,137,0.274
MROH7,0,78,0.156
MROH8,0,60,0.12
MROH9,0,112,0.224
MRPL1,0,13,0.026
MRPL10,0,96,0.192
MRPL11,0,120,0.24
MRPL12,0,83,0.166
MPZL1,0,60,0.12
MPV17L,0,156,0.312
MRPL14,0,63,0.126
MPL,0,58,0.116
MOV10,0,90,0.18
MOV10L1,0,39,0.078
MOXD1,0,109,0.218
MPC1,0,24,0.048
MPC2,0,33,0.066
MPDU1,0,126,0.252
MPDZ,0,27,0.054
MPEG1,0,118,0.236
MPG,0,109,0.218
MPHOSPH10,0,31,0.062
MPHOSPH6,0,64,0.128
MPHOSPH8,0,12,0.024
MPHOSPH9,0,10,0.02
MPI,0,46,0.092
MPLKIP,0,19,0.038
MPV17,0,42,0.084
MPND,0,64,0.128
MPO,0,90,0.18
MPP1,0,116,0.232
MPP2,0,97,0.194
MPP3,0,67,0.134
MPP4,0,165,0.33
MPP5,0,20,0.04
MPP6,0,73,0.146
MPP7,0,18,0.036
MPPE1,0,86,0.172
MPPED1,0,67,0.134
MPPED2,0,69,0.138
MPRIP,0,96,0.192
MPST,0,74,0.148
MRPL13,0,36,0.072
MRPL15,0,37,0.074
MIR10A,0,173,0.346
MRPS18C,0,51,0.102
MRPL52,0,96,0.192
MRPL54,0,53,0.106
MRPL55,0,48,0.096
MRPL57,0,43,0.086
MRPL9,0,29,0.058
MRPS10,0,15,0.03
MRPS11,0,69,0.138
MRPS12,0,137,0.274
MRPS14,0,22,0.044
MRPS15,0,31,0.062
MRPS16,0,25,0.05
MRPS17,0,153,0.306
MRPS18A,0,59,0.118
MRPS18B,0,29,0.058
MRPS2,0,61,0.122
MRPL50,0,26,0.052
MRPS21,0,35,0.07
MRPS22,0,10,0.02
MRPS23,0,23,0.046
MRPS25,0,19,0.038
MRPS26,0,83,0.166
MRPS27,0,15,0.03
MRPS28,0,20,0.04
MRPS30,0,7,0.014
MRPS31,0,4,0.008
MRPS33,0,38,0.076
MRPS34,0,35,0.07
MRPS35,0,13,0.026
MRPS36,0,54,0.108
MRPS5,0,40,0.08
MRPL51,0,77,0.154
MRPL49,0,54,0.108
MRPL16,0,26,0.052
MRPL33,0,55,0.11
MRPL17,0,125,0.25
MRPL18,0,14,0.028
MRPL19,0,14,0.028
MRPL2,0,86,0.172
MRPL20,0,43,0.086
MRPL21,0,87,0.174
MRPL22,0,34,0.068
MRPL23,0,54,0.108
MRPL24,0,41,0.082
MRPL27,0,28,0.056
MRPL28,0,86,0.172
MRPL3,0,9,0.018
MRPL30,0,27,0.054
MRPL32,0,39,0.078
MRPL34,0,70,0.14
MRPL48,0,34,0.068
MRPL35,0,26,0.052
MRPL36,0,65,0.13
MRPL37,0,69,0.138
MRPL38,0,109,0.218
MRPL39,0,45,0.09
MRPL4,0,74,0.148
MRPL40,0,68,0.136
MRPL41,0,86,0.172
MRPL42,0,7,0.014
MRPL43,0,64,0.128
MRPL44,0,27,0.054
MRPL45,0,51,0.102
MRPL46,0,64,0.128
MRPL47,0,37,0.074
MOSPD3,0,98,0.196
MOSPD2,0,46,0.092
MOSPD1,0,57,0.114
MLLT6,0,71,0.142
MLANA,0,32,0.064
MLC1,0,201,0.402
MLEC,0,25,0.05
MLF1,0,61,0.122
MLF2,0,81,0.162
MLH1,0,6,0.012
MLH3,0,60,0.12
MLIP,0,69,0.138
MLKL,0,39,0.078
MLLT1,0,62,0.124
MLLT10,0,23,0.046
MLLT11,0,79,0.158
MLLT3,0,14,0.028
MLLT4,0,107,0.214
MLN,0,95,0.19
MKS1,0,96,0.192
MLNR,0,36,0.072
MLPH,0,15,0.03
MLST8,0,122,0.244
MLX,0,71,0.142
MLXIP,0,45,0.09
MLXIPL,0,59,0.118
MLYCD,0,86,0.172
MMAA,0,48,0.096
MMAB,0,136,0.272
MMACHC,0,56,0.112
MMADHC,0,9,0.018
MMD,0,86,0.172
MMD2,0,21,0.042
MME,0,118,0.236
MKX,0,128,0.256
MKRN4P,0,123,0.246
MOS,0,134,0.268
MIS12,0,19,0.038
MIR137,0,134,0.268
MIR142,0,62,0.124
MIR146A,0,106,0.212
MIR17HG,0,117,0.234
MIR186,0,90,0.18
MIR205,0,47,0.094
MIR21,0,51,0.102
MIR29A,0,106,0.212
MIR29B2,0,78,0.156
MIR302B,0,184,0.368
MIR31HG,0,16,0.032
MIR34A,0,68,0.136
MIRLET7BHG,0,51,0.102
MIRLET7D,0,108,0.216
MIS18A,0,78,0.156
MKRN3,0,210,0.42
MIS18BP1,0,18,0.036
MISP,0,48,0.096
MITD1,0,3,0.006
MITF,0,78,0.156
MIXL1,0,52,0.104
MKI67,0,100,0.2
MKKS,0,18,0.036
MKL1,0,98,0.196
MKL2,0,64,0.128
MKLN1,0,19,0.038
MKNK1,0,60,0.12
MKNK2,0,63,0.126
MKRN1,0,137,0.274
MKRN2,0,52,0.104
MMEL1,0,104,0.208
MMGT1,0,67,0.134
MMP1,0,28,0.056
MOGS,0,56,0.112
MOB2,0,120,0.24
MOB3A,0,77,0.154
MOB3B,0,82,0.164
MOB3C,0,88,0.176
MOB4,0,6,0.012
MOBP,0,26,0.052
MOCOS,0,41,0.082
MOCS1,0,32,0.064
MOCS2,0,24,0.048
MOCS3,0,160,0.32
MOG,0,59,0.118
MOGAT1,0,130,0.26
MOGAT2,0,160,0.32
MOGAT3,0,45,0.09
MOK,0,98,0.196
MMP10,0,60,0.12
MON1A,0,136,0.272
MON1B,0,28,0.056
MON2,0,10,0.02
MORC1,0,129,0.258
MORC2,0,12,0.024
MORC3,0,14,0.028
MORC4,0,15,0.03
MORF4L1,0,16,0.032
MORF4L2,0,12,0.024
MORN1,0,61,0.122
MORN2,0,76,0.152
MORN3,0,68,0.136
MORN4,0,114,0.228
MORN5,0,46,0.092
MOB1B,0,23,0.046
MOB1A,0,40,0.08
MOAP1,0,52,0.104
MNX1,0,114,0.228
MMP11,0,68,0.136
MMP12,0,155,0.31
MMP13,0,76,0.152
MMP14,0,33,0.066
MMP15,0,51,0.102
MMP16,0,45,0.09
MMP17,0,100,0.2
MMP19,0,61,0.122
MMP2,0,36,0.072
MMP20,0,49,0.098
MMP21,0,58,0.116
MMP24,0,66,0.132
MMP25,0,157,0.314
MMP26,0,118,0.236
MMP27,0,30,0.06
MMP28,0,21,0.042
MMP3,0,62,0.124
MMP7,0,81,0.162
MMP8,0,142,0.284
MMP9,0,116,0.232
MMRN1,0,121,0.242
MMRN2,0,46,0.092
MMS19,0,71,0.142
MN1,0,132,0.264
MNAT1,0,153,0.306
MND1,0,175,0.35
MNDA,0,92,0.184
MNS1,0,113,0.226
MNT,0,43,0.086
NFKBIE,0,97,0.194
NFKBIZ,0,26,0.052
PGPEP1,0,87,0.174
PALD1,0,41,0.082
PAGE5,0,63,0.126
PAGR1,0,62,0.124
PAICS,0,54,0.108
PAIP1,0,0,0.0
PAIP2,0,37,0.074
PAIP2B,0,95,0.19
PAK1,0,66,0.132
PAK1IP1,0,27,0.054
PAK2,0,37,0.074
PAK3,0,69,0.138
PAK4,0,90,0.18
PAK6,0,46,0.092
PAK7,0,157,0.314
PALB2,0,30,0.06
PALLD,0,145,0.29
PAGE1,0,48,0.096
PALM,0,66,0.132
PALM3,0,42,0.084
PALMD,0,16,0.032
PAM,0,129,0.258
PAMR1,0,42,0.084
PAN2,0,21,0.042
PAN3,0,30,0.06
PANK1,0,76,0.152
PANK2,0,16,0.032
PANK3,0,13,0.026
PANK4,0,36,0.072
PANX1,0,78,0.156
PANX2,0,57,0.114
PANX3,0,158,0.316
PAGE4,0,151,0.302
PAG1,0,27,0.054
PAPD4,0,45,0.09
PABPN1,0,45,0.09
P2RY4,0,37,0.074
P2RY6,0,45,0.09
P2RY8,0,68,0.136
P4HA1,0,6,0.012
P4HA3,0,20,0.04
P4HB,0,35,0.07
P4HTM,0,129,0.258
PA2G4,0,79,0.158
PAAF1,0,56,0.112
PABPC1,0,59,0.118
PABPC1L,0,68,0.136
PABPC1L2A,0,47,0.094
PABPC3,0,23,0.046
PABPC5,0,75,0.15
PACRG,0,82,0.164
PAFAH2,0,93,0.186
PACRGL,0,18,0.036
PACS1,0,60,0.12
PACS2,0,41,0.082
PACSIN1,0,108,0.216
PACSIN2,0,54,0.108
PACSIN3,0,34,0.068
PADI1,0,23,0.046
PADI2,0,121,0.242
PADI3,0,159,0.318
PADI4,0,118,0.236
PAEP,0,58,0.116
PAF1,0,27,0.054
PAFAH1B1,0,7,0.014
PAFAH1B2,0,69,0.138
PAOX,0,35,0.07
PAPD5,0,8,0.016
P2RY14,0,92,0.184
PATL2,0,92,0.184
PARP6,0,40,0.08
PARP8,0,52,0.104
PARP9,0,72,0.144
PARPBP,0,118,0.236
PARS2,0,75,0.15
PART1,0,60,0.12
PARVA,0,64,0.128
PARVB,0,175,0.35
PARVG,0,42,0.084
PASD1,0,132,0.264
PASK,0,120,0.24
PATE1,0,96,0.192
PATE2,0,48,0.096
PATL1,0,35,0.07
PATZ1,0,95,0.19
PARP3,0,67,0.134
PAWR,0,71,0.142
PAX1,0,32,0.064
PAX2,0,46,0.092
PAX3,0,28,0.056
PAX4,0,29,0.058
PAX5,0,131,0.262
PAX6,0,161,0.322
PAX7,0,125,0.25
PAX8,0,30,0.06
PAX9,0,56,0.112
PAXBP1,0,35,0.07
PAXIP1,0,28,0.056
PBDC1,0,36,0.072
PBK,0,147,0.294
PARP4,0,22,0.044
PARP2,0,71,0.142
PAPD7,0,21,0.042
PARD3,0,127,0.254
PAPLN,0,50,0.1
PAPOLA,0,17,0.034
PAPOLB,0,57,0.114
PAPOLG,0,6,0.012
PAPPA,0,69,0.138
PAPPA2,0,25,0.05
PAPSS2,0,115,0.23
PAQR3,0,85,0.17
PAQR4,0,95,0.19
PAQR5,0,18,0.036
PAQR6,0,36,0.072
PAQR7,0,103,0.206
PAQR8,0,119,0.238
PAQR9,0,76,0.152
PARD3B,0,71,0.142
PARP16,0,54,0.108
PARD6A,0,110,0.22
PARD6B,0,122,0.244
PARD6G,0,74,0.148
PARG,0,35,0.07
PARK2,0,91,0.182
PARK7,0,68,0.136
PARL,0,9,0.018
PARM1,0,117,0.234
PARN,0,14,0.028
PARP10,0,87,0.174
PARP11,0,26,0.052
PARP12,0,91,0.182
PARP14,0,103,0.206
PARP15,0,106,0.212
P2RY2,0,117,0.234
P2RY13,0,97,0.194
NFRKB,0,28,0.056
ORAI2,0,92,0.184
OR7A17,0,47,0.094
OR7A5,0,9,0.018
OR7C1,0,21,0.042
OR7C2,0,50,0.1
OR7D2,0,208,0.416
OR7E14P,0,50,0.1
OR7E19P,0,41,0.082
OR7E24,0,91,0.182
OR7E37P,0,88,0.176
OR8B8,0,35,0.07
OR8D1,0,34,0.068
OR8D2,0,83,0.166
OR8G2,0,135,0.27
ORAI1,0,201,0.402
ORAI3,0,94,0.188
OR6W1P,0,109,0.218
ORAOV1,0,89,0.178
ORC1,0,80,0.16
ORC2,0,6,0.012
ORC3,0,15,0.03
ORC4,0,5,0.01
ORC5,0,33,0.066
ORC6,0,83,0.166
ORM1,0,136,0.272
ORMDL1,0,15,0.03
ORMDL2,0,37,0.074
ORMDL3,0,77,0.154
OS9,0,47,0.094
OSBP,0,28,0.056
OSBP2,0,112,0.224
OR7A10,0,180,0.36
OR6B1,0,25,0.05
OSBPL11,0,22,0.044
OR51I2,0,103,0.206
OR2S2,0,53,0.106
OR2W1,0,94,0.188
OR3A1,0,70,0.14
OR3A3,0,104,0.208
OR4D1,0,37,0.074
OR4D2,0,59,0.118
OR51A1P,0,76,0.152
OR51B2,0,136,0.272
OR51B4,0,20,0.04
OR51B5,0,41,0.082
OR51B6,0,27,0.054
OR51E1,0,37,0.074
OR51E2,0,54,0.108
OR51I1,0,115,0.23
OR51J1,0,99,0.198
OR6A2,0,91,0.182
OR51M1,0,79,0.158
OR52A1,0,68,0.136
OR52D1,0,51,0.102
OR52K3P,0,128,0.256
OR5E1P,0,160,0.32
OR5G1P,0,76,0.152
OR5H1,0,52,0.104
OR5I1,0,38,0.076
OR5J2,0,76,0.152
OR5K1,0,190,0.38
OR5L2,0,34,0.068
OR5P2,0,130,0.26
OR5P3,0,79,0.158
OR5V1,0,137,0.274
OSBPL10,0,63,0.126
OSBPL1A,0,167,0.334
P2RY12,0,118,0.236
OXNAD1,0,61,0.122
OTUD7B,0,108,0.216
OTULIN,0,24,0.048
OTX1,0,160,0.32
OTX2,0,22,0.044
OVGP1,0,86,0.172
OVOL1,0,61,0.122
OVOL2,0,19,0.038
OVOL3,0,75,0.15
OXA1L,0,68,0.136
OXCT1,0,28,0.056
OXCT2,0,33,0.066
OXER1,0,53,0.106
OXGR1,0,98,0.196
OXLD1,0,66,0.132
OXR1,0,53,0.106
OTUD5,0,44,0.088
OXSM,0,40,0.08
OXSR1,0,26,0.052
OXT,0,44,0.088
OXTR,0,86,0.172
P2RX1,0,143,0.286
P2RX2,0,5,0.01
P2RX3,0,86,0.172
P2RX4,0,47,0.094
P2RX5,0,81,0.162
P2RX6,0,28,0.056
P2RX7,0,102,0.204
P2RY1,0,99,0.198
P2RY10,0,70,0.14
P2RY11,0,133,0.266
OTUD6B,0,29,0.058
OTUD4,0,18,0.036
OSBPL2,0,55,0.11
OSMR,0,91,0.182
OSBPL3,0,59,0.118
OSBPL5,0,105,0.21
OSBPL6,0,36,0.072
OSBPL7,0,24,0.048
OSBPL8,0,20,0.04
OSBPL9,0,35,0.07
OSCAR,0,183,0.366
OSCP1,0,64,0.128
OSER1,0,34,0.068
OSGEP,0,21,0.042
OSGEPL1,0,11,0.022
OSGIN1,0,27,0.054
OSGIN2,0,58,0.116
OSM,0,50,0.1
OSR1,0,136,0.272
OTUD3,0,120,0.24
OSR2,0,71,0.142
OSTC,0,58,0.116
OSTCP1,0,105,0.21
OSTF1,0,63,0.126
OSTM1,0,7,0.014
OTC,0,115,0.23
OTOF,0,48,0.096
OTOGL,0,116,0.232
OTOP2,0,33,0.066
OTOR,0,64,0.128
OTOS,0,61,0.122
OTP,0,64,0.128
OTUB2,0,54,0.108
OTUD1,0,40,0.08
PBLD,0,65,0.13
PBOV1,0,81,0.162
PBRM1,0,4,0.008
PEAR1,0,88,0.176
PDYN,0,57,0.114
PDZD11,0,91,0.182
PDZD2,0,52,0.104
PDZD3,0,19,0.038
PDZD4,0,152,0.304
PDZD7,0,36,0.072
PDZD8,0,41,0.082
PDZD9,0,83,0.166
PDZK1,0,86,0.172
PDZK1IP1,0,138,0.276
PDZRN3,0,125,0.25
PDZRN4,0,163,0.326
PEA15,0,47,0.094
PEAK1,0,71,0.142
PEBP1,0,117,0.234
PDXK,0,37,0.074
PEBP4,0,46,0.092
PECAM1,0,57,0.114
PECR,0,69,0.138
PEF1,0,112,0.224
PEG10,0,74,0.148
PEG3,0,92,0.184
PELI1,0,41,0.082
PELI2,0,28,0.056
PELI3,0,73,0.146
PELO,0,92,0.184
PELP1,0,100,0.2
PEMT,0,77,0.154
PENK,0,80,0.16
PEPD,0,71,0.142
PDXP,0,121,0.242
PDXDC1,0,75,0.15
PER3,0,124,0.248
PDK4,0,102,0.204
PDGFRL,0,67,0.134
PDHA1,0,9,0.018
PDHA2,0,82,0.164
PDHB,0,52,0.104
PDHX,0,24,0.048
PDIA2,0,15,0.03
PDIA3,0,26,0.052
PDIA4,0,59,0.118
PDIA6,0,25,0.05
PDIK1L,0,34,0.068
PDILT,0,82,0.164
PDK1,0,37,0.074
PDK2,0,176,0.352
PDK3,0,33,0.066
PDLIM1,0,140,0.28
PDSS2,0,32,0.064
PDLIM2,0,143,0.286
PDLIM3,0,64,0.128
PDLIM4,0,133,0.266
PDLIM5,0,34,0.068
PDLIM7,0,152,0.304
PDP1,0,86,0.172
PDP2,0,114,0.228
PDPK1,0,88,0.176
PDPN,0,50,0.1
PDPR,0,115,0.23
PDRG1,0,52,0.104
PDS5A,0,9,0.018
PDS5B,0,4,0.008
PDSS1,0,56,0.112
SCAMP3,0,41,0.082
PERM1,0,113,0.226
PBX1,0,111,0.222
PGD,0,80,0.16
PFN1,0,48,0.096
PFN2,0,116,0.232
PFN4,0,55,0.11
PGAM1,0,59,0.118
PGAM2,0,166,0.332
PGAM5,0,127,0.254
PGAP1,0,42,0.084
PGAP2,0,96,0.192
PGAP3,0,62,0.124
PGBD1,0,146,0.292
PGBD2,0,30,0.06
PGBD4,0,82,0.164
PGBD5,0,108,0.216
PGC,0,39,0.078
PGF,0,60,0.12
PFKM,0,73,0.146
PGGT1B,0,32,0.064
PGK1,0,44,0.088
PGK2,0,87,0.174
PGLS,0,94,0.188
PGLYRP1,0,153,0.306
PGLYRP2,0,65,0.13
PGLYRP3,0,27,0.054
PGLYRP4,0,28,0.056
PGM1,0,78,0.156
PGM2,0,18,0.036
PGM2L1,0,77,0.154
PGM3,0,7,0.014
PGM5,0,146,0.292
PGP,0,157,0.314
PFKP,0,103,0.206
PFKL,0,48,0.096
PERP,0,107,0.214
PEX26,0,54,0.108
PES1,0,89,0.178
PET112,0,118,0.236
PET117,0,24,0.048
PEX1,0,29,0.058
PEX10,0,104,0.208
PEX11A,0,94,0.188
PEX11B,0,28,0.056
PEX11G,0,148,0.296
PEX12,0,73,0.146
PEX13,0,9,0.018
PEX14,0,58,0.116
PEX16,0,101,0.202
PEX19,0,11,0.022
PEX2,0,3,0.006
PEX3,0,20,0.04
PFKFB4,0,62,0.124
PEX5,0,80,0.16
PEX5L,0,31,0.062
PEX6,0,117,0.234
PEX7,0,65,0.13
PF4,0,175,0.35
PF4V1,0,165,0.33
PFAS,0,57,0.114
PFDN1,0,29,0.058
PFDN2,0,115,0.23
PFDN4,0,33,0.066
PFDN5,0,70,0.14
PFKFB1,0,93,0.186
PFKFB2,0,98,0.196
PFKFB3,0,60,0.12
PDGFRB,0,88,0.176
PDGFRA,0,47,0.094
PDGFD,0,114,0.228
PCED1B,0,86,0.172
PCDHB16,0,92,0.184
PCDHB17,0,145,0.29
PCDHB18,0,29,0.058
PCDHB2,0,38,0.076
PCDHB3,0,161,0.322
PCDHB4,0,86,0.172
PCDHB5,0,108,0.216
PCDHB6,0,124,0.248
PCDHB7,0,58,0.116
PCDHB8,0,116,0.232
PCDHB9,0,72,0.144
PCDHGC3,0,20,0.04
PCDP1,0,51,0.102
PCED1A,0,66,0.132
PCGF1,0,53,0.106
PCDHB14,0,145,0.29
PCGF2,0,104,0.208
PCGF3,0,40,0.08
PCGF5,0,59,0.118
PCGF6,0,123,0.246
PCID2,0,20,0.04
PCIF1,0,63,0.126
PCK1,0,46,0.092
PCK2,0,51,0.102
PCLO,0,34,0.068
PCM1,0,11,0.022
PCMT1,0,14,0.028
PCMTD1,0,19,0.038
PCMTD2,0,43,0.086
PCNA,0,15,0.03
PCDHB15,0,96,0.192
PCDHB13,0,111,0.222
PDGFC,0,105,0.21
PCCB,0,16,0.032
PBX2,0,58,0.116
PBX3,0,56,0.112
PBX4,0,66,0.132
PBXIP1,0,99,0.198
PC,0,102,0.204
PCAT18,0,17,0.034
PCAT4,0,144,0.288
PCBD1,0,139,0.278
PCBD2,0,39,0.078
PCBP1,0,43,0.086
PCBP2,0,83,0.166
PCBP3,0,30,0.06
PCBP4,0,47,0.094
PCCA,0,35,0.07
PCDH1,0,70,0.14
PCDHB12,0,51,0.102
PCDH10,0,60,0.12
PCDH11X,0,58,0.116
PCDH12,0,70,0.14
PCDH15,0,36,0.072
PCDH17,0,58,0.116
PCDH18,0,33,0.066
PCDH19,0,66,0.132
PCDH7,0,47,0.094
PCDH8,0,135,0.27
PCDH9,0,70,0.14
PCDHA9,0,33,0.066
PCDHB1,0,43,0.086
PCDHB10,0,9,0.018
PCDHB11,0,60,0.12
PCNP,0,17,0.034
PCNT,0,53,0.106
PCNXL2,0,106,0.212
PDE4D,0,88,0.176
PDCL2,0,116,0.232
PDCL3,0,30,0.06
PDDC1,0,80,0.16
PDE10A,0,86,0.172
PDE11A,0,33,0.066
PDE12,0,4,0.008
PDE1A,0,53,0.106
PDE1B,0,83,0.166
PDE1C,0,36,0.072
PDE2A,0,117,0.234
PDE3A,0,43,0.086
PDE3B,0,32,0.064
PDE4A,0,34,0.068
PDE4B,0,41,0.082
PDE4DIP,0,65,0.13
PCNXL3,0,124,0.248
PDE5A,0,156,0.312
PDE6A,0,81,0.162
PDE6B,0,39,0.078
PDE6C,0,86,0.172
PDE6D,0,114,0.228
PDE6G,0,82,0.164
PDE6H,0,86,0.172
PDE7A,0,37,0.074
PDE7B,0,105,0.21
PDE8A,0,44,0.088
PDE8B,0,62,0.124
PDE9A,0,112,0.224
PDGFA,0,62,0.124
PDGFB,0,12,0.024
PDCL,0,23,0.046
PDCD7,0,48,0.096
PDCD6IP,0,47,0.094
PDCD5,0,80,0.16
PCNXL4,0,30,0.06
PCOLCE,0,82,0.164
PCOLCE2,0,59,0.118
PCP2,0,156,0.312
PCP4,0,57,0.114
PCP4L1,0,65,0.13
PCSK1,0,137,0.274
PCSK1N,0,62,0.124
PCSK2,0,63,0.126
PCSK4,0,140,0.28
PCSK5,0,81,0.162
PCSK6,0,21,0.042
PCSK7,0,15,0.03
PCSK9,0,67,0.134
PCTP,0,138,0.276
PCYOX1,0,45,0.09
PCYOX1L,0,108,0.216
PCYT1A,0,24,0.048
PCYT1B,0,112,0.224
PCYT2,0,144,0.288
PDAP1,0,90,0.18
PDC,0,132,0.264
PDCD1,0,74,0.148
PDCD10,0,9,0.018
PDCD11,0,21,0.042
PDCD1LG2,0,105,0.21
PDCD2,0,32,0.064
PDCD2L,0,56,0.112
PDCD4,0,86,0.172
OR2N1P,0,71,0.142
OR2M4,0,44,0.088
OR2L2,0,147,0.294
NPFFR2,0,90,0.18
NPAS4,0,76,0.152
NPAT,0,28,0.056
NPB,0,59,0.118
NPBWR1,0,87,0.174
NPBWR2,0,148,0.296
NPC1,0,46,0.092
NPC1L1,0,28,0.056
NPC2,0,131,0.262
NPCDR1,0,113,0.226
NPDC1,0,21,0.042
NPEPL1,0,166,0.332
NPEPPS,0,32,0.064
NPFF,0,44,0.088
NPFFR1,0,137,0.274
NPHP1,0,105,0.21
NPAS2,0,41,0.082
NPHP3,0,26,0.052
NPHP4,0,62,0.124
NPHS1,0,82,0.164
NPHS2,0,40,0.08
NPL,0,94,0.188
NPLOC4,0,45,0.09
NPM1,0,50,0.1
NPM2,0,76,0.152
NPM3,0,73,0.146
NPNT,0,63,0.126
NPPA,0,95,0.19
NPPB,0,37,0.074
NPPC,0,108,0.216
NPR1,0,23,0.046
NPAS3,0,122,0.244
NPAS1,0,100,0.2
NPR3,0,45,0.09
NOTCH1,0,94,0.188
NOLC1,0,53,0.106
NONO,0,27,0.054
NOP10,0,81,0.162
NOP14,0,26,0.052
NOP16,0,36,0.072
NOP2,0,47,0.094
NOP58,0,4,0.008
NOP9,0,75,0.15
NOS1,0,11,0.022
NOS1AP,0,28,0.056
NOS2,0,64,0.128
NOS3,0,57,0.114
NOSIP,0,67,0.134
NOSTRIN,0,66,0.132
NOTCH2,0,73,0.146
NPAP1,0,33,0.066
NOTCH2NL,0,78,0.156
NOTCH3,0,84,0.168
NOTCH4,0,38,0.076
NOTUM,0,39,0.078
NOV,0,121,0.242
NOVA1,0,118,0.236
NOVA2,0,72,0.144
NOX1,0,96,0.192
NOX3,0,55,0.11
NOX4,0,104,0.208
NOX5,0,17,0.034
NOXA1,0,101,0.202
NOXO1,0,126,0.252
NOXRED1,0,131,0.262
NPR2,0,49,0.098
NPRL2,0,23,0.046
NRXN1,0,174,0.348
NRG2,0,36,0.072
NR4A3,0,41,0.082
NR5A1,0,68,0.136
NR5A2,0,20,0.04
NR6A1,0,63,0.126
NRAP,0,11,0.022
NRARP,0,95,0.19
NRAS,0,30,0.06
NRBP1,0,30,0.06
NRCAM,0,145,0.29
NRD1,0,21,0.042
NRDE2,0,51,0.102
NREP,0,123,0.246
NRF1,0,16,0.032
NRG1,0,163,0.326
NRG3,0,74,0.148
NR4A1,0,24,0.048
NRG4,0,79,0.158
NRGN,0,111,0.222
NRIP1,0,32,0.064
NRIP2,0,42,0.084
NRIP3,0,156,0.312
NRK,0,90,0.18
NRL,0,23,0.046
NRM,0,43,0.086
NRN1,0,120,0.24
NRP1,0,92,0.184
NRP2,0,31,0.062
NRROS,0,151,0.302
NRSN1,0,52,0.104
NRSN2,0,138,0.276
NR4A2,0,126,0.252
NR3C2,0,77,0.154
NPRL3,0,140,0.28
NR0B2,0,88,0.176
NPTN,0,33,0.066
NPTX1,0,146,0.292
NPTX2,0,79,0.158
NPTXR,0,29,0.058
NPVF,0,105,0.21
NPW,0,110,0.22
NPY,0,56,0.112
NPY1R,0,92,0.184
NPY2R,0,15,0.03
NPY5R,0,99,0.198
NPY6R,0,56,0.112
NQO1,0,151,0.302
NQO2,0,90,0.18
NR0B1,0,97,0.194
NR1D1,0,102,0.204
NR3C1,0,7,0.014
NR1D2,0,45,0.09
NR1H2,0,25,0.05
NR1H3,0,66,0.132
NR1H4,0,67,0.134
NR1I2,0,43,0.086
NR1I3,0,15,0.03
NR2C1,0,7,0.014
NR2C2,0,19,0.038
NR2C2AP,0,48,0.096
NR2E1,0,36,0.072
NR2E3,0,40,0.08
NR2F1,0,42,0.084
NR2F2,0,122,0.244
NR2F6,0,40,0.08
NOL9,0,53,0.106
NOL8,0,24,0.048
NOL7,0,15,0.03
NKAIN1,0,37,0.074
NINL,0,43,0.086
NIP7,0,24,0.048
NIPA1,0,129,0.258
NIPA2,0,10,0.02
NIPAL2,0,216,0.432
NIPAL3,0,33,0.066
NIPAL4,0,32,0.064
NIPBL,0,8,0.016
NIPSNAP1,0,148,0.296
NIPSNAP3A,0,15,0.03
NIPSNAP3B,0,79,0.158
NISCH,0,71,0.142
NIT1,0,56,0.112
NIT2,0,31,0.062
NKAIN2,0,80,0.16
NINJ1,0,147,0.294
NKAIN3,0,69,0.138
NKAIN4,0,49,0.098
NKAP,0,15,0.03
NKAPL,0,158,0.316
NKAPP1,0,93,0.186
NKD1,0,60,0.12
NKD2,0,88,0.176
NKG7,0,88,0.176
NKIRAS1,0,103,0.206
NKIRAS2,0,45,0.09
NKPD1,0,65,0.13
NKRF,0,34,0.068
NKTR,0,22,0.044
NLE1,0,193,0.386
NINJ2,0,155,0.31
NIN,0,16,0.032
NOL6,0,49,0.098
NHEJ1,0,18,0.036
NFS1,0,19,0.038
NFU1,0,12,0.024
NFX1,0,1,0.002
NFXL1,0,116,0.232
NFYA,0,8,0.016
NFYC,0,20,0.04
NGB,0,23,0.046
NGDN,0,7,0.014
NGEF,0,58,0.116
NGF,0,27,0.054
NGFR,0,71,0.142
NGFRAP1,0,119,0.238
NGLY1,0,13,0.026
NGRN,0,43,0.086
NHLH1,0,93,0.186
NIM1K,0,98,0.196
NHLH2,0,155,0.31
NHLRC2,0,18,0.036
NHLRC3,0,5,0.01
NHLRC4,0,18,0.036
NHP2,0,62,0.124
NHP2L1,0,76,0.152
NHS,0,186,0.372
NHSL1,0,127,0.254
NHSL2,0,116,0.232
NICN1,0,38,0.076
NID1,0,149,0.298
NID2,0,173,0.346
NIF3L1,0,59,0.118
NIFK,0,19,0.038
NLGN1,0,134,0.268
NLGN2,0,49,0.098
NLGN3,0,44,0.088
NOA1,0,34,0.068
NMNAT1,0,60,0.12
NMNAT2,0,45,0.09
NMNAT3,0,70,0.14
NMRAL1,0,67,0.134
NMRK1,0,54,0.108
NMRK2,0,59,0.118
NMT1,0,12,0.024
NMT2,0,53,0.106
NMU,0,100,0.2
NMUR1,0,134,0.268
NMUR2,0,57,0.114
NNAT,0,55,0.11
NNMT,0,88,0.176
NNT,0,22,0.044
NOB1,0,45,0.09
NLGN4X,0,105,0.21
NOBOX,0,65,0.13
NOC2L,0,38,0.076
NOC3L,0,7,0.014
NOC4L,0,119,0.238
NOD1,0,79,0.158
NOD2,0,104,0.208
NODAL,0,37,0.074
NOG,0,82,0.164
NOL10,0,16,0.032
NOL11,0,6,0.012
NOL12,0,88,0.176
NOL3,0,127,0.254
NOL4,0,91,0.182
NOL4L,0,15,0.03
NMI,0,48,0.096
NME9,0,51,0.102
NME8,0,72,0.144
NME7,0,37,0.074
NLGN4Y,0,141,0.282
NLK,0,20,0.04
NLN,0,193,0.386
NLRC3,0,43,0.086
NLRC4,0,38,0.076
NLRC5,0,73,0.146
NLRP1,0,69,0.138
NLRP10,0,71,0.142
NLRP11,0,97,0.194
NLRP12,0,81,0.162
NLRP13,0,111,0.222
NLRP14,0,43,0.086
NLRP2,0,158,0.316
NLRP3,0,85,0.17
NLRP4,0,114,0.228
NLRP5,0,69,0.138
NLRP6,0,99,0.198
NLRP7,0,72,0.144
NLRP8,0,65,0.13
NLRP9,0,54,0.108
NLRX1,0,115,0.23
NMB,0,41,0.082
NMBR,0,78,0.156
NMD3,0,10,0.02
NME1,0,96,0.192
NME3,0,82,0.164
NME4,0,79,0.158
NME5,0,163,0.326
NME6,0,40,0.08
NRTN,0,95,0.19
NRXN2,0,67,0.134
OR2L13,0,132,0.264
OGFRP1,0,30,0.06
ODF3,0,66,0.132
ODF3B,0,165,0.33
ODF3L1,0,72,0.144
ODF3L2,0,24,0.048
ODF4,0,71,0.142
OFCC1,0,97,0.194
OFD1,0,12,0.024
OGDH,0,72,0.144
OGDHL,0,53,0.106
OGFOD1,0,20,0.04
OGFOD2,0,86,0.172
OGFOD3,0,83,0.166
OGFR,0,110,0.22
OGFRL1,0,101,0.202
OGG1,0,86,0.172
ODF2,0,27,0.054
OGN,0,120,0.24
OGT,0,45,0.09
OIP5,0,103,0.206
OIT3,0,56,0.112
OLA1,0,33,0.066
OLAH,0,93,0.186
OLFM1,0,75,0.15
OLFM2,0,64,0.128
OLFM3,0,63,0.126
OLFM4,0,142,0.284
OLFML1,0,129,0.258
OLFML2A,0,15,0.03
OLFML2B,0,57,0.114
OLFML3,0,124,0.248
ODF2L,0,29,0.058
ODF1,0,3,0.006
OLIG2,0,52,0.104
OAZ2,0,113,0.226
NXPH4,0,109,0.218
NXT1,0,137,0.274
NXT2,0,56,0.112
NYAP1,0,38,0.076
NYAP2,0,94,0.188
NYNRIN,0,57,0.114
NYX,0,36,0.072
OAF,0,67,0.134
OARD1,0,25,0.05
OAS1,0,160,0.32
OAS2,0,109,0.218
OAS3,0,124,0.248
OASL,0,152,0.304
OAZ1,0,138,0.276
OAZ3,0,43,0.086
ODC1,0,125,0.25
OBFC1,0,65,0.13
OBP2A,0,124,0.248
OBP2B,0,124,0.248
OBSCN,0,68,0.136
OBSL1,0,65,0.13
OCA2,0,59,0.118
OCEL1,0,78,0.156
OCIAD1,0,35,0.07
OCIAD2,0,42,0.084
OCLM,0,89,0.178
OCLN,0,174,0.348
OCR1,0,131,0.262
OCRL,0,103,0.206
ODAM,0,142,0.284
OLIG1,0,134,0.268
OLIG3,0,126,0.252
NRXN3,0,79,0.158
OR1J4,0,93,0.186
OR13C4,0,103,0.206
OR14J1,0,17,0.034
OR1A1,0,98,0.196
OR1A2,0,54,0.108
OR1C1,0,82,0.164
OR1D2,0,97,0.194
OR1D5,0,59,0.118
OR1E1,0,54,0.108
OR1E3,0,70,0.14
OR1F1,0,11,0.022
OR1F2P,0,70,0.14
OR1G1,0,37,0.074
OR1I1,0,168,0.336
OR1J2,0,111,0.222
OR1Q1,0,91,0.182
OR12D2,0,85,0.17
OR2B2,0,87,0.174
OR2B3,0,144,0.288
OR2B4P,0,102,0.204
OR2B6,0,77,0.154
OR2C1,0,52,0.104
OR2C3,0,87,0.174
OR2F1,0,12,0.024
OR2F2,0,22,0.044
OR2H1,0,79,0.158
OR2H2,0,99,0.198
OR2I1P,0,43,0.086
OR2J2,0,63,0.126
OR2J3,0,108,0.216
OR2K2,0,87,0.174
OR12D3,0,39,0.078
OR11A1,0,113,0.226
OLR1,0,106,0.212
OPN4,0,50,0.1
OMA1,0,28,0.056
OMD,0,90,0.18
OMP,0,136,0.272
ONECUT1,0,48,0.096
ONECUT2,0,70,0.14
OOSP2,0,115,0.23
OPA1,0,4,0.008
OPA3,0,126,0.252
OPALIN,0,96,0.192
OPCML,0,109,0.218
OPHN1,0,157,0.314
OPLAH,0,102,0.204
OPN1SW,0,127,0.254
OPN3,0,32,0.064
OPN5,0,22,0.044
OR10J1,0,70,0.14
OPRD1,0,153,0.306
OPRK1,0,21,0.042
OPRL1,0,27,0.054
OPRM1,0,21,0.042
OPTN,0,104,0.208
OR10A3,0,64,0.128
OR10A4,0,67,0.134
OR10A5,0,119,0.238
OR10C1,0,29,0.058
OR10D1P,0,53,0.106
OR10D3,0,58,0.116
OR10H1,0,43,0.086
OR10H2,0,82,0.164
OR10H3,0,43,0.086
NXPH3,0,67,0.134
NXPH2,0,106,0.212
NXPH1,0,62,0.124
NTRK3,0,15,0.03
NTAN1,0,66,0.132
NTF3,0,108,0.216
NTHL1,0,104,0.208
NTM,0,54,0.108
NTMT1,0,190,0.38
NTN1,0,176,0.352
NTN3,0,129,0.258
NTN4,0,93,0.186
NTN5,0,71,0.142
NTNG1,0,132,0.264
NTNG2,0,111,0.222
NTPCR,0,106,0.212
NTRK1,0,49,0.098
NTRK2,0,33,0.066
NTS,0,172,0.344
NT5E,0,78,0.156
NTSR1,0,149,0.298
NTSR2,0,88,0.176
NUAK1,0,124,0.248
NUB1,0,50,0.1
NUBP1,0,19,0.038
NUBP2,0,75,0.15
NUBPL,0,51,0.102
NUCB1,0,65,0.13
NUCB2,0,18,0.036
NUCKS1,0,12,0.024
NUDC,0,82,0.164
NUDCD1,0,21,0.042
NUDCD2,0,3,0.006
NUDCD3,0,74,0.148
NT5M,0,108,0.216
NT5DC4,0,123,0.246
NXPE4,0,93,0.186
NSRP1,0,53,0.106
NS3BP,0,113,0.226
NSA2,0,22,0.044
NSAP11,0,79,0.158
NSD1,0,19,0.038
NSDHL,0,66,0.132
NSF,0,68,0.136
NSFL1C,0,50,0.1
NSG1,0,193,0.386
NSL1,0,31,0.062
NSMAF,0,37,0.074
NSMCE1,0,77,0.154
NSMCE2,0,17,0.034
NSMCE4A,0,14,0.028
NSMF,0,152,0.304
NSUN2,0,27,0.054
NT5DC3,0,114,0.228
NSUN3,0,45,0.09
NSUN4,0,31,0.062
NSUN5,0,58,0.116
NSUN5P1,0,52,0.104
NSUN6,0,25,0.05
NSUN7,0,91,0.182
NT5C,0,167,0.334
NT5C1A,0,126,0.252
NT5C1B,0,35,0.07
NT5C2,0,45,0.09
NT5C3A,0,44,0.088
NT5C3B,0,133,0.266
NT5DC1,0,25,0.05
NT5DC2,0,53,0.106
NUDT1,0,52,0.104
NUDT10,0,91,0.182
NUDT11,0,115,0.23
NUS1,0,61,0.122
NUP210P1,0,13,0.026
NUP214,0,95,0.19
NUP35,0,45,0.09
NUP37,0,11,0.022
NUP43,0,21,0.042
NUP54,0,11,0.022
NUP62CL,0,81,0.162
NUP85,0,13,0.026
NUP88,0,21,0.042
NUP93,0,37,0.074
NUP98,0,21,0.042
NUPL1,0,20,0.04
NUPL2,0,4,0.008
NUPR1,0,42,0.084
NUSAP1,0,125,0.25
NUDT12,0,50,0.1
NUTF2,0,95,0.19
NUTM1,0,24,0.048
NUTM2A,0,23,0.046
NUTM2F,0,60,0.12
NVL,0,5,0.01
NWD2,0,211,0.422
NXF1,0,43,0.086
NXF3,0,119,0.238
NXF5,0,78,0.156
NXN,0,123,0.246
NXNL1,0,90,0.18
NXNL2,0,73,0.146
NXPE1,0,101,0.202
NXPE3,0,28,0.056
NUP210L,0,84,0.168
NUP210,0,34,0.068
NUP205,0,1,0.002
NUP188,0,41,0.082
NUDT13,0,110,0.22
NUDT14,0,133,0.266
NUDT15,0,107,0.214
NUDT16,0,109,0.218
NUDT16L1,0,68,0.136
NUDT16P1,0,178,0.356
NUDT17,0,72,0.144
NUDT18,0,108,0.216
NUDT2,0,96,0.192
NUDT21,0,6,0.012
NUDT22,0,39,0.078
NUDT3,0,55,0.11
NUDT4,0,139,0.278
NUDT5,0,28,0.056
NUDT6,0,103,0.206
NUDT7,0,86,0.172
NUDT9,0,40,0.08
NUDT9P1,0,191,0.382
NUF2,0,105,0.21
NUFIP1,0,57,0.114
NUFIP2,0,8,0.016
NUMA1,0,60,0.12
NUMB,0,51,0.102
NUMBL,0,94,0.188
NUP107,0,14,0.028
NUP133,0,11,0.022
NUP153,0,33,0.066
NUP155,0,7,0.014
NUP160,0,41,0.082
SCAMP2,0,55,0.11
A1BG,0,34,0.068
SCAMP5,0,36,0.072
TUBB2A,0,88,0.176
TTYH2,0,91,0.182
TTYH3,0,124,0.248
TUB,0,30,0.06
TUBA1A,0,123,0.246
TUBA1B,0,97,0.194
TUBA1C,0,94,0.188
TUBA3C,0,92,0.184
TUBA3FP,0,115,0.23
TUBA4A,0,90,0.18
TUBA4B,0,103,0.206
TUBA8,0,108,0.216
TUBAL3,0,45,0.09
TUBB,0,36,0.072
TUBB1,0,95,0.19
TUBB2B,0,102,0.204
TTTY9A,0,94,0.188
TUBB3,0,39,0.078
TUBB4A,0,111,0.222
TUBB4B,0,79,0.158
TUBB7P,0,118,0.236
TUBB8P2,0,78,0.156
TUBBP5,0,80,0.16
TUBD1,0,17,0.034
TUBE1,0,14,0.028
TUBG1,0,62,0.124
TUBG2,0,55,0.11
TUBGCP2,0,46,0.092
TUBGCP3,0,13,0.026
TUBGCP4,0,27,0.054
TUBGCP5,0,46,0.092
TTYH1,0,89,0.178
TTTY8,0,43,0.086
TTC9B,0,150,0.3
TTLL5,0,56,0.112
TTF1,0,19,0.038
TTF2,0,61,0.122
TTI1,0,2,0.004
TTI2,0,31,0.062
TTK,0,136,0.272
TTL,0,21,0.042
TTLL1,0,72,0.144
TTLL10,0,42,0.084
TTLL11,0,59,0.118
TTLL12,0,98,0.196
TTLL13,0,62,0.124
TTLL2,0,60,0.12
TTLL3,0,85,0.17
TTLL4,0,62,0.124
TTLL6,0,86,0.172
TTTY7,0,47,0.094
TTLL7,0,72,0.144
TTLL9,0,57,0.114
TTN,0,133,0.266
TTPA,0,103,0.206
TTPAL,0,31,0.062
TTR,0,63,0.126
TTTY1,0,148,0.296
TTTY10,0,60,0.12
TTTY11,0,36,0.072
TTTY12,0,40,0.08
TTTY13,0,45,0.09
TTTY2,0,45,0.09
TTTY5,0,37,0.074
TTTY6,0,68,0.136
TUBGCP6,0,66,0.132
TUFM,0,71,0.142
TUFT1,0,138,0.276
TYW5,0,100,0.2
TXNL4A,0,27,0.054
TXNL4B,0,29,0.058
TXNRD2,0,133,0.266
TYK2,0,40,0.08
TYMP,0,63,0.126
TYMS,0,108,0.216
TYMSOS,0,110,0.22
TYR,0,17,0.034
TYRO3,0,159,0.318
TYROBP,0,82,0.164
TYRP1,0,131,0.262
TYSND1,0,146,0.292
TYW1,0,45,0.09
TYW3,0,9,0.018
U2AF1,0,37,0.074
TUG1,0,65,0.13
U2AF1L4,0,69,0.138
U2AF2,0,63,0.126
U2SURP,0,13,0.026
UACA,0,127,0.254
UAP1,0,104,0.208
UAP1L1,0,95,0.19
UBA1,0,57,0.114
UBA2,0,23,0.046
UBA3,0,4,0.008
UBA5,0,16,0.032
UBA52,0,44,0.088
UBA6,0,4,0.008
UBAC1,0,56,0.112
UBAC2,0,56,0.112
TXNL1,0,29,0.058
TXNIP,0,71,0.142
TXNDC9,0,2,0.004
TXNDC8,0,74,0.148
TULP1,0,176,0.352
TULP2,0,62,0.124
TULP3,0,57,0.114
TULP4,0,24,0.048
TUSC1,0,112,0.224
TUSC2,0,57,0.114
TUSC3,0,75,0.15
TUSC5,0,139,0.278
TUT1,0,103,0.206
TVP23A,0,88,0.176
TVP23C,0,70,0.14
TWF1,0,39,0.078
TWF2,0,66,0.132
TWIST1,0,78,0.156
TWISTNB,0,69,0.138
TWSG1,0,57,0.114
TXK,0,48,0.096
TXLNA,0,54,0.108
TXLNB,0,139,0.278
TXLNG,0,9,0.018
TXLNGY,0,82,0.164
TXN,0,57,0.114
TXN2,0,84,0.168
TXNDC11,0,55,0.11
TXNDC12,0,74,0.148
TXNDC15,0,13,0.026
TXNDC16,0,33,0.066
TXNDC17,0,47,0.094
TXNDC2,0,29,0.058
TTC9C,0,21,0.042
TTC9,0,98,0.196
TRPC1,0,211,0.422
TSLP,0,115,0.23
TSEN34,0,200,0.4
TSEN54,0,92,0.184
TSFM,0,30,0.06
TSG101,0,29,0.058
TSGA10,0,130,0.26
TSGA10IP,0,175,0.35
TSGA13,0,82,0.164
TSHB,0,59,0.118
TSHR,0,61,0.122
TSHZ1,0,31,0.062
TSHZ2,0,96,0.192
TSHZ3,0,134,0.268
TSKS,0,59,0.118
TSKU,0,139,0.278
TSN,0,4,0.008
TSEN15,0,22,0.044
TSNARE1,0,79,0.158
TSNAX,0,9,0.018
TSNAXIP1,0,91,0.182
TSPAN1,0,41,0.082
TSPAN10,0,112,0.224
TSPAN11,0,25,0.05
TSPAN12,0,43,0.086
TSPAN13,0,149,0.298
TSPAN14,0,49,0.098
TSPAN15,0,202,0.404
TSPAN16,0,50,0.1
TSPAN17,0,117,0.234
TSPAN18,0,229,0.458
TSPAN2,0,107,0.214
TSEN2,0,89,0.178
TSC22D4,0,20,0.04
TTC8,0,64,0.128
TRPS1,0,73,0.146
TRPC3,0,105,0.21
TRPC4,0,46,0.092
TRPC4AP,0,38,0.076
TRPC5,0,97,0.194
TRPC6,0,113,0.226
TRPC7,0,153,0.306
TRPM1,0,76,0.152
TRPM2,0,93,0.186
TRPM3,0,36,0.072
TRPM4,0,130,0.26
TRPM5,0,75,0.15
TRPM6,0,69,0.138
TRPM7,0,6,0.012
TRPM8,0,61,0.122
TRPT1,0,175,0.35
TSC22D3,0,93,0.186
TRPV2,0,51,0.102
TRPV3,0,46,0.092
TRPV4,0,73,0.146
TRPV5,0,41,0.082
TRPV6,0,109,0.218
TRRAP,0,16,0.032
TRUB1,0,38,0.076
TRUB2,0,90,0.18
TRY2P,0,50,0.1
TSACC,0,56,0.112
TSC1,0,33,0.066
TSC2,0,106,0.212
TSC22D1,0,85,0.17
TSC22D2,0,63,0.126
TSPAN3,0,71,0.142
TSPAN31,0,20,0.04
TSPAN32,0,88,0.176
TTC30A,0,204,0.408
TTC16,0,89,0.178
TTC17,0,26,0.052
TTC18,0,99,0.198
TTC19,0,29,0.058
TTC21A,0,105,0.21
TTC22,0,50,0.1
TTC23,0,115,0.23
TTC23L,0,158,0.316
TTC25,0,128,0.256
TTC26,0,112,0.224
TTC27,0,74,0.148
TTC28,0,56,0.112
TTC29,0,134,0.268
TTC3,0,9,0.018
TTC30B,0,107,0.214
TSPAN33,0,115,0.23
TTC31,0,23,0.046
TTC33,0,13,0.026
TTC36,0,110,0.22
TTC37,0,5,0.01
TTC38,0,110,0.22
TTC39A,0,34,0.068
TTC39B,0,25,0.05
TTC39C,0,35,0.07
TTC4,0,22,0.044
TTC40,0,101,0.202
TTC5,0,58,0.116
TTC6,0,49,0.098
TTC7A,0,68,0.136
TTC7B,0,90,0.18
TTC13,0,12,0.024
TTC12,0,181,0.362
TTC1,0,23,0.046
TTBK2,0,27,0.054
TSPAN4,0,122,0.244
TSPAN5,0,152,0.304
TSPAN6,0,107,0.214
TSPAN7,0,231,0.462
TSPAN8,0,160,0.32
TSPAN9,0,38,0.076
TSPEAR,0,37,0.074
TSPO,0,143,0.286
TSPO2,0,72,0.144
TSPY26P,0,97,0.194
TSPYL1,0,36,0.072
TSPYL2,0,55,0.11
TSPYL4,0,58,0.116
TSPYL5,0,117,0.234
TSPYL6,0,92,0.184
TSR2,0,45,0.09
TSR3,0,85,0.17
TSSC1,0,93,0.186
TSSC4,0,46,0.092
TSSK1B,0,109,0.218
TSSK2,0,47,0.094
TSSK3,0,72,0.144
TSSK4,0,68,0.136
TSSK6,0,148,0.296
TST,0,119,0.238
TSTA3,0,53,0.106
TSTD1,0,102,0.204
TSTD2,0,126,0.252
TTBK1,0,50,0.1
UBALD2,0,115,0.23
UBAP1,0,63,0.126
UBAP2,0,75,0.15
USMG5,0,28,0.056
URGCP,0,53,0.106
URI1,0,25,0.05
URM1,0,149,0.298
UROC1,0,119,0.238
UROD,0,80,0.16
UROS,0,103,0.206
USB1,0,181,0.362
USE1,0,103,0.206
USF1,0,109,0.218
USF2,0,68,0.136
USH1C,0,43,0.086
USH1G,0,45,0.09
USH2A,0,35,0.07
USHBP1,0,112,0.224
USO1,0,14,0.028
URB1,0,71,0.142
USP1,0,3,0.006
USP10,0,89,0.178
USP11,0,32,0.064
USP12,0,101,0.202
USP13,0,84,0.168
USP14,0,10,0.02
USP16,0,7,0.014
USP18,0,143,0.286
USP19,0,51,0.102
USP2,0,35,0.07
USP20,0,77,0.154
USP21,0,45,0.09
USP22,0,32,0.064
USP24,0,14,0.028
URB2,0,70,0.14
UQCRQ,0,14,0.028
UBAP2L,0,43,0.086
UPK1A,0,106,0.212
UNC5C,0,60,0.12
UNC5CL,0,56,0.112
UNC5D,0,40,0.08
UNC79,0,42,0.084
UNC80,0,15,0.03
UNC93A,0,46,0.092
UNC93B1,0,88,0.176
UNG,0,63,0.126
UNK,0,42,0.084
UNKL,0,149,0.298
UPB1,0,67,0.134
UPF1,0,92,0.184
UPF3A,0,77,0.154
UPF3B,0,27,0.054
UPK1B,0,55,0.11
UQCRH,0,43,0.086
UPK2,0,52,0.104
UPK3A,0,132,0.264
UPK3B,0,27,0.054
UPP1,0,107,0.214
UPP2,0,140,0.28
UPRT,0,6,0.012
UQCC1,0,15,0.03
UQCC2,0,106,0.212
UQCR10,0,25,0.05
UQCR11,0,66,0.132
UQCRB,0,33,0.066
UQCRC1,0,50,0.1
UQCRC2,0,14,0.028
UQCRFS1,0,27,0.054
USP25,0,21,0.042
USP26,0,132,0.264
USP27X,0,118,0.236
UXS1,0,19,0.038
UTP14A,0,18,0.036
UTP15,0,4,0.008
UTP18,0,9,0.018
UTP20,0,90,0.18
UTP23,0,16,0.032
UTP3,0,17,0.034
UTP6,0,27,0.054
UTRN,0,48,0.096
UTS2,0,143,0.286
UTS2B,0,174,0.348
UTS2R,0,50,0.1
UTY,0,146,0.292
UVRAG,0,16,0.032
UVSSA,0,84,0.168
UXT,0,26,0.052
USP28,0,71,0.142
VAC14,0,113,0.226
VAMP1,0,74,0.148
VAMP2,0,66,0.132
VAMP3,0,31,0.062
VAMP4,0,56,0.112
VAMP5,0,95,0.19
VAMP7,0,45,0.09
VAMP8,0,13,0.026
VANGL1,0,96,0.192
VANGL2,0,71,0.142
VAPA,0,15,0.03
VAPB,0,7,0.014
VARS,0,93,0.186
VARS2,0,72,0.144
UTP11L,0,11,0.022
UTF1,0,44,0.088
UST,0,113,0.226
USPL1,0,6,0.012
USP29,0,35,0.07
USP3,0,23,0.046
USP30,0,36,0.072
USP31,0,107,0.214
USP32,0,13,0.026
USP33,0,18,0.036
USP34,0,30,0.06
USP35,0,84,0.168
USP36,0,24,0.048
USP37,0,9,0.018
USP38,0,4,0.008
USP39,0,7,0.014
USP4,0,47,0.094
USP40,0,29,0.058
USP42,0,18,0.036
USP43,0,57,0.114
USP44,0,141,0.282
USP45,0,10,0.02
USP46,0,89,0.178
USP49,0,95,0.19
USP5,0,53,0.106
USP51,0,78,0.156
USP53,0,68,0.136
USP54,0,80,0.16
USP6NL,0,88,0.176
USP7,0,36,0.072
USP8,0,4,0.008
USP9X,0,21,0.042
USP9Y,0,71,0.142
UNC5B,0,48,0.096
UNC5A,0,27,0.054
UNC50,0,5,0.01
UBL5,0,103,0.206
UBE2U,0,72,0.144
UBE2V2,0,58,0.116
UBE2W,0,18,0.036
UBE2Z,0,28,0.056
UBE3A,0,0,0.0
UBE3B,0,64,0.128
UBE3C,0,14,0.028
UBE3D,0,113,0.226
UBE4A,0,34,0.068
UBE4B,0,27,0.054
UBFD1,0,96,0.192
UBL3,0,2,0.004
UBL4A,0,103,0.206
UBL4B,0,147,0.294
UBL7,0,67,0.134
UBR7,0,25,0.05
UBLCP1,0,38,0.076
UBN1,0,71,0.142
UBN2,0,26,0.052
UBOX5,0,35,0.07
UBP1,0,42,0.084
UBQLN1,0,20,0.04
UBQLN2,0,50,0.1
UBQLN3,0,46,0.092
UBQLN4,0,58,0.116
UBQLNL,0,86,0.172
UBR1,0,5,0.01
UBR2,0,23,0.046
UBR3,0,0,0.0
UBR4,0,22,0.044
UBE2T,0,177,0.354
UBE2S,0,62,0.124
UBE2R2,0,34,0.068
UBE2Q2,0,4,0.008
UBASH3A,0,57,0.114
UBASH3B,0,34,0.068
UBB,0,219,0.438
UBC,0,107,0.214
UBE2A,0,37,0.074
UBE2B,0,40,0.08
UBE2C,0,78,0.156
UBE2D1,0,63,0.126
UBE2D2,0,33,0.066
UBE2D3,0,53,0.106
UBE2D4,0,74,0.148
UBE2DNL,0,39,0.078
UBE2E1,0,28,0.056
UBE2E2,0,54,0.108
UBE2E3,0,39,0.078
UBE2G1,0,41,0.082
UBE2G2,0,25,0.05
UBE2H,0,69,0.138
UBE2I,0,60,0.12
UBE2J1,0,91,0.182
UBE2J2,0,25,0.05
UBE2K,0,19,0.038
UBE2L3,0,15,0.03
UBE2L6,0,113,0.226
UBE2M,0,103,0.206
UBE2N,0,40,0.08
UBE2NL,0,70,0.14
UBE2O,0,144,0.288
UBE2Q1,0,22,0.044
UBR5,0,11,0.022
UBTD1,0,112,0.224
UNC45B,0,70,0.14
ULBP2,0,106,0.212
UGT2A3,0,94,0.188
UGT2B15,0,92,0.184
UGT2B17,0,229,0.458
UGT2B28,0,173,0.346
UGT2B4,0,125,0.25
UGT3A1,0,49,0.098
UGT8,0,144,0.288
UHMK1,0,23,0.046
UHRF1,0,122,0.244
UHRF1BP1,0,85,0.17
UHRF1BP1L,0,20,0.04
UHRF2,0,7,0.014
UIMC1,0,49,0.098
ULBP1,0,60,0.12
ULBP3,0,75,0.15
UBTD2,0,119,0.238
ULK1,0,104,0.208
ULK2,0,54,0.108
ULK3,0,96,0.192
ULK4,0,68,0.136
UMOD,0,35,0.07
UMODL1,0,194,0.388
UMPS,0,24,0.048
UNC119,0,109,0.218
UNC119B,0,80,0.16
UNC13A,0,26,0.052
UNC13B,0,54,0.108
UNC13C,0,98,0.196
UNC13D,0,68,0.136
UNC45A,0,93,0.186
UGT1A1,0,43,0.086
UGP2,0,9,0.018
UGGT2,0,82,0.164
UGGT1,0,26,0.052
UBTF,0,37,0.074
UBXN1,0,65,0.13
UBXN10,0,99,0.198
UBXN11,0,148,0.296
UBXN2B,0,34,0.068
UBXN4,0,4,0.008
UBXN7,0,38,0.076
UBXN8,0,98,0.196
UCA1,0,60,0.12
UCHL1,0,42,0.084
UCHL3,0,15,0.03
UCHL5,0,23,0.046
UCK1,0,129,0.258
UCKL1,0,66,0.132
UCMA,0,46,0.092
UCN,0,91,0.182
UCN2,0,154,0.308
UCN3,0,32,0.064
UCP1,0,59,0.118
UCP3,0,69,0.138
UEVLD,0,27,0.054
UFC1,0,59,0.118
UFD1L,0,35,0.07
UFL1,0,34,0.068
UFSP1,0,158,0.316
UFSP2,0,16,0.032
UG0898H09,0,94,0.188
UGCG,0,16,0.032
UGDH,0,37,0.074
TRPC2,0,69,0.138
TRPA1,0,61,0.122
TMEM119,0,59,0.118
TMEM87A,0,4,0.008
TMEM65,0,8,0.016
TMEM67,0,200,0.4
TMEM68,0,12,0.024
TMEM69,0,54,0.108
TMEM70,0,25,0.05
TMEM71,0,20,0.04
TMEM72,0,58,0.116
TMEM74,0,153,0.306
TMEM74B,0,12,0.024
TMEM75,0,42,0.084
TMEM79,0,91,0.182
TMEM80,0,45,0.09
TMEM86A,0,63,0.126
TMEM86B,0,78,0.156
TMEM87B,0,14,0.028
TMEM63C,0,52,0.104
TMEM88,0,76,0.152
TMEM8A,0,62,0.124
TMEM8B,0,52,0.104
TMEM9,0,51,0.102
TMEM91,0,157,0.314
TMEM92,0,125,0.25
TMEM95,0,40,0.08
TMEM97,0,181,0.362
TMEM98,0,49,0.098
TMEM99,0,112,0.224
TMEM9B,0,39,0.078
TMF1,0,12,0.024
TMIE,0,78,0.156
TMIGD2,0,59,0.118
TMEM64,0,57,0.114
TMEM63B,0,122,0.244
TMEM35,0,151,0.302
TMEM50A,0,88,0.176
TMEM38A,0,115,0.23
TMEM38B,0,76,0.152
TMEM39A,0,29,0.058
TMEM39B,0,56,0.112
TMEM40,0,116,0.232
TMEM41A,0,75,0.15
TMEM41B,0,20,0.04
TMEM42,0,47,0.094
TMEM43,0,16,0.032
TMEM44,0,62,0.124
TMEM45A,0,104,0.208
TMEM45B,0,166,0.332
TMEM47,0,91,0.182
TMEM5,0,91,0.182
TMEM50B,0,22,0.044
TMEM63A,0,65,0.13
TMEM51,0,98,0.196
TMEM52,0,33,0.066
TMEM52B,0,74,0.148
TMEM53,0,55,0.11
TMEM54,0,31,0.062
TMEM55A,0,44,0.088
TMEM55B,0,80,0.16
TMEM56,0,121,0.242
TMEM57,0,16,0.032
TMEM59,0,18,0.036
TMEM59L,0,37,0.074
TMEM60,0,44,0.088
TMEM61,0,61,0.122
TMEM62,0,71,0.142
TMLHE,0,61,0.122
TMOD1,0,151,0.302
TMOD2,0,67,0.134
TNFRSF14,0,63,0.126
TNFAIP3,0,28,0.056
TNFAIP6,0,109,0.218
TNFAIP8,0,3,0.006
TNFAIP8L1,0,63,0.126
TNFAIP8L2,0,40,0.08
TNFAIP8L3,0,33,0.066
TNFRSF10A,0,84,0.168
TNFRSF10B,0,31,0.062
TNFRSF10D,0,106,0.212
TNFRSF11A,0,47,0.094
TNFRSF11B,0,166,0.332
TNFRSF12A,0,60,0.12
TNFRSF13B,0,43,0.086
TNFRSF13C,0,115,0.23
TNFRSF17,0,266,0.532
TMOD3,0,17,0.034
TNFRSF18,0,65,0.13
TNFRSF19,0,122,0.244
TNFRSF1A,0,73,0.146
TNFRSF1B,0,51,0.102
TNFRSF21,0,74,0.148
TNFRSF25,0,110,0.22
TNFRSF4,0,39,0.078
TNFRSF8,0,60,0.12
TNFRSF9,0,154,0.308
TNFSF10,0,56,0.112
TNFSF11,0,99,0.198
TNFSF13,0,128,0.256
TNFSF13B,0,122,0.244
TNFSF14,0,105,0.21
TNFAIP2,0,97,0.194
TNFAIP1,0,98,0.196
TNF,0,98,0.196
TNC,0,37,0.074
TMOD4,0,74,0.148
TMPO,0,13,0.026
TMPRSS11B,0,111,0.222
TMPRSS11D,0,58,0.116
TMPRSS11E,0,83,0.166
TMPRSS12,0,34,0.068
TMPRSS13,0,86,0.172
TMPRSS15,0,30,0.06
TMPRSS2,0,58,0.116
TMPRSS3,0,55,0.11
TMPRSS4,0,50,0.1
TMPRSS5,0,50,0.1
TMPRSS6,0,46,0.092
TMSB10,0,61,0.122
TMSB15A,0,108,0.216
TMSB15B,0,123,0.246
TMSB4X,0,99,0.198
TMSB4Y,0,93,0.186
TMTC1,0,83,0.166
TMTC2,0,124,0.248
TMTC3,0,10,0.02
TMTC4,0,133,0.266
TMUB1,0,64,0.128
TMUB2,0,34,0.068
TMX1,0,21,0.042
TMX2,0,30,0.06
TMX3,0,5,0.01
TMX4,0,57,0.114
TNAP,0,90,0.18
TMEM37,0,57,0.114
TMEM33,0,31,0.062
TROVE2,0,8,0.016
TMEM17,0,168,0.336
TMEM151B,0,46,0.092
TMEM154,0,58,0.116
TMEM155,0,49,0.098
TMEM156,0,38,0.076
TMEM158,0,62,0.124
TMEM159,0,84,0.168
TMEM160,0,85,0.17
TMEM161A,0,103,0.206
TMEM161B,0,34,0.068
TMEM163,0,103,0.206
TMEM167A,0,8,0.016
TMEM167B,0,44,0.088
TMEM168,0,6,0.012
TMEM169,0,64,0.128
TMEM170A,0,73,0.146
TMEM150B,0,109,0.218
TMEM171,0,114,0.228
TMEM173,0,115,0.23
TMEM174,0,47,0.094
TMEM175,0,114,0.228
TMEM176A,0,198,0.396
TMEM176B,0,256,0.512
TMEM177,0,133,0.266
TMEM178A,0,76,0.152
TMEM179,0,68,0.136
TMEM18,0,21,0.042
TMEM180,0,16,0.032
TMEM181,0,61,0.122
TMEM182,0,155,0.31
TMEM184A,0,118,0.236
TMEM151A,0,92,0.184
TMEM150A,0,95,0.19
TMEM31,0,59,0.118
TMEM132D,0,89,0.178
TMEM120B,0,68,0.136
TMEM121,0,228,0.456
TMEM123,0,66,0.132
TMEM125,0,57,0.114
TMEM126A,0,21,0.042
TMEM126B,0,4,0.008
TMEM127,0,44,0.088
TMEM128,0,9,0.018
TMEM129,0,65,0.13
TMEM130,0,68,0.136
TMEM131,0,46,0.092
TMEM132A,0,26,0.052
TMEM132B,0,91,0.182
TMEM132C,0,43,0.086
TMEM132E,0,63,0.126
TMEM14C,0,58,0.116
TMEM133,0,91,0.182
TMEM134,0,62,0.124
TMEM135,0,16,0.032
TMEM136,0,96,0.192
TMEM138,0,42,0.084
TMEM139,0,66,0.132
TMEM140,0,125,0.25
TMEM141,0,120,0.24
TMEM143,0,136,0.272
TMEM144,0,141,0.282
TMEM145,0,31,0.062
TMEM147,0,75,0.15
TMEM14A,0,79,0.158
TMEM14B,0,43,0.086
TMEM184B,0,87,0.174
TMEM184C,0,14,0.028
TMEM185A,0,32,0.064
TMEM251,0,82,0.164
TMEM229B,0,129,0.258
TMEM230,0,20,0.04
TMEM231,0,96,0.192
TMEM232,0,143,0.286
TMEM234,0,51,0.102
TMEM237,0,50,0.1
TMEM239,0,53,0.106
TMEM241,0,95,0.19
TMEM242,0,35,0.07
TMEM243,0,31,0.062
TMEM245,0,37,0.074
TMEM246,0,41,0.082
TMEM248,0,12,0.024
TMEM25,0,29,0.058
TMEM252,0,115,0.23
TMEM185B,0,44,0.088
TMEM254,0,54,0.108
TMEM255A,0,111,0.222
TMEM255B,0,38,0.076
TMEM256,0,59,0.118
TMEM257,0,75,0.15
TMEM258,0,40,0.08
TMEM259,0,67,0.134
TMEM26,0,23,0.046
TMEM260,0,27,0.054
TMEM261,0,38,0.076
TMEM262,0,61,0.122
TMEM263,0,36,0.072
TMEM27,0,113,0.226
TMEM30B,0,97,0.194
TMEM225,0,165,0.33
TMEM223,0,84,0.168
TMEM222,0,119,0.238
TMEM221,0,36,0.072
TMEM186,0,55,0.11
TMEM187,0,106,0.212
TMEM189,0,46,0.092
TMEM19,0,27,0.054
TMEM190,0,48,0.096
TMEM191A,0,113,0.226
TMEM192,0,61,0.122
TMEM194A,0,10,0.02
TMEM194B,0,71,0.142
TMEM196,0,46,0.092
TMEM198,0,82,0.164
TMEM198B,0,155,0.31
TMEM200A,0,155,0.31
TMEM200B,0,131,0.262
TMEM201,0,67,0.134
TMEM203,0,59,0.118
TMEM204,0,79,0.158
TMEM205,0,71,0.142
TMEM206,0,50,0.1
TMEM207,0,110,0.22
TMEM208,0,80,0.16
TMEM209,0,27,0.054
TMEM212,0,105,0.21
TMEM214,0,46,0.092
TMEM216,0,87,0.174
TMEM217,0,31,0.062
TMEM218,0,62,0.124
TMEM219,0,80,0.16
TMEM220,0,60,0.12
TNFSF15,0,85,0.17
TNFSF18,0,54,0.108
TNFSF4,0,119,0.238
TRIM15,0,11,0.022
TREML3P,0,48,0.096
TREML4,0,78,0.156
TRERF1,0,40,0.08
TRH,0,63,0.126
TRHDE,0,102,0.204
TRHR,0,62,0.124
TRIAP1,0,68,0.136
TRIB1,0,35,0.07
TRIB2,0,41,0.082
TRIL,0,81,0.162
TRIM10,0,123,0.246
TRIM11,0,64,0.128
TRIM13,0,13,0.026
TRIM14,0,32,0.064
TRIM16,0,43,0.086
TREML1,0,75,0.15
TRIM17,0,60,0.12
TRIM2,0,66,0.132
TRIM21,0,63,0.126
TRIM22,0,30,0.06
TRIM23,0,68,0.136
TRIM24,0,13,0.026
TRIM25,0,39,0.078
TRIM26,0,37,0.074
TRIM27,0,18,0.036
TRIM28,0,46,0.092
TRIM29,0,90,0.18
TRIM3,0,58,0.116
TRIM31,0,24,0.048
TRIM32,0,139,0.278
TREML2,0,105,0.21
TREM2,0,23,0.046
TNFSF8,0,128,0.256
TRAPPC11,0,4,0.008
TRAF5,0,6,0.012
TRAF6,0,16,0.032
TRAF7,0,107,0.214
TRAFD1,0,87,0.174
TRAIP,0,64,0.128
TRAK1,0,43,0.086
TRAK2,0,147,0.294
TRAM1,0,31,0.062
TRAM1L1,0,121,0.242
TRAM2,0,96,0.192
TRANK1,0,59,0.118
TRAP1,0,96,0.192
TRAPPC1,0,66,0.132
TRAPPC10,0,33,0.066
TRAPPC12,0,52,0.104
TREM1,0,71,0.142
TRAPPC13,0,10,0.02
TRAPPC2,0,16,0.032
TRAPPC2L,0,52,0.104
TRAPPC3,0,4,0.008
TRAPPC3L,0,121,0.242
TRAPPC5,0,64,0.128
TRAPPC6A,0,125,0.25
TRAPPC6B,0,15,0.03
TRAPPC8,0,19,0.038
TRAPPC9,0,54,0.108
TRAT1,0,30,0.06
TRDMT1,0,29,0.058
TRDN,0,78,0.156
TREH,0,67,0.134
TRIM33,0,24,0.048
TRIM35,0,79,0.158
TRIM36,0,97,0.194
TRMT112,0,44,0.088
TRIO,0,73,0.146
TRIOBP,0,78,0.156
TRIP10,0,140,0.28
TRIP11,0,60,0.12
TRIP12,0,17,0.034
TRIP13,0,94,0.188
TRIP4,0,24,0.048
TRIP6,0,79,0.158
TRIT1,0,22,0.044
TRMT1,0,83,0.166
TRMT10A,0,146,0.292
TRMT10B,0,67,0.134
TRMT10C,0,32,0.064
TRMT11,0,12,0.024
TRMT12,0,20,0.04
TRIM37,0,50,0.1
TRMT13,0,26,0.052
TRMT1L,0,7,0.014
TRMT2A,0,76,0.152
TRMT2B,0,90,0.18
TRMT44,0,108,0.216
TRMT5,0,108,0.216
TRMT6,0,20,0.04
TRMT61A,0,59,0.118
TRMT61B,0,19,0.038
TRNAU1AP,0,33,0.066
TRNP1,0,86,0.172
TRNT1,0,32,0.064
TRO,0,80,0.16
TROAP,0,56,0.112
TRIML2,0,14,0.028
TRIML1,0,141,0.282
TRIM9,0,127,0.254
TRIM8,0,35,0.07
TRIM38,0,54,0.108
TRIM4,0,45,0.09
TRIM40,0,124,0.248
TRIM41,0,30,0.06
TRIM42,0,46,0.092
TRIM44,0,11,0.022
TRIM45,0,56,0.112
TRIM46,0,44,0.088
TRIM47,0,31,0.062
TRIM5,0,59,0.118
TRIM50,0,63,0.126
TRIM51,0,78,0.156
TRIM52,0,31,0.062
TRIM54,0,147,0.294
TRIM55,0,28,0.056
TRIM56,0,76,0.152
TRIM59,0,35,0.07
TRIM6,0,91,0.182
TRIM61,0,81,0.162
TRIM62,0,99,0.198
TRIM63,0,46,0.092
TRIM65,0,51,0.102
TRIM66,0,73,0.146
TRIM67,0,24,0.048
TRIM68,0,24,0.048
TRIM69,0,114,0.228
TRIM7,0,202,0.404
TRIM71,0,92,0.184
TRIM72,0,94,0.188
TRAF4,0,63,0.126
TRAF3IP3,0,32,0.064
TRAF3IP2,0,59,0.118
TOMM70A,0,14,0.028
TNXB,0,21,0.042
TOB1,0,58,0.116
TOB2,0,95,0.19
TOE1,0,31,0.062
TOLLIP,0,49,0.098
TOM1,0,77,0.154
TOM1L1,0,30,0.06
TOM1L2,0,59,0.118
TOMM20,0,27,0.054
TOMM22,0,22,0.044
TOMM34,0,114,0.228
TOMM40,0,75,0.15
TOMM40L,0,81,0.162
TOMM5,0,92,0.184
TONSL,0,82,0.164
TOX2,0,116,0.232
TOP1,0,43,0.086
TOP1MT,0,104,0.208
TOP2A,0,162,0.324
TOP2B,0,10,0.02
TOP3A,0,27,0.054
TOP3B,0,100,0.2
TOPBP1,0,6,0.012
TOR1A,0,18,0.036
TOR1AIP1,0,38,0.076
TOR1AIP2,0,1,0.002
TOR1B,0,82,0.164
TOR2A,0,78,0.156
TOR3A,0,53,0.106
TOR4A,0,59,0.118
TNS4,0,15,0.03
TNS3,0,132,0.264
TNS1,0,103,0.206
TNRC6C,0,66,0.132
TNFSF9,0,64,0.128
TNIK,0,38,0.076
TNIP1,0,66,0.132
TNIP2,0,77,0.154
TNIP3,0,141,0.282
TNK1,0,63,0.126
TNK2,0,82,0.164
TNKS,0,8,0.016
TNKS1BP1,0,89,0.178
TNKS2,0,22,0.044
TNMD,0,80,0.16
TNN,0,35,0.07
TNNC1,0,95,0.19
TNNC2,0,13,0.026
TNNI1,0,76,0.152
TNNI2,0,91,0.182
TNNI3,0,59,0.118
TNNT1,0,63,0.126
TNNT2,0,76,0.152
TNNT3,0,93,0.186
TNP1,0,95,0.19
TNP2,0,31,0.062
TNPO1,0,61,0.122
TNPO2,0,59,0.118
TNPO3,0,21,0.042
TNR,0,95,0.19
TNRC18,0,73,0.146
TNRC6A,0,12,0.024
TNRC6B,0,33,0.066
TOX,0,60,0.12
TOX3,0,48,0.096
TRAF3IP1,0,49,0.098
TPST1,0,153,0.306
TPO,0,34,0.068
TPP1,0,59,0.118
TPP2,0,32,0.064
TPPP,0,92,0.184
TPPP2,0,17,0.034
TPPP3,0,142,0.284
TPRA1,0,140,0.28
TPRG1,0,63,0.126
TPRG1L,0,101,0.202
TPRKB,0,42,0.084
TPRN,0,65,0.13
TPSAB1,0,18,0.036
TPSD1,0,52,0.104
TPSG1,0,43,0.086
TPST2,0,69,0.138
TOX4,0,10,0.02
TPT1P8,0,129,0.258
TPTE,0,118,0.236
TPTE2P6,0,123,0.246
TPTEP1,0,71,0.142
TPX2,0,128,0.256
TRA2A,0,32,0.064
TRA2B,0,12,0.024
TRABD,0,128,0.256
TRABD2A,0,94,0.188
TRABD2B,0,48,0.096
TRADD,0,69,0.138
TRAF1,0,103,0.206
TRAF2,0,52,0.104
TRAF3,0,13,0.026
TPMT,0,59,0.118
TPM4,0,112,0.224
TPM3,0,21,0.042
TPM2,0,145,0.29
TP53,0,71,0.142
TP53AIP1,0,76,0.152
TP53BP1,0,87,0.174
TP53BP2,0,51,0.102
TP53I11,0,132,0.264
TP53I13,0,100,0.2
TP53I3,0,114,0.228
TP53INP1,0,35,0.07
TP53INP2,0,118,0.236
TP53RK,0,28,0.056
TP53TG1,0,85,0.17
TP53TG3,0,172,0.344
TP53TG5,0,109,0.218
TP63,0,58,0.116
TP73,0,36,0.072
TPBG,0,88,0.176
TPCN1,0,98,0.196
TPCN2,0,101,0.202
TPD52,0,52,0.104
TPD52L1,0,71,0.142
TPD52L2,0,47,0.094
TPD52L3,0,38,0.076
TPGS1,0,102,0.204
TPGS2,0,138,0.276
TPH1,0,110,0.22
TPH2,0,61,0.122
TPI1,0,64,0.128
TPK1,0,17,0.034
TPM1,0,131,0.262
VASH1,0,119,0.238
VASH2,0,66,0.132
VASN,0,99,0.198
ZNF383,0,37,0.074
ZNF345,0,82,0.164
ZNF346,0,27,0.054
ZNF347,0,37,0.074
ZNF35,0,150,0.3
ZNF350,0,27,0.054
ZNF354A,0,56,0.112
ZNF354B,0,47,0.094
ZNF354C,0,124,0.248
ZNF358,0,106,0.212
ZNF362,0,77,0.154
ZNF365,0,56,0.112
ZNF366,0,59,0.118
ZNF37BP,0,18,0.036
ZNF382,0,65,0.13
ZNF384,0,83,0.166
ZNF341,0,61,0.122
ZNF385A,0,122,0.244
ZNF385B,0,156,0.312
ZNF385C,0,92,0.184
ZNF385D,0,58,0.116
ZNF391,0,72,0.144
ZNF394,0,19,0.038
ZNF395,0,92,0.184
ZNF396,0,190,0.38
ZNF397,0,33,0.066
ZNF398,0,32,0.064
ZNF404,0,76,0.152
ZNF407,0,44,0.088
ZNF408,0,103,0.206
ZNF41,0,79,0.158
ZNF343,0,87,0.174
ZNF34,0,100,0.2
ZNF282,0,44,0.088
ZNF317,0,11,0.022
ZNF284,0,64,0.128
ZNF285,0,125,0.25
ZNF286A,0,44,0.088
ZNF287,0,168,0.336
ZNF296,0,166,0.332
ZNF29P,0,126,0.252
ZNF3,0,46,0.092
ZNF30,0,69,0.138
ZNF300,0,104,0.208
ZNF300P1,0,144,0.288
ZNF302,0,28,0.056
ZNF304,0,35,0.07
ZNF311,0,107,0.214
ZNF316,0,114,0.228
ZNF318,0,42,0.084
ZNF33B,0,34,0.068
ZNF319,0,50,0.1
ZNF32,0,40,0.08
ZNF320,0,45,0.09
ZNF324,0,102,0.204
ZNF324B,0,74,0.148
ZNF326,0,7,0.014
ZNF329,0,48,0.096
ZNF330,0,20,0.04
ZNF331,0,23,0.046
ZNF333,0,136,0.272
ZNF334,0,163,0.326
ZNF335,0,114,0.228
ZNF337,0,88,0.176
ZNF33A,0,18,0.036
ZNF414,0,150,0.3
ZNF415,0,137,0.274
ZNF416,0,91,0.182
ZNF497,0,65,0.13
ZNF473,0,156,0.312
ZNF474,0,24,0.048
ZNF48,0,111,0.222
ZNF480,0,98,0.196
ZNF483,0,152,0.304
ZNF484,0,45,0.09
ZNF485,0,187,0.374
ZNF486,0,176,0.352
ZNF488,0,63,0.126
ZNF490,0,62,0.124
ZNF491,0,208,0.416
ZNF492,0,170,0.34
ZNF493,0,49,0.098
ZNF496,0,105,0.21
ZNF500,0,93,0.186
ZNF417,0,21,0.042
ZNF501,0,132,0.264
ZNF502,0,57,0.114
ZNF503,0,70,0.14
ZNF506,0,19,0.038
ZNF507,0,38,0.076
ZNF510,0,56,0.112
ZNF511,0,152,0.304
ZNF512,0,8,0.016
ZNF512B,0,117,0.234
ZNF513,0,44,0.088
ZNF516,0,59,0.118
ZNF517,0,55,0.11
ZNF518A,0,10,0.02
ZNF519,0,54,0.108
ZNF471,0,145,0.29
ZNF470,0,136,0.272
ZNF469,0,38,0.076
ZNF468,0,28,0.056
ZNF418,0,104,0.208
ZNF419,0,28,0.056
ZNF423,0,60,0.12
ZNF425,0,49,0.098
ZNF426,0,44,0.088
ZNF428,0,108,0.216
ZNF429,0,139,0.278
ZNF43,0,77,0.154
ZNF430,0,13,0.026
ZNF431,0,47,0.094
ZNF432,0,54,0.108
ZNF436,0,49,0.098
ZNF438,0,54,0.108
ZNF439,0,100,0.2
ZNF44,0,19,0.038
ZNF440,0,42,0.084
ZNF441,0,64,0.128
ZNF442,0,48,0.096
ZNF443,0,96,0.192
ZNF444,0,57,0.114
ZNF445,0,82,0.164
ZNF446,0,41,0.082
ZNF449,0,105,0.21
ZNF45,0,11,0.022
ZNF451,0,7,0.014
ZNF460,0,138,0.276
ZNF461,0,72,0.144
ZNF462,0,30,0.06
ZNF467,0,78,0.156
ZNF283,0,63,0.126
ZNF281,0,27,0.054
VASP,0,98,0.196
ZNF134,0,24,0.048
ZMYND11,0,34,0.068
ZMYND12,0,144,0.288
ZMYND15,0,26,0.052
ZMYND19,0,48,0.096
ZMYND8,0,32,0.064
ZNF10,0,24,0.048
ZNF100,0,131,0.262
ZNF101,0,39,0.078
ZNF107,0,84,0.168
ZNF112,0,105,0.21
ZNF114,0,87,0.174
ZNF121,0,23,0.046
ZNF132,0,156,0.312
ZNF133,0,43,0.086
ZNF135,0,93,0.186
ZMYM6,0,28,0.056
ZNF136,0,81,0.162
ZNF137P,0,32,0.064
ZNF138,0,76,0.152
ZNF14,0,42,0.084
ZNF140,0,33,0.066
ZNF141,0,68,0.136
ZNF142,0,39,0.078
ZNF143,0,39,0.078
ZNF146,0,29,0.058
ZNF148,0,23,0.046
ZNF154,0,148,0.296
ZNF155,0,126,0.252
ZNF157,0,160,0.32
ZNF16,0,114,0.228
ZMYND10,0,52,0.104
ZMYM5,0,31,0.062
ZNF280C,0,18,0.036
ZKSCAN3,0,36,0.072
ZG16B,0,77,0.154
ZGPAT,0,95,0.19
ZGRF1,0,70,0.14
ZHX1,0,31,0.062
ZHX2,0,44,0.088
ZHX3,0,39,0.078
ZIC1,0,38,0.076
ZIC2,0,26,0.052
ZIC3,0,77,0.154
ZIC4,0,76,0.152
ZIC5,0,87,0.174
ZIK1,0,49,0.098
ZIM3,0,146,0.292
ZKSCAN2,0,79,0.158
ZKSCAN4,0,77,0.154
ZMYM4,0,7,0.014
ZKSCAN5,0,41,0.082
ZKSCAN7,0,175,0.35
ZKSCAN8,0,22,0.044
ZMAT1,0,47,0.094
ZMAT2,0,89,0.178
ZMAT3,0,24,0.048
ZMAT4,0,177,0.354
ZMAT5,0,120,0.24
ZMIZ1,0,73,0.146
ZMIZ2,0,89,0.178
ZMPSTE24,0,19,0.038
ZMYM1,0,15,0.03
ZMYM2,0,17,0.034
ZMYM3,0,94,0.188
ZNF160,0,83,0.166
ZNF165,0,114,0.228
ZNF169,0,74,0.148
ZNF253,0,19,0.038
ZNF23,0,126,0.252
ZNF230,0,54,0.108
ZNF232,0,73,0.146
ZNF233,0,244,0.488
ZNF234,0,16,0.032
ZNF235,0,55,0.11
ZNF236,0,105,0.21
ZNF239,0,76,0.152
ZNF24,0,28,0.056
ZNF248,0,39,0.078
ZNF25,0,52,0.104
ZNF250,0,78,0.156
ZNF251,0,71,0.142
ZNF252P,0,72,0.144
ZNF256,0,100,0.2
ZNF17,0,37,0.074
ZNF257,0,210,0.42
ZNF260,0,58,0.116
ZNF264,0,67,0.134
ZNF266,0,42,0.084
ZNF268,0,49,0.098
ZNF271,0,13,0.026
ZNF273,0,46,0.092
ZNF274,0,28,0.056
ZNF275,0,102,0.204
ZNF276,0,54,0.108
ZNF277,0,31,0.062
ZNF28,0,107,0.214
ZNF280A,0,169,0.338
ZNF280B,0,110,0.22
ZNF229,0,102,0.204
ZNF227,0,15,0.03
ZNF226,0,40,0.08
ZNF225,0,42,0.084
ZNF174,0,135,0.27
ZNF175,0,86,0.172
ZNF177,0,54,0.108
ZNF18,0,22,0.044
ZNF180,0,26,0.052
ZNF182,0,30,0.06
ZNF184,0,25,0.05
ZNF185,0,88,0.176
ZNF189,0,24,0.048
ZNF19,0,90,0.18
ZNF195,0,75,0.15
ZNF197,0,127,0.254
ZNF2,0,78,0.156
ZNF200,0,36,0.072
ZNF202,0,61,0.122
ZNF204P,0,113,0.226
ZNF205,0,56,0.112
ZNF207,0,12,0.024
ZNF208,0,83,0.166
ZNF211,0,31,0.062
ZNF212,0,105,0.21
ZNF213,0,61,0.122
ZNF214,0,31,0.062
ZNF215,0,135,0.27
ZNF219,0,40,0.08
ZNF22,0,21,0.042
ZNF221,0,142,0.284
ZNF222,0,60,0.12
ZNF223,0,82,0.164
ZNF521,0,82,0.164
ZNF524,0,76,0.152
ZNF526,0,100,0.2
ZNF827,0,36,0.072
ZNF8,0,44,0.088
ZNF80,0,141,0.282
ZNF800,0,89,0.178
ZNF804A,0,127,0.254
ZNF804B,0,137,0.274
ZNF805,0,19,0.038
ZNF81,0,97,0.194
ZNF813,0,39,0.078
ZNF814,0,54,0.108
ZNF816,0,37,0.074
ZNF818P,0,97,0.194
ZNF821,0,40,0.08
ZNF823,0,110,0.22
ZNF826P,0,182,0.364
ZNF829,0,122,0.244
ZNF792,0,46,0.092
ZNF83,0,56,0.112
ZNF830,0,22,0.044
ZNF831,0,63,0.126
ZNF835,0,78,0.156
ZNF836,0,89,0.178
ZNF837,0,65,0.13
ZNF839,0,46,0.092
ZNF84,0,38,0.076
ZNF843,0,46,0.092
ZNF844,0,69,0.138
ZNF85,0,117,0.234
ZNF850,0,42,0.084
ZNF852,0,64,0.128
ZNF861P,0,135,0.27
ZNF793,0,102,0.204
ZNF791,0,26,0.052
ZNF527,0,99,0.198
ZNF767P,0,31,0.062
ZNF717,0,101,0.202
ZNF718,0,79,0.158
ZNF732,0,128,0.256
ZNF738,0,67,0.134
ZNF74,0,136,0.272
ZNF746,0,116,0.232
ZNF747,0,68,0.136
ZNF749,0,194,0.388
ZNF750,0,133,0.266
ZNF75A,0,13,0.026
ZNF75D,0,17,0.034
ZNF76,0,66,0.132
ZNF764,0,122,0.244
ZNF766,0,17,0.034
ZNF77,0,98,0.196
ZNF79,0,64,0.128
ZNF771,0,170,0.34
ZNF775,0,69,0.138
ZNF776,0,8,0.016
ZNF777,0,118,0.236
ZNF778,0,109,0.218
ZNF781,0,150,0.3
ZNF782,0,51,0.102
ZNF783,0,52,0.104
ZNF784,0,161,0.322
ZNF785,0,103,0.206
ZNF786,0,51,0.102
ZNF787,0,109,0.218
ZNF788,0,88,0.176
ZNF789,0,74,0.148
ZNF862,0,66,0.132
ZNF865,0,82,0.164
ZNF876P,0,83,0.166
ZSWIM3,0,75,0.15
ZSCAN20,0,58,0.116
ZSCAN21,0,99,0.198
ZSCAN22,0,78,0.156
ZSCAN23,0,117,0.234
ZSCAN25,0,63,0.126
ZSCAN29,0,30,0.06
ZSCAN30,0,44,0.088
ZSCAN31,0,36,0.072
ZSCAN32,0,24,0.048
ZSCAN4,0,45,0.09
ZSCAN5A,0,74,0.148
ZSCAN9,0,114,0.228
ZSWIM1,0,51,0.102
ZSWIM2,0,70,0.14
ZSWIM4,0,137,0.274
ZNF879,0,23,0.046
ZSWIM5,0,51,0.102
ZSWIM6,0,41,0.082
ZSWIM8,0,62,0.124
ZUFSP,0,5,0.01
ZW10,0,24,0.048
ZWILCH,0,52,0.104
ZWINT,0,51,0.102
ZXDA,0,116,0.232
ZXDB,0,54,0.108
ZXDC,0,37,0.074
ZYG11A,0,56,0.112
ZYG11B,0,19,0.038
ZYX,0,46,0.092
ZZEF1,0,72,0.144
ZSCAN2,0,105,0.21
ZSCAN18,0,111,0.222
ZSCAN16,0,32,0.064
ZSCAN12,0,43,0.086
ZNF880,0,25,0.05
ZNF90,0,90,0.18
ZNF91,0,34,0.068
ZNF92,0,84,0.168
ZNF93,0,96,0.192
ZNF99,0,96,0.192
ZNFX1,0,25,0.05
ZNHIT1,0,74,0.148
ZNHIT2,0,112,0.224
ZNHIT3,0,27,0.054
ZNHIT6,0,19,0.038
ZNRD1,0,78,0.156
ZNRF1,0,27,0.054
ZNRF2,0,105,0.21
ZNRF2P1,0,107,0.214
ZNRF3,0,139,0.278
ZNRF4,0,80,0.16
ZP1,0,56,0.112
ZP2,0,28,0.056
ZP4,0,82,0.164
ZPBP,0,75,0.15
ZPBP2,0,85,0.17
ZPLD1,0,71,0.142
ZPR1,0,8,0.016
ZRANB1,0,11,0.022
ZRANB2,0,31,0.062
ZRANB3,0,109,0.218
ZSCAN1,0,52,0.104
ZSCAN10,0,30,0.06
ZNF713,0,150,0.3
ZNF711,0,122,0.244
ZNF710,0,81,0.162
ZNF585A,0,23,0.046
ZNF571,0,85,0.17
ZNF572,0,106,0.212
ZNF573,0,53,0.106
ZNF574,0,104,0.208
ZNF575,0,133,0.266
ZNF576,0,38,0.076
ZNF577,0,85,0.17
ZNF578,0,151,0.302
ZNF579,0,44,0.088
ZNF580,0,158,0.316
ZNF581,0,127,0.254
ZNF582,0,90,0.18
ZNF583,0,72,0.144
ZNF584,0,51,0.102
ZNF585B,0,63,0.126
ZNF609,0,38,0.076
ZNF586,0,43,0.086
ZNF587,0,53,0.106
ZNF587B,0,80,0.16
ZNF589,0,59,0.118
ZNF592,0,65,0.13
ZNF593,0,112,0.224
ZNF594,0,174,0.348
ZNF596,0,153,0.306
ZNF597,0,64,0.128
ZNF598,0,102,0.204
ZNF599,0,89,0.178
ZNF605,0,55,0.11
ZNF606,0,93,0.186
ZNF607,0,64,0.128
ZNF570,0,26,0.052
ZNF57,0,85,0.17
ZNF568,0,73,0.146
ZNF567,0,21,0.042
ZNF528,0,116,0.232
ZNF529,0,10,0.02
ZNF530,0,164,0.328
ZNF532,0,112,0.224
ZNF536,0,44,0.088
ZNF541,0,18,0.036
ZNF542P,0,69,0.138
ZNF543,0,77,0.154
ZNF544,0,51,0.102
ZNF546,0,68,0.136
ZNF547,0,57,0.114
ZNF548,0,58,0.116
ZNF549,0,142,0.284
ZNF550,0,80,0.16
ZNF551,0,56,0.112
ZNF552,0,74,0.148
ZNF554,0,114,0.228
ZNF555,0,51,0.102
ZNF556,0,110,0.22
ZNF557,0,34,0.068
ZNF558,0,23,0.046
ZNF559,0,59,0.118
ZNF560,0,175,0.35
ZNF561,0,21,0.042
ZNF562,0,25,0.05
ZNF563,0,124,0.248
ZNF564,0,29,0.058
ZNF565,0,43,0.086
ZNF566,0,28,0.056
ZNF608,0,86,0.172
ZNF610,0,146,0.292
ZNF71,0,82,0.164
ZNF684,0,112,0.224
ZNF667,0,67,0.134
ZNF668,0,110,0.22
ZNF669,0,115,0.23
ZNF670,0,113,0.226
ZNF671,0,54,0.108
ZNF672,0,51,0.102
ZNF674,0,147,0.294
ZNF675,0,46,0.092
ZNF677,0,116,0.232
ZNF678,0,99,0.198
ZNF680,0,68,0.136
ZNF681,0,121,0.242
ZNF682,0,55,0.11
ZNF683,0,111,0.222
ZNF687,0,111,0.222
ZNF611,0,59,0.118
ZNF688,0,102,0.204
ZNF689,0,106,0.212
ZNF691,0,41,0.082
ZNF692,0,55,0.11
ZNF696,0,75,0.15
ZNF697,0,147,0.294
ZNF7,0,24,0.048
ZNF70,0,88,0.176
ZNF702P,0,79,0.158
ZNF703,0,136,0.272
ZNF704,0,48,0.096
ZNF706,0,60,0.12
ZNF708,0,62,0.124
ZNF709,0,55,0.11
ZNF665,0,196,0.392
ZNF664,0,33,0.066
ZNF663P,0,199,0.398
ZNF662,0,54,0.108
ZNF613,0,122,0.244
ZNF614,0,80,0.16
ZNF615,0,11,0.022
ZNF616,0,110,0.22
ZNF618,0,69,0.138
ZNF619,0,34,0.068
ZNF620,0,104,0.208
ZNF621,0,18,0.036
ZNF622,0,22,0.044
ZNF623,0,8,0.016
ZNF624,0,146,0.292
ZNF625,0,99,0.198
ZNF626,0,110,0.22
ZNF627,0,18,0.036
ZNF628,0,65,0.13
ZNF629,0,69,0.138
ZNF630,0,42,0.084
ZNF639,0,6,0.012
ZNF641,0,75,0.15
ZNF644,0,7,0.014
ZNF645,0,54,0.108
ZNF646,0,86,0.172
ZNF649,0,91,0.182
ZNF652,0,83,0.166
ZNF653,0,102,0.204
ZNF654,0,6,0.012
ZNF655,0,6,0.012
ZNF658,0,85,0.17
ZNF660,0,81,0.162
ZG16,0,55,0.11
ZFYVE9,0,97,0.194
ZFYVE28,0,123,0.246
WDR55,0,50,0.1
WDR4,0,77,0.154
WDR41,0,13,0.026
WDR43,0,24,0.048
WDR44,0,7,0.014
WDR45,0,106,0.212
WDR45B,0,23,0.046
WDR46,0,25,0.05
WDR47,0,38,0.076
WDR48,0,21,0.042
WDR49,0,221,0.442
WDR5,0,59,0.118
WDR52,0,85,0.17
WDR53,0,64,0.128
WDR54,0,70,0.14
WDR59,0,43,0.086
WDR37,0,14,0.028
WDR5B,0,46,0.092
WDR6,0,71,0.142
WDR60,0,38,0.076
WDR61,0,35,0.07
WDR62,0,10,0.02
WDR63,0,40,0.08
WDR64,0,67,0.134
WDR65,0,19,0.038
WDR66,0,49,0.098
WDR7,0,23,0.046
WDR70,0,20,0.04
WDR72,0,90,0.18
WDR73,0,17,0.034
WDR74,0,70,0.14
WDR38,0,37,0.074
WDR36,0,4,0.008
WNT9A,0,132,0.264
WDR1,0,24,0.048
WBP2NL,0,153,0.306
WBP4,0,31,0.062
WBP5,0,84,0.168
WBSCR16,0,136,0.272
WBSCR17,0,54,0.108
WBSCR22,0,49,0.098
WBSCR27,0,37,0.074
WBSCR28,0,49,0.098
WDFY1,0,14,0.028
WDFY2,0,38,0.076
WDFY3,0,26,0.052
WDFY4,0,92,0.184
WDHD1,0,79,0.158
WDPCP,0,27,0.054
WDR11,0,36,0.072
WDR35,0,88,0.176
WDR12,0,11,0.022
WDR13,0,161,0.322
WDR16,0,26,0.052
WDR17,0,123,0.246
WDR18,0,55,0.11
WDR19,0,21,0.042
WDR20,0,20,0.04
WDR24,0,77,0.154
WDR25,0,94,0.188
WDR26,0,35,0.07
WDR27,0,107,0.214
WDR3,0,19,0.038
WDR31,0,79,0.158
WDR34,0,57,0.114
WDR75,0,3,0.006
WDR76,0,89,0.178
WDR77,0,19,0.038
WNK3,0,121,0.242
WIBG,0,133,0.266
WIF1,0,105,0.21
WIPF1,0,53,0.106
WIPF2,0,9,0.018
WIPF3,0,75,0.15
WIPI1,0,73,0.146
WIPI2,0,33,0.066
WISP1,0,66,0.132
WISP2,0,82,0.164
WISP3,0,56,0.112
WIZ,0,58,0.116
WLS,0,108,0.216
WNK1,0,80,0.16
WNK2,0,30,0.06
WNK4,0,83,0.166
WDR78,0,54,0.108
WNT1,0,52,0.104
WNT10A,0,73,0.146
WNT10B,0,98,0.196
WNT11,0,28,0.056
WNT16,0,125,0.25
WNT2,0,66,0.132
WNT2B,0,98,0.196
WNT4,0,62,0.124
WNT5A,0,80,0.16
WNT5B,0,22,0.044
WNT6,0,167,0.334
WNT7A,0,149,0.298
WNT7B,0,123,0.246
WNT8A,0,91,0.182
WHSC1L1,0,54,0.108
WHSC1,0,33,0.066
WHAMM,0,16,0.032
WFS1,0,64,0.128
WDR81,0,52,0.104
WDR83,0,85,0.17
WDR83OS,0,63,0.126
WDR86,0,63,0.126
WDR87,0,65,0.13
WDR88,0,76,0.152
WDR90,0,48,0.096
WDR91,0,16,0.032
WDR92,0,50,0.1
WDR93,0,36,0.072
WDR96,0,34,0.068
WDSUB1,0,48,0.096
WDTC1,0,100,0.2
WDYHV1,0,44,0.088
WEE1,0,178,0.356
WFDC1,0,31,0.062
WFDC10A,0,92,0.184
WFDC10B,0,101,0.202
WFDC11,0,145,0.29
WFDC12,0,38,0.076
WFDC13,0,58,0.116
WFDC2,0,10,0.02
WFDC3,0,80,0.16
WFDC5,0,22,0.044
WFDC6,0,69,0.138
WFDC8,0,58,0.116
WFDC9,0,54,0.108
WFIKKN1,0,36,0.072
WFIKKN2,0,99,0.198
WBP2,0,70,0.14
WBP1L,0,50,0.1
WBP11,0,17,0.034
VN1R10P,0,76,0.152
VIM,0,71,0.142
VIMP,0,29,0.058
VIP,0,103,0.206
VIPAS39,0,10,0.02
VIPR1,0,135,0.27
VIPR2,0,181,0.362
VIT,0,82,0.164
VKORC1,0,88,0.176
VKORC1L1,0,119,0.238
VLDLR,0,137,0.274
VMA21,0,79,0.158
VMO1,0,75,0.15
VMP1,0,92,0.184
VN1R1,0,155,0.31
VN1R2,0,44,0.088
VPS25,0,31,0.062
VN1R3,0,32,0.064
VN1R4,0,184,0.368
VN1R5,0,73,0.146
VNN1,0,131,0.262
VNN3,0,95,0.19
VOPP1,0,30,0.06
VPRBP,0,27,0.054
VPREB1,0,144,0.288
VPREB3,0,155,0.31
VPS11,0,44,0.088
VPS13A,0,13,0.026
VPS13B,0,16,0.032
VPS13C,0,9,0.018
VPS13D,0,23,0.046
VILL,0,25,0.05
VIL1,0,26,0.052
VHL,0,104,0.208
VGLL4,0,62,0.124
VAT1,0,101,0.202
VAT1L,0,65,0.13
VAV1,0,34,0.068
VAV2,0,107,0.214
VAV3,0,18,0.036
VAX2,0,78,0.156
VBP1,0,5,0.01
VCAM1,0,135,0.27
VCAN,0,112,0.224
VCL,0,94,0.188
VCP,0,19,0.038
VCPIP1,0,37,0.074
VCPKMT,0,36,0.072
VCY,0,182,0.364
VDAC1,0,121,0.242
VDAC2,0,41,0.082
VDAC3,0,17,0.034
VDR,0,116,0.232
VEGFA,0,81,0.162
VEGFB,0,78,0.156
VEGFC,0,75,0.15
VENTX,0,93,0.186
VEPH1,0,77,0.154
VEZF1,0,56,0.112
VEZT,0,16,0.032
VGF,0,115,0.23
VGLL1,0,43,0.086
VGLL2,0,38,0.076
VGLL3,0,143,0.286
VPS18,0,152,0.304
VPS26A,0,26,0.052
WASL,0,22,0.044
VWA7,0,45,0.09
VSTM2A,0,74,0.148
VSTM2L,0,44,0.088
VSTM4,0,108,0.216
VSX1,0,39,0.078
VTA1,0,8,0.016
VTCN1,0,67,0.134
VTI1A,0,59,0.118
VTI1B,0,64,0.128
VWA1,0,43,0.086
VWA3A,0,67,0.134
VWA3B,0,39,0.078
VWA5A,0,123,0.246
VWA5B1,0,69,0.138
VWA5B2,0,125,0.25
VWA8,0,22,0.044
VPS26B,0,25,0.05
VWA9,0,19,0.038
VWC2,0,145,0.29
VWCE,0,49,0.098
VWDE,0,131,0.262
VWF,0,22,0.044
WAC,0,21,0.042
WARS,0,114,0.228
WARS2,0,35,0.07
WAS,0,65,0.13
WASF1,0,75,0.15
WASF2,0,47,0.094
WASF3,0,48,0.096
WASH1,0,125,0.25
WASIR1,0,60,0.12
VSTM1,0,137,0.274
VSNL1,0,69,0.138
VSIG4,0,80,0.16
VSIG2,0,32,0.064
VPS28,0,82,0.164
VPS29,0,8,0.016
VPS33A,0,17,0.034
VPS33B,0,38,0.076
VPS35,0,13,0.026
VPS36,0,4,0.008
VPS37A,0,14,0.028
VPS37B,0,72,0.144
VPS37C,0,75,0.15
VPS37D,0,55,0.11
VPS39,0,10,0.02
VPS41,0,4,0.008
VPS45,0,5,0.01
VPS4A,0,24,0.048
VPS4B,0,12,0.024
VPS51,0,73,0.146
VPS52,0,32,0.064
VPS53,0,80,0.16
VPS54,0,7,0.014
VPS72,0,61,0.122
VPS8,0,25,0.05
VPS9D1,0,132,0.264
VRK1,0,9,0.018
VRK2,0,26,0.052
VRK3,0,73,0.146
VRTN,0,139,0.278
VSIG1,0,56,0.112
VSIG10,0,37,0.074
VSIG10L,0,49,0.098
WNT8B,0,23,0.046
WNT9B,0,91,0.182
ZFYVE27,0,117,0.234
ZCCHC13,0,107,0.214
ZC3H18,0,76,0.152
ZC3H3,0,142,0.284
ZC3H4,0,49,0.098
ZC3H6,0,45,0.09
ZC3H7A,0,10,0.02
ZC3H7B,0,62,0.124
ZC3H8,0,30,0.06
ZC3HAV1,0,31,0.062
ZC3HAV1L,0,80,0.16
ZC3HC1,0,92,0.184
ZC4H2,0,82,0.164
ZCCHC10,0,47,0.094
ZCCHC11,0,22,0.044
ZCCHC12,0,99,0.198
ZCCHC14,0,54,0.108
ZC3H14,0,12,0.024
ZCCHC17,0,32,0.064
ZCCHC18,0,83,0.166
ZCCHC2,0,105,0.21
ZCCHC24,0,102,0.204
ZCCHC3,0,148,0.296
ZCCHC4,0,46,0.092
ZCCHC5,0,39,0.078
ZCCHC6,0,28,0.056
ZCCHC7,0,40,0.08
ZCCHC8,0,6,0.012
ZCCHC9,0,13,0.026
ZCRB1,0,15,0.03
ZCWPW1,0,117,0.234
ZCWPW2,0,86,0.172
ZC3H15,0,43,0.086
ZC3H13,0,9,0.018
WRAP53,0,74,0.148
ZBTB48,0,95,0.19
ZBTB33,0,67,0.134
ZBTB34,0,111,0.222
ZBTB37,0,73,0.146
ZBTB38,0,72,0.144
ZBTB39,0,81,0.162
ZBTB4,0,46,0.092
ZBTB40,0,16,0.032
ZBTB41,0,27,0.054
ZBTB42,0,56,0.112
ZBTB43,0,79,0.158
ZBTB44,0,25,0.05
ZBTB45,0,71,0.142
ZBTB46,0,117,0.234
ZBTB47,0,61,0.122
ZBTB49,0,51,0.102
ZC3H12D,0,154,0.308
ZBTB5,0,99,0.198
ZBTB6,0,34,0.068
ZBTB7A,0,46,0.092
ZBTB7B,0,118,0.236
ZBTB7C,0,84,0.168
ZBTB8A,0,83,0.166
ZBTB8OS,0,61,0.122
ZBTB9,0,151,0.302
ZC2HC1A,0,95,0.19
ZC2HC1B,0,80,0.16
ZC2HC1C,0,48,0.096
ZC3H10,0,125,0.25
ZC3H12B,0,123,0.246
ZC3H12C,0,176,0.352
ZDHHC1,0,31,0.062
ZDHHC11,0,97,0.194
ZDHHC13,0,73,0.146
ZFP82,0,49,0.098
ZFP14,0,59,0.118
ZFP2,0,150,0.3
ZFP28,0,68,0.136
ZFP3,0,40,0.08
ZFP36,0,79,0.158
ZFP36L1,0,47,0.094
ZFP36L2,0,69,0.138
ZFP37,0,86,0.172
ZFP41,0,74,0.148
ZFP42,0,59,0.118
ZFP57,0,151,0.302
ZFP64,0,67,0.134
ZFP69,0,133,0.266
ZFP69B,0,113,0.226
ZFP90,0,53,0.106
ZDHHC14,0,84,0.168
ZFP92,0,102,0.204
ZFPL1,0,106,0.212
ZFPM1,0,80,0.16
ZFPM2,0,62,0.124
ZFR,0,5,0.01
ZFR2,0,39,0.078
ZFX,0,1,0.002
ZFY,0,77,0.154
ZFYVE1,0,35,0.07
ZFYVE16,0,8,0.016
ZFYVE19,0,92,0.184
ZFYVE20,0,13,0.026
ZFYVE21,0,188,0.376
ZFYVE26,0,43,0.086
ZFP1,0,81,0.162
ZFHX4,0,69,0.138
ZFHX3,0,65,0.13
ZFHX2,0,42,0.084
ZDHHC15,0,106,0.212
ZDHHC16,0,38,0.076
ZDHHC18,0,86,0.172
ZDHHC19,0,24,0.048
ZDHHC2,0,71,0.142
ZDHHC20,0,19,0.038
ZDHHC21,0,17,0.034
ZDHHC22,0,76,0.152
ZDHHC23,0,89,0.178
ZDHHC3,0,33,0.066
ZDHHC4,0,78,0.156
ZDHHC5,0,4,0.008
ZDHHC6,0,27,0.054
ZDHHC7,0,56,0.112
ZDHHC8,0,27,0.054
ZDHHC8P1,0,94,0.188
ZDHHC9,0,95,0.19
ZEB2,0,69,0.138
ZER1,0,72,0.144
ZFAND1,0,10,0.02
ZFAND2A,0,58,0.116
ZFAND2B,0,81,0.162
ZFAND3,0,54,0.108
ZFAND4,0,38,0.076
ZFAND5,0,23,0.046
ZFAND6,0,19,0.038
ZFAS1,0,47,0.094
ZFAT,0,145,0.29
ZFC3H1,0,17,0.034
ZBTB32,0,90,0.18
ZBTB3,0,60,0.12
ZBTB26,0,47,0.094
XPR1,0,14,0.028
XKR7,0,196,0.392
XKR8,0,81,0.162
XKRX,0,129,0.258
XPA,0,35,0.07
XPC,0,35,0.07
XPNPEP1,0,56,0.112
XPNPEP2,0,37,0.074
XPNPEP3,0,52,0.104
XPO1,0,3,0.006
XPO4,0,24,0.048
XPO5,0,29,0.058
XPO6,0,72,0.144
XPO7,0,35,0.07
XPOT,0,12,0.024
XRCC1,0,38,0.076
YARS,0,44,0.088
XRCC2,0,170,0.34
XRCC3,0,69,0.138
XRCC4,0,61,0.122
XRCC5,0,31,0.062
XRCC6,0,26,0.052
XRCC6BP1,0,99,0.198
XRN1,0,10,0.02
XRN2,0,53,0.106
XRRA1,0,126,0.252
XXYLT1,0,95,0.19
XYLT1,0,74,0.148
XYLT2,0,50,0.1
YAE1D1,0,58,0.116
YAF2,0,12,0.024
XKR6,0,111,0.222
XKR4,0,56,0.112
XK,0,113,0.226
XIRP2,0,156,0.312
WRAP73,0,53,0.106
WRB,0,132,0.264
WRN,0,53,0.106
WRNIP1,0,19,0.038
WSB1,0,52,0.104
WSB2,0,50,0.1
WSCD2,0,98,0.196
WT1,0,91,0.182
WTAP,0,38,0.076
WTIP,0,93,0.186
WWC1,0,41,0.082
WWC2,0,106,0.212
WWC3,0,77,0.154
WWOX,0,83,0.166
WWP1,0,83,0.166
WWP2,0,36,0.072
WWTR1,0,75,0.15
XAB2,0,63,0.126
XAF1,0,106,0.212
XAGE1B,0,35,0.07
XAGE2,0,45,0.09
XAGE3,0,9,0.018
XBP1,0,78,0.156
XCL1,0,143,0.286
XCR1,0,19,0.038
XDH,0,43,0.086
XG,0,134,0.268
XIAP,0,39,0.078
XIRP1,0,65,0.13
YAP1,0,130,0.26
YARS2,0,32,0.064
ZBTB25,0,46,0.092
ZBED6CL,0,98,0.196
YY1,0,19,0.038
YY1AP1,0,96,0.192
ZACN,0,15,0.03
ZADH2,0,22,0.044
ZAK,0,81,0.162
ZAN,0,22,0.044
ZAP70,0,27,0.054
ZAR1,0,92,0.184
ZBBX,0,115,0.23
ZBED1,0,97,0.194
ZBED2,0,137,0.274
ZBED3,0,86,0.172
ZBED4,0,48,0.096
ZBED5,0,24,0.048
ZBED8,0,67,0.134
YBEY,0,133,0.266
ZBED9,0,70,0.14
ZBP1,0,119,0.238
ZBTB10,0,142,0.284
ZBTB11,0,0,0.0
ZBTB12,0,21,0.042
ZBTB14,0,46,0.092
ZBTB16,0,119,0.238
ZBTB17,0,94,0.188
ZBTB18,0,14,0.028
ZBTB2,0,57,0.114
ZBTB20,0,49,0.098
ZBTB21,0,68,0.136
ZBTB22,0,97,0.194
ZBTB24,0,10,0.02
YWHAZ,0,66,0.132
YWHAQ,0,64,0.128
YWHAH,0,45,0.09
YWHAG,0,56,0.112
YBX1,0,128,0.256
YBX2,0,167,0.334
YBX3,0,112,0.224
YEATS2,0,20,0.04
YEATS4,0,16,0.032
YIF1A,0,93,0.186
YIF1B,0,76,0.152
YIPF1,0,27,0.054
YIPF2,0,78,0.156
YIPF3,0,60,0.12
YIPF5,0,6,0.012
YIPF6,0,44,0.088
YJEFN3,0,182,0.364
YKT6,0,28,0.056
YLPM1,0,52,0.104
YME1L1,0,26,0.052
YOD1,0,110,0.22
YPEL1,0,45,0.09
YPEL2,0,27,0.054
YPEL3,0,105,0.21
YPEL4,0,48,0.096
YPEL5,0,56,0.112
YRDC,0,79,0.158
YTHDC2,0,18,0.036
YTHDF1,0,18,0.036
YTHDF2,0,29,0.058
YTHDF3,0,2,0.004
YWHAB,0,45,0.09
YWHAE,0,26,0.052
TMEM120A,0,95,0.19
TMEM117,0,136,0.272
SCAND1,0,80,0.16
SLC45A2,0,62,0.124
SLC3A2,0,46,0.092
SLC40A1,0,50,0.1
SLC41A1,0,49,0.098
SLC41A2,0,137,0.274
SLC41A3,0,123,0.246
SLC43A1,0,74,0.148
SLC43A2,0,81,0.162
SLC43A3,0,87,0.174
SLC44A1,0,31,0.062
SLC44A2,0,66,0.132
SLC44A3,0,115,0.23
SLC44A4,0,32,0.064
SLC44A5,0,191,0.382
SLC45A1,0,94,0.188
SLC45A3,0,110,0.22
SLC39A9,0,6,0.012
SLC45A4,0,94,0.188
SLC46A1,0,78,0.156
SLC46A2,0,87,0.174
SLC46A3,0,29,0.058
SLC47A1,0,55,0.11
SLC47A2,0,42,0.084
SLC48A1,0,68,0.136
SLC4A1,0,111,0.222
SLC4A10,0,166,0.332
SLC4A11,0,64,0.128
SLC4A1AP,0,29,0.058
SLC4A2,0,59,0.118
SLC4A3,0,34,0.068
SLC4A4,0,129,0.258
SLC3A1,0,110,0.22
SLC39A8,0,90,0.18
SLC35F1,0,93,0.186
SLC38A3,0,84,0.168
SLC35F3,0,109,0.218
SLC35F4,0,82,0.164
SLC35F5,0,5,0.01
SLC35F6,0,59,0.118
SLC35G1,0,74,0.148
SLC35G2,0,30,0.06
SLC35G3,0,120,0.24
SLC36A1,0,78,0.156
SLC36A4,0,27,0.054
SLC37A1,0,51,0.102
SLC37A2,0,118,0.236
SLC38A1,0,49,0.098
SLC38A10,0,84,0.168
SLC38A11,0,164,0.328
SLC38A4,0,63,0.126
SLC39A6,0,29,0.058
SLC38A5,0,101,0.202
SLC38A6,0,44,0.088
SLC38A7,0,55,0.11
SLC38A9,0,9,0.018
SLC39A1,0,103,0.206
SLC39A10,0,17,0.034
SLC39A11,0,86,0.172
SLC39A12,0,29,0.058
SLC39A13,0,64,0.128
SLC39A14,0,91,0.182
SLC39A2,0,39,0.078
SLC39A3,0,108,0.216
SLC39A4,0,16,0.032
SLC39A5,0,43,0.086
SLC4A5,0,39,0.078
SLC4A7,0,20,0.04
SLC4A8,0,125,0.25
SLC7A6OS,0,24,0.048
SLC6A6,0,52,0.104
SLC6A7,0,54,0.108
SLC6A8,0,131,0.262
SLC6A9,0,64,0.128
SLC7A1,0,90,0.18
SLC7A10,0,124,0.248
SLC7A11,0,81,0.162
SLC7A13,0,113,0.226
SLC7A14,0,58,0.116
SLC7A2,0,42,0.084
SLC7A3,0,76,0.152
SLC7A4,0,13,0.026
SLC7A5,0,123,0.246
SLC7A6,0,30,0.06
SLC7A7,0,101,0.202
SLC4A9,0,50,0.1
SLC7A8,0,100,0.2
SLC7A9,0,63,0.126
SLC8A1,0,43,0.086
SLC8A2,0,50,0.1
SLC8A3,0,30,0.06
SLC8B1,0,70,0.14
SLC9A1,0,62,0.124
SLC9A2,0,149,0.298
SLC9A3,0,46,0.092
SLC9A3R1,0,78,0.156
SLC9A3R2,0,51,0.102
SLC9A5,0,34,0.068
SLC9A6,0,1,0.002
SLC9A7,0,35,0.07
SLC6A5,0,112,0.224
SLC6A4,0,85,0.17
SLC6A3,0,46,0.092
SLC6A20,0,31,0.062
SLC50A1,0,21,0.042
SLC51A,0,38,0.076
SLC51B,0,73,0.146
SLC52A1,0,42,0.084
SLC52A2,0,109,0.218
SLC52A3,0,37,0.074
SLC5A1,0,61,0.122
SLC5A10,0,59,0.118
SLC5A11,0,13,0.026
SLC5A12,0,29,0.058
SLC5A2,0,44,0.088
SLC5A3,0,52,0.104
SLC5A4,0,76,0.152
SLC5A5,0,19,0.038
SLC5A6,0,101,0.202
SLC5A7,0,23,0.046
SLC5A8,0,32,0.064
SLC5A9,0,44,0.088
SLC6A1,0,41,0.082
SLC6A11,0,20,0.04
SLC6A12,0,48,0.096
SLC6A13,0,21,0.042
SLC6A14,0,164,0.328
SLC6A15,0,33,0.066
SLC6A16,0,42,0.084
SLC6A17,0,114,0.228
SLC6A18,0,54,0.108
SLC6A19,0,131,0.262
SLC6A2,0,34,0.068
SLC35F2,0,122,0.244
SLC35E3,0,56,0.112
SLC22A2,0,80,0.16
SLC25A38,0,50,0.1
SLC25A25,0,87,0.174
SLC25A26,0,35,0.07
SLC25A27,0,44,0.088
SLC25A28,0,44,0.088
SLC25A29,0,154,0.308
SLC25A3,0,16,0.032
SLC25A30,0,10,0.02
SLC25A31,0,141,0.282
SLC25A32,0,15,0.03
SLC25A33,0,56,0.112
SLC25A34,0,25,0.05
SLC25A35,0,191,0.382
SLC25A36,0,30,0.06
SLC25A37,0,99,0.198
SLC25A39,0,64,0.128
SLC25A23,0,60,0.12
SLC25A4,0,141,0.282
SLC25A40,0,23,0.046
SLC25A41,0,71,0.142
SLC25A42,0,109,0.218
SLC25A43,0,107,0.214
SLC25A44,0,62,0.124
SLC25A45,0,49,0.098
SLC25A46,0,12,0.024
SLC25A47,0,72,0.144
SLC25A48,0,97,0.194
SLC25A5,0,48,0.096
SLC25A51,0,60,0.12
SLC25A53,0,108,0.216
SLC25A6,0,70,0.14
SLC25A24,0,15,0.03
SLC25A22,0,154,0.308
SLC35E1,0,95,0.19
SLC24A2,0,33,0.066
SLC22A24,0,14,0.028
SLC22A25,0,66,0.132
SLC22A3,0,98,0.196
SLC22A31,0,75,0.15
SLC22A4,0,60,0.12
SLC22A5,0,71,0.142
SLC22A6,0,66,0.132
SLC22A7,0,66,0.132
SLC22A8,0,21,0.042
SLC22A9,0,26,0.052
SLC23A1,0,69,0.138
SLC23A2,0,50,0.1
SLC23A3,0,43,0.086
SLC24A1,0,84,0.168
SLC24A3,0,131,0.262
SLC25A21,0,135,0.27
SLC24A4,0,125,0.25
SLC25A1,0,87,0.174
SLC25A10,0,76,0.152
SLC25A11,0,80,0.16
SLC25A12,0,12,0.024
SLC25A13,0,39,0.078
SLC25A14,0,84,0.168
SLC25A15,0,126,0.252
SLC25A16,0,69,0.138
SLC25A17,0,29,0.058
SLC25A18,0,127,0.254
SLC25A19,0,150,0.3
SLC25A2,0,102,0.204
SLC25A20,0,89,0.178
SLC26A1,0,55,0.11
SLC26A10,0,32,0.064
SLC26A11,0,48,0.096
SLC34A1,0,55,0.11
SLC30A1,0,9,0.018
SLC30A10,0,46,0.092
SLC30A2,0,32,0.064
SLC30A3,0,66,0.132
SLC30A4,0,113,0.226
SLC30A5,0,9,0.018
SLC30A6,0,6,0.012
SLC30A7,0,18,0.036
SLC30A8,0,42,0.084
SLC30A9,0,11,0.022
SLC31A1,0,95,0.19
SLC31A2,0,127,0.254
SLC32A1,0,82,0.164
SLC33A1,0,7,0.014
SLC34A2,0,99,0.198
SLC26A2,0,20,0.04
SLC34A3,0,18,0.036
SLC35A1,0,1,0.002
SLC35A2,0,137,0.274
SLC35A3,0,4,0.008
SLC35A4,0,26,0.052
SLC35A5,0,1,0.002
SLC35B1,0,73,0.146
SLC35B3,0,18,0.036
SLC35B4,0,48,0.096
SLC35C1,0,68,0.136
SLC35C2,0,40,0.08
SLC35D1,0,11,0.022
SLC35D2,0,39,0.078
SLC35D3,0,183,0.366
SLC2A9,0,255,0.51
SLC2A8,0,72,0.144
SLC2A6,0,99,0.198
SLC2A5,0,153,0.306
SLC26A3,0,60,0.12
SLC26A4,0,34,0.068
SLC26A6,0,47,0.094
SLC26A7,0,130,0.26
SLC26A8,0,108,0.216
SLC26A9,0,69,0.138
SLC27A1,0,104,0.208
SLC27A2,0,68,0.136
SLC27A3,0,175,0.35
SLC27A4,0,103,0.206
SLC27A5,0,114,0.228
SLC27A6,0,92,0.184
SLC28A1,0,38,0.076
SLC28A2,0,56,0.112
SLC28A3,0,35,0.07
SLC29A1,0,184,0.368
SLC29A2,0,75,0.15
SLC29A3,0,75,0.15
SLC29A4,0,103,0.206
SLC2A1,0,86,0.172
SLC2A10,0,94,0.188
SLC2A11,0,39,0.078
SLC2A12,0,65,0.13
SLC2A13,0,200,0.4
SLC2A14,0,79,0.158
SLC2A2,0,54,0.108
SLC2A3,0,108,0.216
SLC2A4,0,90,0.18
SLC2A4RG,0,153,0.306
SLC9A8,0,58,0.116
SLC9A9,0,27,0.054
SLC9B2,0,86,0.172
SNTG2,0,122,0.244
SNRPB,0,45,0.09
SNRPB2,0,31,0.062
SNRPC,0,59,0.118
SNRPD1,0,76,0.152
SNRPD2,0,76,0.152
SNRPD3,0,67,0.134
SNRPE,0,37,0.074
SNRPF,0,18,0.036
SNRPG,0,37,0.074
SNRPN,0,57,0.114
SNTA1,0,63,0.126
SNTB1,0,21,0.042
SNTB2,0,45,0.09
SNTG1,0,183,0.366
SNTN,0,110,0.22
SNRPA,0,46,0.092
SNUPN,0,21,0.042
SNW1,0,38,0.076
SNX1,0,38,0.076
SNX10,0,57,0.114
SNX11,0,48,0.096
SNX12,0,133,0.266
SNX13,0,8,0.016
SNX14,0,5,0.01
SNX15,0,78,0.156
SNX16,0,27,0.054
SNX17,0,28,0.056
SNX18,0,105,0.21
SNX19,0,78,0.156
SNX2,0,41,0.082
SNRPA1,0,31,0.062
SNRNP70,0,38,0.076
SLC9C2,0,81,0.162
SNORA37,0,94,0.188
SNAPIN,0,40,0.08
SNCA,0,132,0.264
SNCAIP,0,20,0.04
SNCB,0,85,0.17
SNCG,0,63,0.126
SND1,0,38,0.076
SNED1,0,102,0.204
SNF8,0,35,0.07
SNHG11,0,55,0.11
SNHG12,0,38,0.076
SNHG17,0,82,0.164
SNIP1,0,55,0.11
SNN,0,104,0.208
SNORA29,0,19,0.038
SNORA5B,0,48,0.096
SNRNP48,0,23,0.046
SNORA65,0,115,0.23
SNORA68,0,139,0.278
SNORA71A,0,95,0.19
SNORA71B,0,122,0.244
SNORA74A,0,150,0.3
SNORD50A,0,67,0.134
SNORD8,0,83,0.166
SNPH,0,37,0.074
SNRK,0,34,0.068
SNRNP200,0,33,0.066
SNRNP25,0,76,0.152
SNRNP27,0,38,0.076
SNRNP35,0,58,0.116
SNRNP40,0,58,0.116
SNX20,0,87,0.174
SNX21,0,92,0.184
SNX22,0,140,0.28
SOWAHC,0,120,0.24
SORBS1,0,57,0.114
SORBS2,0,48,0.096
SORBS3,0,152,0.304
SORCS1,0,44,0.088
SORCS2,0,30,0.06
SORCS3,0,43,0.086
SORD,0,115,0.23
SORL1,0,82,0.164
SORT1,0,114,0.228
SOS1,0,38,0.076
SOS2,0,30,0.06
SOST,0,129,0.258
SOSTDC1,0,39,0.078
SOWAHA,0,79,0.158
SOX1,0,75,0.15
SNX24,0,146,0.292
SOX10,0,93,0.186
SOX11,0,85,0.17
SOX12,0,80,0.16
SOX13,0,94,0.188
SOX14,0,125,0.25
SOX15,0,42,0.084
SOX17,0,117,0.234
SOX18,0,56,0.112
SOX2,0,136,0.272
SOX21,0,125,0.25
SOX3,0,128,0.256
SOX30,0,57,0.114
SOX4,0,176,0.352
SOX6,0,108,0.216
SON,0,32,0.064
SOHLH2,0,85,0.17
SOHLH1,0,43,0.086
SOGA1,0,94,0.188
SNX25,0,92,0.184
SNX27,0,43,0.086
SNX29,0,87,0.174
SNX29P1,0,132,0.264
SNX29P2,0,164,0.328
SNX3,0,80,0.16
SNX30,0,59,0.118
SNX31,0,63,0.126
SNX32,0,89,0.178
SNX33,0,97,0.194
SNX4,0,5,0.01
SNX5,0,8,0.016
SNX6,0,18,0.036
SNX7,0,130,0.26
SNX8,0,86,0.172
SNX9,0,17,0.034
SOAT1,0,42,0.084
SOAT2,0,88,0.176
SOBP,0,102,0.204
SOCS1,0,70,0.14
SOCS2,0,116,0.232
SOCS3,0,159,0.318
SOCS4,0,8,0.016
SOCS5,0,22,0.044
SOCS6,0,114,0.228
SOCS7,0,71,0.142
SOD1,0,32,0.064
SOD2,0,131,0.262
SOD3,0,106,0.212
SNAPC5,0,32,0.064
SNAPC4,0,84,0.168
SNAPC3,0,42,0.084
SMARCA1,0,99,0.198
SLX4,0,50,0.1
SLX4IP,0,21,0.042
SMA4,0,153,0.306
SMAD1,0,148,0.296
SMAD2,0,3,0.006
SMAD3,0,35,0.07
SMAD4,0,15,0.03
SMAD5,0,64,0.128
SMAD6,0,127,0.254
SMAD7,0,105,0.21
SMAD9,0,56,0.112
SMAGP,0,77,0.154
SMAP1,0,35,0.07
SMAP2,0,68,0.136
SMARCA4,0,54,0.108
SMC6,0,11,0.022
SMARCAD1,0,27,0.054
SMARCAL1,0,7,0.014
SMARCB1,0,74,0.148
SMARCC1,0,8,0.016
SMARCC2,0,60,0.12
SMARCD1,0,104,0.208
SMARCD2,0,18,0.036
SMARCD3,0,107,0.214
SMARCE1,0,52,0.104
SMC1A,0,31,0.062
SMC1B,0,124,0.248
SMC2,0,32,0.064
SMC3,0,16,0.032
SMC4,0,38,0.076
SLURP1,0,90,0.18
SLU7,0,41,0.082
SLPI,0,135,0.27
SLN,0,36,0.072
SLCO1A2,0,126,0.252
SLCO1B1,0,47,0.094
SLCO1B3,0,144,0.288
SLCO1C1,0,68,0.136
SLCO2A1,0,35,0.07
SLCO2B1,0,70,0.14
SLCO3A1,0,25,0.05
SLCO4A1,0,139,0.278
SLCO4C1,0,82,0.164
SLCO5A1,0,103,0.206
SLCO6A1,0,144,0.288
SLFN11,0,69,0.138
SLFN12,0,45,0.09
SLFN13,0,113,0.226
SLFN5,0,52,0.104
SLFNL1,0,10,0.02
SLIRP,0,36,0.072
SLIT1,0,31,0.062
SLIT2,0,79,0.158
SLIT3,0,48,0.096
SLITRK1,0,99,0.198
SLITRK2,0,162,0.324
SLITRK3,0,174,0.348
SLITRK4,0,101,0.202
SLITRK5,0,110,0.22
SLITRK6,0,125,0.25
SLK,0,18,0.036
SLMO1,0,145,0.29
SLMO2,0,17,0.034
SMC5,0,31,0.062
SMCHD1,0,46,0.092
SNAPC2,0,138,0.276
SMURF1,0,40,0.08
SMOX,0,142,0.284
SMPD1,0,86,0.172
SMPD2,0,107,0.214
SMPD3,0,138,0.276
SMPDL3A,0,99,0.198
SMPDL3B,0,60,0.12
SMPX,0,109,0.218
SMR3A,0,25,0.05
SMR3B,0,114,0.228
SMS,0,38,0.076
SMTN,0,27,0.054
SMTNL2,0,121,0.242
SMU1,0,23,0.046
SMUG1,0,75,0.15
SMURF2,0,16,0.032
SMCO3,0,104,0.208
SMYD1,0,90,0.18
SMYD2,0,23,0.046
SMYD3,0,67,0.134
SMYD4,0,49,0.098
SMYD5,0,71,0.142
SNAI1,0,47,0.094
SNAI1P1,0,69,0.138
SNAI2,0,80,0.16
SNAI3,0,154,0.308
SNAP23,0,44,0.088
SNAP25,0,75,0.15
SNAP29,0,36,0.072
SNAP91,0,46,0.092
SNAPC1,0,84,0.168
SMOC2,0,37,0.074
SMOC1,0,28,0.056
SMO,0,45,0.09
SMNDC1,0,16,0.032
SMCO4,0,129,0.258
SMCP,0,94,0.188
SMCR5,0,108,0.216
SMCR8,0,71,0.142
SMDT1,0,93,0.186
SMEK1,0,16,0.032
SMEK2,0,1,0.002
SMEK3P,0,106,0.212
SMG5,0,105,0.21
SMG6,0,112,0.224
SMG7,0,59,0.118
SMG8,0,44,0.088
SMG9,0,69,0.138
SMIM10,0,77,0.154
SMIM11,0,59,0.118
SMIM12,0,64,0.128
SMIM14,0,17,0.034
SMIM15,0,4,0.008
SMIM19,0,15,0.03
SMIM2,0,97,0.194
SMIM20,0,142,0.284
SMIM21,0,45,0.09
SMIM24,0,58,0.116
SMIM3,0,166,0.332
SMIM4,0,97,0.194
SMIM5,0,170,0.34
SMIM7,0,23,0.046
SMIM8,0,28,0.056
SMN1,0,51,0.102
SLC22A23,0,102,0.204
SLC22A18AS,0,57,0.114
TMEM116,0,56,0.112
SEPT11,0,33,0.066
SENP1,0,22,0.044
SENP2,0,21,0.042
SENP3,0,38,0.076
SENP5,0,24,0.048
SENP7,0,13,0.026
SENP8,0,101,0.202
SEP15,0,45,0.09
SEPHS1,0,22,0.044
SEPHS2,0,79,0.158
SEPN1,0,93,0.186
SEPP1,0,163,0.326
SEPSECS,0,10,0.02
SEPT1,0,44,0.088
SEPT10,0,113,0.226
SEPT12,0,20,0.04
SEMG1,0,132,0.264
SEPT2,0,38,0.076
SEPT3,0,26,0.052
SEPT4,0,41,0.082
SEPT6,0,35,0.07
SEPT7,0,29,0.058
SEPT7P9,0,83,0.166
SEPT8,0,75,0.15
SEPT9,0,45,0.09
SEPW1,0,50,0.1
SERAC1,0,92,0.184
SERBP1,0,11,0.022
SERGEF,0,45,0.09
SERHL2,0,64,0.128
SERINC1,0,11,0.022
SEMG2,0,115,0.23
SEMA7A,0,130,0.26
SECTM1,0,82,0.164
SEMA3C,0,121,0.242
SEL1L,0,57,0.114
SEL1L2,0,57,0.114
SEL1L3,0,84,0.168
SELE,0,61,0.122
SELENBP1,0,108,0.216
SELK,0,55,0.11
SELL,0,92,0.184
SELM,0,89,0.178
SELO,0,124,0.248
SELP,0,162,0.324
SELPLG,0,74,0.148
SELT,0,44,0.088
SEMA3A,0,103,0.206
SEMA3B,0,119,0.238
SEMA3D,0,35,0.07
SEMA6D,0,101,0.202
SEMA3E,0,100,0.2
SEMA3F,0,38,0.076
SEMA3G,0,62,0.124
SEMA4A,0,57,0.114
SEMA4B,0,45,0.09
SEMA4C,0,100,0.2
SEMA4D,0,54,0.108
SEMA4F,0,37,0.074
SEMA4G,0,63,0.126
SEMA5A,0,79,0.158
SEMA5B,0,67,0.134
SEMA6A,0,125,0.25
SEMA6B,0,89,0.178
SEMA6C,0,48,0.096
SERINC2,0,81,0.162
SERINC3,0,45,0.09
SERINC5,0,56,0.112
SETD1B,0,53,0.106
SERPINI1,0,78,0.156
SERPINI2,0,196,0.392
SERTAD1,0,95,0.19
SERTAD2,0,34,0.068
SERTAD3,0,113,0.226
SERTAD4,0,59,0.118
SERTM1,0,127,0.254
SESN1,0,66,0.132
SESN2,0,113,0.226
SESN3,0,101,0.202
SESTD1,0,46,0.092
SET,0,34,0.068
SETBP1,0,126,0.252
SETD1A,0,92,0.184
SETD2,0,28,0.056
SERP1,0,28,0.056
SETD3,0,21,0.042
SETD4,0,34,0.068
SETD5,0,57,0.114
SETD6,0,161,0.322
SETD7,0,63,0.126
SETD8,0,61,0.122
SETD9,0,159,0.318
SETDB1,0,38,0.076
SETDB2,0,0,0.0
SETMAR,0,82,0.164
SETX,0,20,0.04
SEZ6,0,107,0.214
SEZ6L,0,85,0.17
SEZ6L2,0,42,0.084
SERPINH1,0,155,0.31
SERPING1,0,131,0.262
SERPINF2,0,45,0.09
SERPINF1,0,130,0.26
SERP2,0,133,0.266
SERPINA1,0,60,0.12
SERPINA10,0,53,0.106
SERPINA12,0,25,0.05
SERPINA2,0,88,0.176
SERPINA3,0,38,0.076
SERPINA4,0,85,0.17
SERPINA5,0,44,0.088
SERPINA6,0,88,0.176
SERPINA7,0,71,0.142
SERPINA9,0,72,0.144
SERPINB1,0,43,0.086
SERPINB10,0,174,0.348
SERPINB11,0,81,0.162
SERPINB12,0,59,0.118
SERPINB13,0,61,0.122
SERPINB2,0,135,0.27
SERPINB3,0,137,0.274
SERPINB4,0,44,0.088
SERPINB5,0,107,0.214
SERPINB6,0,64,0.128
SERPINB7,0,38,0.076
SERPINB8,0,84,0.168
SERPINB9,0,71,0.142
SERPINB9P1,0,76,0.152
SERPINC1,0,59,0.118
SERPIND1,0,134,0.268
SERPINE1,0,100,0.2
SERPINE2,0,121,0.242
SEH1L,0,16,0.032
SECISBP2L,0,58,0.116
SLC22A18,0,78,0.156
SCN8A,0,25,0.05
SCML1,0,18,0.036
SCML2,0,138,0.276
SCML4,0,25,0.05
SCN10A,0,63,0.126
SCN11A,0,75,0.15
SCN1A,0,105,0.21
SCN2A,0,62,0.124
SCN2B,0,59,0.118
SCN3A,0,85,0.17
SCN3B,0,23,0.046
SCN4A,0,58,0.116
SCN4B,0,67,0.134
SCN5A,0,40,0.08
SCN7A,0,148,0.296
SCN9A,0,209,0.418
SCLY,0,79,0.158
SCNN1A,0,38,0.076
SCNN1B,0,51,0.102
SCNN1D,0,87,0.174
SCNN1G,0,86,0.172
SCO1,0,23,0.046
SCO2,0,96,0.192
SCOC,0,79,0.158
SCP2,0,52,0.104
SCP2D1,0,98,0.196
SCPEP1,0,38,0.076
SCRG1,0,52,0.104
SCRIB,0,38,0.076
SCRN1,0,134,0.268
SCRN2,0,118,0.236
SCMH1,0,82,0.164
SCIN,0,113,0.226
SECISBP2,0,25,0.05
SCD5,0,76,0.152
SCAND2P,0,53,0.106
SCAP,0,183,0.366
SCAPER,0,74,0.148
SCARA3,0,83,0.166
SCARA5,0,38,0.076
SCARB1,0,87,0.174
SCARB2,0,46,0.092
SCARF1,0,87,0.174
SCARF2,0,79,0.158
SCARNA13,0,44,0.088
SCARNA15,0,55,0.11
SCART1,0,23,0.046
SCCPDH,0,67,0.134
SCD,0,140,0.28
SCEL,0,76,0.152
SCIMP,0,71,0.142
SCFD1,0,7,0.014
SCFD2,0,38,0.076
SCG2,0,82,0.164
SCG3,0,144,0.288
SCG5,0,150,0.3
SCGB1A1,0,77,0.154
SCGB1D1,0,32,0.064
SCGB1D2,0,90,0.18
SCGB2A1,0,37,0.074
SCGB2A2,0,79,0.158
SCGB2B2,0,91,0.182
SCGB3A1,0,53,0.106
SCGB3A2,0,168,0.336
SCGN,0,81,0.162
SCRN3,0,48,0.096
SCRT1,0,49,0.098
SCT,0,99,0.198
SEC22C,0,50,0.1
SDSL,0,75,0.15
SEBOX,0,22,0.044
SEC11A,0,52,0.104
SEC11C,0,79,0.158
SEC13,0,60,0.12
SEC14L1,0,59,0.118
SEC14L2,0,133,0.266
SEC14L3,0,60,0.12
SEC14L4,0,139,0.278
SEC14L5,0,56,0.112
SEC16A,0,39,0.078
SEC16B,0,21,0.042
SEC1P,0,41,0.082
SEC22A,0,35,0.07
SEC23A,0,14,0.028
SCTR,0,33,0.066
SEC23B,0,17,0.034
SEC23IP,0,7,0.014
SEC24A,0,61,0.122
SEC24B,0,47,0.094
SEC24C,0,53,0.106
SEC24D,0,38,0.076
SEC31A,0,24,0.048
SEC31B,0,89,0.178
SEC61A1,0,81,0.162
SEC61A2,0,104,0.208
SEC61B,0,66,0.132
SEC61G,0,29,0.058
SEC62,0,21,0.042
SEC63,0,9,0.018
SDS,0,86,0.172
SDR9C7,0,34,0.068
SDR42E1,0,152,0.304
SDR39U1,0,22,0.044
SCUBE1,0,45,0.09
SCUBE2,0,26,0.052
SCUBE3,0,15,0.03
SCYL1,0,82,0.164
SCYL2,0,17,0.034
SCYL3,0,18,0.036
SDAD1,0,22,0.044
SDC1,0,34,0.068
SDC2,0,155,0.31
SDC3,0,52,0.104
SDC4,0,113,0.226
SDCBP,0,114,0.228
SDCCAG3,0,98,0.196
SDCCAG8,0,59,0.118
SDE2,0,14,0.028
SDF2,0,28,0.056
SDF2L1,0,127,0.254
SDF4,0,58,0.116
SDHA,0,33,0.066
SDHAF2,0,21,0.042
SDHAP1,0,67,0.134
SDHB,0,33,0.066
SDHC,0,52,0.104
SDHD,0,78,0.156
MBD4,0,22,0.044
SDK1,0,54,0.108
SDK2,0,62,0.124
SDPR,0,101,0.202
SDR16C5,0,123,0.246
SF1,0,23,0.046
SF3A1,0,43,0.086
SF3A2,0,72,0.144
SKIL,0,27,0.054
SIT1,0,100,0.2
SIVA1,0,85,0.17
SIX1,0,55,0.11
SIX2,0,95,0.19
SIX3,0,183,0.366
SIX4,0,116,0.232
SIX5,0,20,0.04
SKA1,0,95,0.19
SKA2,0,63,0.126
SKA3,0,159,0.318
SKAP1,0,47,0.094
SKAP2,0,83,0.166
SKI,0,90,0.18
SKIDA1,0,85,0.17
SKIV2L,0,43,0.086
SIRT6,0,93,0.186
SKP1,0,23,0.046
SKP2,0,58,0.116
SLA,0,47,0.094
SLA2,0,93,0.186
SLAIN1,0,49,0.098
SLAIN2,0,31,0.062
SLAMF1,0,53,0.106
SLAMF6,0,68,0.136
SLAMF7,0,86,0.172
SLAMF8,0,60,0.12
SLAMF9,0,20,0.04
SLBP,0,20,0.04
SLC10A1,0,41,0.082
SLC10A2,0,11,0.022
SIRT7,0,42,0.084
SIRT5,0,79,0.158
SF3A3,0,23,0.046
SIM2,0,39,0.078
SIGLEC17P,0,139,0.278
SIGLEC5,0,112,0.224
SIGLEC6,0,43,0.086
SIGLEC7,0,85,0.17
SIGLEC8,0,85,0.17
SIGLEC9,0,53,0.106
SIGLECL1,0,47,0.094
SIGMAR1,0,44,0.088
SIK1,0,70,0.14
SIK2,0,60,0.12
SIK3,0,23,0.046
SIKE1,0,70,0.14
SIL1,0,131,0.262
SIM1,0,82,0.164
SIMC1,0,75,0.15
SIRT4,0,75,0.15
SIN3A,0,14,0.028
SIN3B,0,73,0.146
SIPA1L1,0,44,0.088
SIPA1L2,0,90,0.18
SIPA1L3,0,64,0.128
SIRPA,0,65,0.13
SIRPAP1,0,184,0.368
SIRPB1,0,56,0.112
SIRPB2,0,202,0.404
SIRPD,0,103,0.206
SIRPG,0,70,0.14
SIRT1,0,25,0.05
SIRT2,0,128,0.256
SIRT3,0,75,0.15
SLC10A3,0,92,0.184
SLC10A4,0,97,0.194
SLC10A7,0,89,0.178
SLC1A2,0,58,0.116
SLC17A3,0,102,0.204
SLC17A4,0,51,0.102
SLC17A5,0,47,0.094
SLC17A6,0,144,0.288
SLC17A7,0,83,0.166
SLC17A8,0,103,0.206
SLC18A1,0,79,0.158
SLC18A2,0,87,0.174
SLC18A3,0,110,0.22
SLC18B1,0,42,0.084
SLC19A1,0,137,0.274
SLC19A2,0,16,0.032
SLC19A3,0,98,0.196
SLC1A1,0,64,0.128
SLC1A3,0,121,0.242
SLC11A1,0,137,0.274
SLC1A4,0,109,0.218
SLC1A5,0,113,0.226
SLC1A6,0,79,0.158
SLC1A7,0,61,0.122
SLC20A1,0,47,0.094
SLC20A2,0,114,0.228
SLC22A1,0,114,0.228
SLC22A11,0,8,0.016
SLC22A12,0,55,0.11
SLC22A13,0,101,0.202
SLC22A14,0,54,0.108
SLC22A15,0,73,0.146
SLC22A16,0,101,0.202
SLC22A17,0,15,0.03
SLC17A2,0,18,0.036
SLC17A1,0,33,0.066
SLC16A9,0,56,0.112
SLC16A8,0,93,0.186
SLC11A2,0,64,0.128
SLC12A1,0,188,0.376
SLC12A2,0,26,0.052
SLC12A3,0,12,0.024
SLC12A4,0,128,0.256
SLC12A5,0,50,0.1
SLC12A6,0,49,0.098
SLC12A7,0,118,0.236
SLC12A8,0,75,0.15
SLC12A9,0,102,0.204
SLC13A1,0,162,0.324
SLC13A2,0,35,0.07
SLC13A3,0,16,0.032
SLC13A4,0,53,0.106
SLC13A5,0,36,0.072
SLC14A1,0,100,0.2
SLC15A1,0,73,0.146
SLC15A2,0,94,0.188
SLC15A3,0,86,0.172
SLC15A4,0,63,0.126
SLC16A1,0,71,0.142
SLC16A10,0,73,0.146
SLC16A11,0,25,0.05
SLC16A14,0,73,0.146
SLC16A2,0,42,0.084
SLC16A4,0,119,0.238
SLC16A5,0,89,0.178
SLC16A6,0,49,0.098
SLC16A7,0,13,0.026
SIGLEC16,0,82,0.164
SIGLEC15,0,81,0.162
SIGLEC11,0,79,0.158
SGSM3,0,86,0.172
SGK1,0,110,0.22
SGK2,0,28,0.056
SGK223,0,93,0.186
SGK494,0,50,0.1
SGMS1,0,22,0.044
SGMS2,0,94,0.188
SGOL1,0,107,0.214
SGOL2,0,81,0.162
SGPL1,0,12,0.024
SGPP1,0,20,0.04
SGPP2,0,132,0.264
SGSH,0,38,0.076
SGSM1,0,8,0.016
SGSM2,0,55,0.11
SGTA,0,44,0.088
SH3BGRL3,0,127,0.254
SGTB,0,14,0.028
SH2B1,0,162,0.324
SH2B2,0,89,0.178
SH2B3,0,78,0.156
SH2D1A,0,19,0.038
SH2D1B,0,149,0.298
SH2D2A,0,176,0.352
SH2D3A,0,110,0.22
SH2D3C,0,39,0.078
SH2D4A,0,42,0.084
SH2D4B,0,59,0.118
SH2D5,0,45,0.09
SH3BGR,0,89,0.178
SH3BGRL,0,65,0.13
SGIP1,0,139,0.278
SGCZ,0,184,0.368
SGCG,0,110,0.22
SGCE,0,109,0.218
SF3B2,0,27,0.054
SF3B3,0,77,0.154
SF3B5,0,32,0.064
SF3B6,0,32,0.064
SFI1,0,34,0.068
SFMBT1,0,49,0.098
SFMBT2,0,70,0.14
SFN,0,103,0.206
SFRP1,0,31,0.062
SFRP2,0,64,0.128
SFRP4,0,100,0.2
SFRP5,0,92,0.184
SFSWAP,0,21,0.042
SFT2D1,0,6,0.012
SFT2D2,0,23,0.046
SFT2D3,0,56,0.112
SFTA2,0,63,0.126
SFTPA1,0,36,0.072
SFTPB,0,48,0.096
SFTPC,0,69,0.138
SFTPD,0,27,0.054
SFXN1,0,29,0.058
SFXN2,0,62,0.124
SFXN3,0,82,0.164
SFXN4,0,66,0.132
SFXN5,0,71,0.142
SGCA,0,61,0.122
SGCB,0,96,0.192
SGCD,0,67,0.134
SH3BGRL2,0,143,0.286
SH3BP1,0,92,0.184
SIGLEC10,0,92,0.184
SHPK,0,40,0.08
SHFM1,0,61,0.122
SHH,0,97,0.194
SHISA2,0,66,0.132
SHISA3,0,46,0.092
SHISA5,0,42,0.084
SHISA6,0,145,0.29
SHISA7,0,22,0.044
SHISA9,0,17,0.034
SHKBP1,0,66,0.132
SHMT1,0,163,0.326
SHMT2,0,58,0.116
SHOC2,0,17,0.034
SHOX,0,173,0.346
SHOX2,0,99,0.198
SHPRH,0,32,0.064
SH3BP2,0,68,0.136
SHQ1,0,48,0.096
SHROOM1,0,71,0.142
SHROOM2,0,182,0.364
SHROOM3,0,144,0.288
SHROOM4,0,50,0.1
SI,0,96,0.192
SIAE,0,77,0.154
SIAH1,0,49,0.098
SIAH2,0,88,0.176
SIAH3,0,58,0.116
SIDT1,0,24,0.048
SIDT2,0,115,0.23
SIGIRR,0,65,0.13
SIGLEC1,0,69,0.138
SHF,0,116,0.232
SHE,0,24,0.048
SHD,0,130,0.26
SHCBP1L,0,70,0.14
SH3BP4,0,94,0.188
SH3BP5,0,55,0.11
SH3D19,0,70,0.14
SH3D21,0,49,0.098
SH3GL1,0,108,0.216
SH3GL2,0,27,0.054
SH3GL3,0,59,0.118
SH3GLB1,0,18,0.036
SH3GLB2,0,131,0.262
SH3KBP1,0,27,0.054
SH3PXD2A,0,80,0.16
SH3PXD2B,0,81,0.162
SH3RF1,0,104,0.208
SH3RF2,0,9,0.018
SH3RF3,0,72,0.144
SH3TC1,0,122,0.244
SH3TC2,0,87,0.174
SH3YL1,0,100,0.2
SHANK1,0,83,0.166
SHANK2,0,49,0.098
SHANK3,0,13,0.026
SHARPIN,0,114,0.228
SHB,0,28,0.056
SHBG,0,114,0.228
SHC1,0,45,0.09
SHC2,0,73,0.146
SHC3,0,40,0.08
SHC4,0,69,0.138
SHCBP1,0,174,0.348
SOX7,0,149,0.298
SOX8,0,73,0.146
SP1,0,33,0.066
TCEB1P3,0,95,0.19
TCAIM,0,16,0.032
TCAP,0,105,0.21
TCEA1,0,17,0.034
TCEA2,0,46,0.092
TCEA3,0,138,0.276
TCEAL1,0,45,0.09
TCEAL2,0,89,0.178
TCEAL3,0,129,0.258
TCEAL4,0,135,0.27
TCEAL7,0,167,0.334
TCEAL8,0,23,0.046
TCEANC,0,49,0.098
TCEANC2,0,25,0.05
TCEB1,0,14,0.028
TCEB2,0,57,0.114
TBXAS1,0,85,0.17
TCEB3,0,14,0.028
TCEB3B,0,96,0.192
TCERG1,0,12,0.024
TCERG1L,0,105,0.21
TCF12,0,15,0.03
TCF15,0,175,0.35
TCF19,0,59,0.118
TCF21,0,144,0.288
TCF24,0,183,0.366
TCF25,0,27,0.054
TCF3,0,94,0.188
TCF4,0,32,0.064
TCF7,0,110,0.22
TCF7L1,0,10,0.02
TC2N,0,51,0.102
TBXA2R,0,105,0.21
TBCA,0,40,0.08
TBPL1,0,8,0.016
TBCC,0,37,0.074
TBCCD1,0,24,0.048
TBCD,0,154,0.308
TBCE,0,14,0.028
TBCEL,0,60,0.12
TBCK,0,9,0.018
TBK1,0,26,0.052
TBKBP1,0,104,0.208
TBL1X,0,46,0.092
TBL1XR1,0,10,0.02
TBL1Y,0,79,0.158
TBL2,0,81,0.162
TBL3,0,98,0.196
TBP,0,31,0.062
TBR1,0,69,0.138
TBX6,0,19,0.038
TBRG1,0,16,0.032
TBRG4,0,97,0.194
TBX1,0,98,0.196
TBX10,0,109,0.218
TBX15,0,113,0.226
TBX18,0,117,0.234
TBX19,0,71,0.142
TBX2,0,69,0.138
TBX20,0,47,0.094
TBX21,0,141,0.282
TBX22,0,96,0.192
TBX3,0,64,0.128
TBX4,0,39,0.078
TBX5,0,75,0.15
TCF7L2,0,85,0.17
TCFL5,0,64,0.128
TCHH,0,98,0.196
TEDDM1,0,82,0.164
TDRG1,0,50,0.1
TDRKH,0,87,0.174
TDRP,0,92,0.184
TEAD1,0,50,0.1
TEAD2,0,74,0.148
TEAD3,0,57,0.114
TEAD4,0,100,0.2
TEC,0,138,0.276
TECPR1,0,70,0.14
TECPR2,0,52,0.104
TECR,0,80,0.16
TECRL,0,149,0.298
TECTA,0,142,0.284
TECTB,0,70,0.14
TEF,0,153,0.306
TCHP,0,11,0.022
TEFM,0,14,0.028
TEK,0,63,0.126
TEKT1,0,79,0.158
TEKT2,0,59,0.118
TEKT3,0,155,0.31
TEKT5,0,100,0.2
TELO2,0,97,0.194
TEN1,0,105,0.21
TENC1,0,20,0.04
TENM1,0,81,0.162
TENM2,0,123,0.246
TENM3,0,43,0.086
TENM4,0,35,0.07
TEP1,0,37,0.074
TDRD9,0,98,0.196
TDRD7,0,89,0.178
TDRD6,0,99,0.198
TDRD5,0,104,0.208
TCIRG1,0,52,0.104
TCL1A,0,99,0.198
TCL1B,0,141,0.282
TCL6,0,183,0.366
TCN1,0,186,0.372
TCN2,0,187,0.374
TCOF1,0,74,0.148
TCP10,0,46,0.092
TCP10L,0,66,0.132
TCP11,0,63,0.126
TCP11L1,0,74,0.148
TCP11L2,0,75,0.15
TCTA,0,77,0.154
TCTE1,0,116,0.232
TCTE3,0,44,0.088
TCTEX1D1,0,122,0.244
TCTEX1D2,0,114,0.228
TCTN1,0,85,0.17
TCTN2,0,117,0.234
TCTN3,0,35,0.07
TDG,0,44,0.088
TDGF1,0,123,0.246
TDH,0,57,0.114
TDO2,0,85,0.17
TDP1,0,12,0.024
TDRD1,0,33,0.066
TDRD10,0,24,0.048
TDRD12,0,61,0.122
TDRD3,0,65,0.13
TBCB,0,28,0.056
TBC1D9B,0,70,0.14
SP100,0,57,0.114
TAF8,0,47,0.094
TAF1A,0,27,0.054
TAF1B,0,118,0.236
TAF1C,0,72,0.144
TAF1D,0,16,0.032
TAF1L,0,122,0.244
TAF2,0,15,0.03
TAF3,0,32,0.064
TAF4,0,96,0.192
TAF4B,0,64,0.128
TAF5,0,29,0.058
TAF5L,0,84,0.168
TAF6,0,36,0.072
TAF6L,0,168,0.336
TAF7L,0,54,0.108
TAF9B,0,14,0.028
TAF13,0,58,0.116
TAGAP,0,57,0.114
TAGLN,0,229,0.458
TAGLN2,0,134,0.268
TAGLN3,0,82,0.164
TAL1,0,114,0.228
TAL2,0,20,0.04
TALDO1,0,186,0.372
TAMM41,0,67,0.134
TANC1,0,36,0.072
TANC2,0,82,0.164
TANGO2,0,112,0.224
TANGO6,0,47,0.094
TANK,0,54,0.108
TAOK1,0,20,0.04
TAF15,0,91,0.182
TAF12,0,36,0.072
TBC1D9,0,63,0.126
TAC1,0,153,0.306
SYTL4,0,143,0.286
SYTL5,0,95,0.19
SZRD1,0,43,0.086
SZT2,0,38,0.076
T,0,77,0.154
TAAR1,0,147,0.294
TAAR2,0,39,0.078
TAAR3,0,33,0.066
TAAR5,0,102,0.204
TAAR8,0,89,0.178
TAAR9,0,51,0.102
TAB1,0,78,0.156
TAB2,0,24,0.048
TAB3,0,36,0.072
TAC3,0,86,0.172
TAF11,0,26,0.052
TACC1,0,19,0.038
TACC2,0,95,0.19
TACC3,0,54,0.108
TACO1,0,54,0.108
TACR1,0,94,0.188
TACR2,0,38,0.076
TACR3,0,86,0.172
TACSTD2,0,38,0.076
TADA1,0,19,0.038
TADA2A,0,50,0.1
TADA2B,0,19,0.038
TADA3,0,34,0.068
TAF1,0,40,0.08
TAF10,0,108,0.216
TAOK2,0,115,0.23
TAP1,0,47,0.094
TAP2,0,47,0.094
TBC1D22A,0,47,0.094
TBATA,0,98,0.196
TBC1D1,0,31,0.062
TBC1D10A,0,81,0.162
TBC1D10B,0,115,0.23
TBC1D10C,0,53,0.106
TBC1D12,0,92,0.184
TBC1D13,0,31,0.062
TBC1D15,0,51,0.102
TBC1D16,0,60,0.12
TBC1D17,0,108,0.216
TBC1D19,0,43,0.086
TBC1D2,0,103,0.206
TBC1D20,0,23,0.046
TBC1D21,0,41,0.082
TBC1D22B,0,64,0.128
TAPBP,0,60,0.12
TBC1D23,0,12,0.024
TBC1D24,0,83,0.166
TBC1D25,0,23,0.046
TBC1D28,0,120,0.24
TBC1D29,0,6,0.012
TBC1D2B,0,35,0.07
TBC1D30,0,67,0.134
TBC1D31,0,51,0.102
TBC1D32,0,10,0.02
TBC1D4,0,51,0.102
TBC1D5,0,36,0.072
TBC1D7,0,59,0.118
TBC1D8,0,123,0.246
TBC1D8B,0,99,0.198
TAZ,0,104,0.208
TATDN2,0,25,0.05
TATDN1,0,124,0.248
TAT,0,61,0.122
TAPBPL,0,83,0.166
TAPT1,0,16,0.032
TARBP1,0,41,0.082
TARBP2,0,56,0.112
TARDBP,0,19,0.038
TARP,0,120,0.24
TARS,0,29,0.058
TARSL2,0,71,0.142
TAS1R1,0,51,0.102
TAS1R2,0,10,0.02
TAS2R1,0,72,0.144
TAS2R10,0,110,0.22
TAS2R13,0,132,0.264
TAS2R14,0,60,0.12
TAS2R16,0,97,0.194
TAS2R19,0,69,0.138
TAS2R3,0,192,0.384
TAS2R38,0,79,0.158
TAS2R39,0,45,0.09
TAS2R4,0,114,0.228
TAS2R40,0,60,0.12
TAS2R41,0,169,0.338
TAS2R43,0,157,0.314
TAS2R5,0,98,0.196
TAS2R50,0,219,0.438
TAS2R7,0,42,0.084
TAS2R8,0,73,0.146
TAS2R9,0,113,0.226
TASP1,0,33,0.066
TEPP,0,91,0.182
TERF1,0,25,0.05
TERF2,0,13,0.026
TLDC1,0,82,0.164
TIPIN,0,68,0.136
TIPRL,0,27,0.054
TIRAP,0,50,0.1
TJAP1,0,50,0.1
TJP1,0,117,0.234
TJP2,0,113,0.226
TJP3,0,75,0.15
TK1,0,62,0.124
TK2,0,97,0.194
TKT,0,126,0.252
TKTL1,0,131,0.262
TKTL2,0,62,0.124
TLCD1,0,114,0.228
TLCD2,0,49,0.098
TLDC2,0,149,0.298
TINF2,0,12,0.024
TLE1,0,65,0.13
TLE2,0,78,0.156
TLE3,0,81,0.162
TLE4,0,12,0.024
TLE6,0,71,0.142
TLK1,0,22,0.044
TLK2,0,15,0.03
TLL1,0,52,0.104
TLL2,0,60,0.12
TLN1,0,114,0.228
TLN2,0,39,0.078
TLR1,0,42,0.084
TLR10,0,51,0.102
TLR2,0,44,0.088
TIPARP,0,57,0.114
TINCR,0,74,0.148
TERF2IP,0,52,0.104
TIMM17B,0,109,0.218
TIFAB,0,94,0.188
TIGD1,0,150,0.3
TIGD2,0,61,0.122
TIGD3,0,115,0.23
TIGD4,0,77,0.154
TIGD5,0,94,0.188
TIGD6,0,119,0.238
TIGIT,0,53,0.106
TIMD4,0,116,0.232
TIMELESS,0,115,0.23
TIMM10,0,115,0.23
TIMM10B,0,40,0.08
TIMM13,0,33,0.066
TIMM17A,0,20,0.04
TIMM21,0,16,0.032
TINAGL1,0,41,0.082
TIMM22,0,51,0.102
TIMM23,0,23,0.046
TIMM23B,0,40,0.08
TIMM44,0,136,0.272
TIMM50,0,75,0.15
TIMM8A,0,112,0.224
TIMM8B,0,46,0.092
TIMM9,0,12,0.024
TIMMDC1,0,6,0.012
TIMP1,0,93,0.186
TIMP2,0,72,0.144
TIMP3,0,26,0.052
TIMP4,0,22,0.044
TINAG,0,45,0.09
TLR3,0,126,0.252
TLR4,0,48,0.096
TLR5,0,69,0.138
TMED8,0,26,0.052
TMCC2,0,86,0.172
TMCC3,0,73,0.146
TMCO1,0,6,0.012
TMCO2,0,48,0.096
TMCO4,0,115,0.23
TMCO5A,0,90,0.18
TMCO6,0,57,0.114
TMED1,0,93,0.186
TMED10,0,55,0.11
TMED2,0,53,0.106
TMED3,0,99,0.198
TMED4,0,39,0.078
TMED5,0,4,0.008
TMED6,0,132,0.264
TMED9,0,65,0.13
TLR6,0,47,0.094
TMEFF2,0,115,0.23
TMEM100,0,56,0.112
TMEM101,0,106,0.212
TMEM102,0,138,0.276
TMEM104,0,37,0.074
TMEM105,0,14,0.028
TMEM106A,0,79,0.158
TMEM106B,0,40,0.08
TMEM106C,0,120,0.24
TMEM107,0,100,0.2
TMEM108,0,69,0.138
TMEM109,0,42,0.084
TMEM11,0,46,0.092
TMEM115,0,53,0.106
TMCC1,0,35,0.07
TMC8,0,72,0.144
TMC7,0,56,0.112
TMC6,0,41,0.082
TLR7,0,75,0.15
TLR8,0,44,0.088
TLR9,0,48,0.096
TLX1,0,131,0.262
TLX2,0,89,0.178
TLX3,0,109,0.218
TM2D1,0,19,0.038
TM2D2,0,14,0.028
TM4SF1,0,55,0.11
TM4SF18,0,85,0.17
TM4SF20,0,57,0.114
TM4SF4,0,64,0.128
TM4SF5,0,13,0.026
TM6SF1,0,34,0.068
TM6SF2,0,35,0.07
TM7SF2,0,167,0.334
TM7SF3,0,24,0.048
TM9SF1,0,48,0.096
TM9SF2,0,39,0.078
TM9SF3,0,37,0.074
TM9SF4,0,29,0.058
TMA16,0,18,0.036
TMA7,0,54,0.108
TMBIM4,0,67,0.134
TMBIM6,0,45,0.09
TMC1,0,67,0.134
TMC2,0,43,0.086
TMC4,0,59,0.118
TMC5,0,50,0.1
TIFA,0,37,0.074
TIE1,0,79,0.158
TICRR,0,61,0.122
TFE3,0,51,0.102
TFAM,0,6,0.012
TFAP2A,0,41,0.082
TFAP2B,0,29,0.058
TFAP2C,0,170,0.34
TFAP2D,0,100,0.2
TFAP2E,0,62,0.124
TFAP4,0,111,0.222
TFB1M,0,36,0.072
TFB2M,0,55,0.11
TFCP2,0,60,0.12
TFCP2L1,0,38,0.076
TFDP1,0,94,0.188
TFDP2,0,41,0.082
TFDP3,0,39,0.078
TFEB,0,77,0.154
TGFB1I1,0,70,0.14
TFEC,0,60,0.12
TFF1,0,37,0.074
TFF2,0,120,0.24
TFF3,0,83,0.166
TFG,0,14,0.028
TFIP11,0,75,0.15
TFPI,0,112,0.224
TFPI2,0,175,0.35
TFPT,0,137,0.274
TFR2,0,37,0.074
TFRC,0,25,0.05
TG,0,114,0.228
TGDS,0,21,0.042
TGFA,0,70,0.14
TF,0,30,0.06
TEX9,0,124,0.248
TEX43,0,142,0.284
TEX38,0,52,0.104
TERT,0,96,0.192
TES,0,39,0.078
TESC,0,86,0.172
TESK1,0,70,0.14
TESK2,0,51,0.102
TESPA1,0,76,0.152
TET1,0,83,0.166
TET2,0,23,0.046
TET3,0,99,0.198
TEX10,0,21,0.042
TEX101,0,84,0.168
TEX11,0,61,0.122
TEX12,0,131,0.262
TEX13A,0,72,0.144
TEX13B,0,22,0.044
TEX14,0,89,0.178
TEX15,0,89,0.178
TEX19,0,82,0.164
TEX2,0,77,0.154
TEX26,0,107,0.214
TEX261,0,46,0.092
TEX264,0,138,0.276
TEX28,0,122,0.244
TEX29,0,19,0.038
TEX30,0,39,0.078
TEX33,0,117,0.234
TEX35,0,93,0.186
TEX36,0,103,0.206
TEX37,0,93,0.186
TGFB1,0,48,0.096
TGFB2,0,278,0.556
TICAM1,0,69,0.138
THRAP3,0,51,0.102
THEM5,0,34,0.068
THEM6,0,19,0.038
THEMIS,0,67,0.134
THEMIS2,0,38,0.076
THG1L,0,78,0.156
THNSL1,0,60,0.12
THNSL2,0,106,0.212
THOC1,0,21,0.042
THOC5,0,56,0.112
THOC6,0,98,0.196
THOC7,0,6,0.012
THOP1,0,106,0.212
THPO,0,9,0.018
THRA,0,78,0.156
THRB,0,7,0.014
TGFB3,0,47,0.094
THRSP,0,30,0.06
THSD4,0,51,0.102
THSD7A,0,52,0.104
THSD7B,0,66,0.132
THTPA,0,59,0.118
THUMPD2,0,13,0.026
THUMPD3,0,37,0.074
THY1,0,46,0.092
THYN1,0,48,0.096
TIA1,0,1,0.002
TIAF1,0,111,0.222
TIAL1,0,8,0.016
TIAM1,0,45,0.09
TIAM2,0,70,0.14
THEM4,0,37,0.074
THEG,0,30,0.06
THBS4,0,70,0.14
THBS3,0,53,0.106
TGFBI,0,136,0.272
TGFBR2,0,59,0.118
TGFBR3,0,169,0.338
TGFBRAP1,0,18,0.036
TGIF1,0,149,0.298
TGIF2,0,71,0.142
TGM1,0,55,0.11
TGM3,0,88,0.176
TGM4,0,8,0.016
TGM5,0,44,0.088
TGM6,0,167,0.334
TGM7,0,39,0.078
TGS1,0,5,0.01
TH,0,97,0.194
THADA,0,16,0.032
THAP1,0,20,0.04
THAP10,0,151,0.302
THAP11,0,59,0.118
THAP2,0,139,0.278
THAP3,0,129,0.258
THAP4,0,75,0.15
THAP5,0,55,0.11
THAP6,0,39,0.078
THAP7,0,64,0.128
THAP8,0,116,0.232
THAP9,0,43,0.086
THBD,0,94,0.188
THBS1,0,252,0.504
THBS2,0,139,0.278
SYTL3,0,71,0.142
SYTL2,0,108,0.216
SYTL1,0,131,0.262
SREK1IP1,0,32,0.064
SQLE,0,69,0.138
SQRDL,0,111,0.222
SQSTM1,0,24,0.048
SRA1,0,145,0.29
SRBD1,0,31,0.062
SRC,0,54,0.108
SRCAP,0,42,0.084
SRCIN1,0,55,0.11
SRCRB4D,0,47,0.094
SRD5A1,0,154,0.308
SRD5A2,0,58,0.116
SRD5A3,0,148,0.296
SREBF1,0,66,0.132
SREBF2,0,97,0.194
SRF,0,38,0.076
SPX,0,166,0.332
SRFBP1,0,34,0.068
SRGAP1,0,27,0.054
SRGAP2,0,47,0.094
SRGAP2C,0,52,0.104
SRGAP3,0,120,0.24
SRGN,0,57,0.114
SRI,0,50,0.1
SRL,0,104,0.208
SRM,0,124,0.248
SRMS,0,49,0.098
SRP14,0,47,0.094
SRP19,0,93,0.186
SRP54,0,13,0.026
SRP68,0,10,0.02
SPZ1,0,110,0.22
SPTY2D1,0,32,0.064
ST3GAL6,0,55,0.11
SPRYD7,0,93,0.186
SPRNP1,0,70,0.14
SPRR1A,0,50,0.1
SPRR1B,0,84,0.168
SPRR2B,0,140,0.28
SPRR2G,0,24,0.048
SPRR3,0,30,0.06
SPRR4,0,45,0.09
SPRTN,0,37,0.074
SPRY1,0,131,0.262
SPRY2,0,131,0.262
SPRY3,0,73,0.146
SPRY4,0,64,0.128
SPRYD3,0,95,0.19
SPRYD4,0,70,0.14
SPSB1,0,51,0.102
SPTSSB,0,193,0.386
SPSB2,0,88,0.176
SPSB3,0,87,0.174
SPSB4,0,126,0.252
SPTA1,0,108,0.216
SPTAN1,0,116,0.232
SPTB,0,164,0.328
SPTBN1,0,36,0.072
SPTBN2,0,104,0.208
SPTBN4,0,27,0.054
SPTBN5,0,27,0.054
SPTLC1,0,12,0.024
SPTLC2,0,47,0.094
SPTLC3,0,210,0.42
SPTSSA,0,47,0.094
SRP72,0,18,0.036
SRP9,0,7,0.014
SRPK1,0,58,0.116
SSTR5,0,63,0.126
SSPN,0,51,0.102
SSPO,0,46,0.092
SSR1,0,2,0.004
SSR2,0,42,0.084
SSR3,0,29,0.058
SSR4,0,12,0.024
SSR4P1,0,52,0.104
SSRP1,0,71,0.142
SSSCA1,0,45,0.09
SST,0,41,0.082
SSTR1,0,65,0.13
SSTR2,0,44,0.088
SSTR3,0,97,0.194
SSTR4,0,92,0.184
SSU72,0,16,0.032
SRPK2,0,27,0.054
SSU72P8,0,112,0.224
SSUH2,0,28,0.056
SSX1,0,186,0.372
SSX2B,0,24,0.048
SSX2IP,0,64,0.128
SSX3,0,100,0.2
ST13,0,115,0.23
ST14,0,106,0.212
ST18,0,224,0.448
ST20,0,132,0.264
ST3GAL1,0,35,0.07
ST3GAL2,0,74,0.148
ST3GAL3,0,80,0.16
ST3GAL4,0,163,0.326
SSNA1,0,79,0.158
SSMEM1,0,96,0.192
SSH3,0,103,0.206
SSH2,0,57,0.114
SRPK3,0,68,0.136
SRPR,0,45,0.09
SRPRB,0,10,0.02
SRPX,0,65,0.13
SRPX2,0,114,0.228
SRR,0,92,0.184
SRRD,0,154,0.308
SRRM1,0,79,0.158
SRRM2,0,95,0.19
SRRM3,0,79,0.158
SRRM4,0,33,0.066
SRRT,0,55,0.11
SRSF10,0,21,0.042
SRSF11,0,37,0.074
SRSF12,0,156,0.312
SRSF3,0,4,0.008
SRSF8,0,45,0.09
SRXN1,0,199,0.398
SRY,0,57,0.114
SS18,0,27,0.054
SS18L1,0,110,0.22
SS18L2,0,37,0.074
SSB,0,19,0.038
SSBP1,0,19,0.038
SSBP2,0,49,0.098
SSBP4,0,91,0.182
SSC5D,0,18,0.036
SSFA2,0,21,0.042
SSH1,0,105,0.21
SPRN,0,52,0.104
SPRED3,0,60,0.12
SPRED2,0,102,0.204
SPATA31D1,0,89,0.178
SPATA12,0,168,0.336
SPATA13,0,41,0.082
SPATA16,0,196,0.392
SPATA17,0,139,0.278
SPATA18,0,97,0.194
SPATA19,0,29,0.058
SPATA2,0,62,0.124
SPATA20,0,123,0.246
SPATA21,0,24,0.048
SPATA22,0,28,0.056
SPATA24,0,19,0.038
SPATA25,0,71,0.142
SPATA2L,0,62,0.124
SPATA3,0,104,0.208
SPATA31E1,0,22,0.044
SPATS1,0,37,0.074
SPATA32,0,27,0.054
SPATA33,0,36,0.072
SPATA4,0,103,0.206
SPATA41,0,121,0.242
SPATA42,0,86,0.172
SPATA45,0,88,0.176
SPATA5,0,62,0.124
SPATA5L1,0,53,0.106
SPATA6,0,92,0.184
SPATA6L,0,46,0.092
SPATA7,0,111,0.222
SPATA8,0,53,0.106
SPATA9,0,88,0.176
SPATC1,0,67,0.134
SPATA1,0,181,0.362
SPAST,0,2,0.004
SPARCL1,0,153,0.306
SPARC,0,127,0.254
SP110,0,50,0.1
SP140L,0,31,0.062
SP2,0,48,0.096
SP3,0,33,0.066
SP3P,0,156,0.312
SP4,0,25,0.05
SP5,0,178,0.356
SP6,0,111,0.222
SP7,0,100,0.2
SP8,0,91,0.182
SPA17,0,156,0.312
SPACA1,0,95,0.19
SPACA3,0,80,0.16
SPACA4,0,110,0.22
SPACA6P,0,76,0.152
SPACA7,0,72,0.144
SPAG1,0,106,0.212
SPAG11A,0,63,0.126
SPAG16,0,98,0.196
SPAG17,0,103,0.206
SPAG4,0,91,0.182
SPAG5,0,161,0.322
SPAG6,0,92,0.184
SPAG7,0,39,0.078
SPAG8,0,125,0.25
SPAG9,0,22,0.044
SPAM1,0,17,0.034
SPANXA1,0,43,0.086
SPANXB1,0,49,0.098
SPATC1L,0,102,0.204
SPATS2,0,71,0.142
SPRED1,0,132,0.264
SPNS3,0,117,0.234
SPINK1,0,90,0.18
SPINK2,0,88,0.176
SPINK4,0,33,0.066
SPINK5,0,51,0.102
SPINK6,0,92,0.184
SPINK7,0,85,0.17
SPINT1,0,111,0.222
SPINT2,0,106,0.212
SPINT3,0,74,0.148
SPIRE1,0,138,0.276
SPIRE2,0,110,0.22
SPN,0,135,0.27
SPNS1,0,85,0.17
SPNS2,0,153,0.306
SPO11,0,97,0.194
SPATS2L,0,131,0.262
SPOCD1,0,33,0.066
SPOCK1,0,81,0.162
SPOCK2,0,101,0.202
SPOCK3,0,91,0.182
SPON1,0,68,0.136
SPOP,0,35,0.07
SPOPL,0,9,0.018
SPP1,0,180,0.36
SPP2,0,52,0.104
SPPL2A,0,45,0.09
SPPL2B,0,118,0.236
SPPL2C,0,44,0.088
SPPL3,0,35,0.07
SPR,0,43,0.086
SPIN4,0,163,0.326
SPIN3,0,88,0.176
SPIN2A,0,147,0.294
SPIN1,0,40,0.08
SPC24,0,139,0.278
SPC25,0,138,0.276
SPCS1,0,67,0.134
SPCS2,0,37,0.074
SPCS3,0,17,0.034
SPDEF,0,25,0.05
SPDL1,0,121,0.242
SPDYA,0,181,0.362
SPDYE1,0,128,0.256
SPDYE2,0,121,0.242
SPECC1,0,117,0.234
SPECC1L,0,20,0.04
SPEF1,0,80,0.16
SPEF2,0,173,0.346
SPEM1,0,114,0.228
SPEN,0,50,0.1
SPERT,0,92,0.184
SPG11,0,39,0.078
SPG20OS,0,127,0.254
SPG21,0,96,0.192
SPG7,0,186,0.372
SPHK1,0,90,0.18
SPHK2,0,37,0.074
SPHKAP,0,71,0.142
SPI1,0,66,0.132
SPIB,0,66,0.132
SPIC,0,104,0.208
SPICE1,0,52,0.104
SPIDR,0,55,0.11
ST3GAL5,0,41,0.082
ST5,0,103,0.206
SYT9,0,54,0.108
SURF1,0,145,0.29
SUMO4,0,87,0.174
SUN1,0,30,0.06
SUN2,0,34,0.068
SUN3,0,92,0.184
SUN5,0,24,0.048
SUOX,0,82,0.164
SUPT16H,0,27,0.054
SUPT20H,0,23,0.046
SUPT3H,0,82,0.164
SUPT4H1,0,48,0.096
SUPT5H,0,73,0.146
SUPT6H,0,47,0.094
SUPT7L,0,12,0.024
SUPV3L1,0,47,0.094
SURF2,0,148,0.296
SUMO1,0,33,0.066
SURF4,0,38,0.076
SURF6,0,44,0.088
SUSD1,0,66,0.132
SUSD2,0,46,0.092
SUSD3,0,134,0.268
SUSD4,0,88,0.176
SUSD5,0,121,0.242
SUV39H1,0,173,0.346
SUV39H2,0,119,0.238
SUV420H2,0,67,0.134
SUZ12,0,8,0.016
SV2A,0,96,0.192
SV2B,0,50,0.1
SV2C,0,53,0.106
SUMO3,0,66,0.132
SUMF2,0,68,0.136
ST6GAL1,0,41,0.082
SUGP1,0,37,0.074
STXBP5L,0,41,0.082
STXBP6,0,30,0.06
STYK1,0,66,0.132
STYX,0,35,0.07
STYXL1,0,69,0.138
SUB1,0,39,0.078
SUCLA2,0,43,0.086
SUCLG1,0,10,0.02
SUCLG2,0,30,0.06
SUCNR1,0,148,0.296
SUCO,0,32,0.064
SUDS3,0,29,0.058
SUFU,0,89,0.178
SUGCT,0,117,0.234
SUGP2,0,24,0.048
SUMF1,0,138,0.276
SUGT1,0,11,0.022
SUGT1P1,0,100,0.2
SUGT1P3,0,132,0.264
SULF1,0,27,0.054
SULF2,0,110,0.22
SULT1A1,0,223,0.446
SULT1A2,0,194,0.388
SULT1B1,0,40,0.08
SULT1C2,0,48,0.096
SULT1C4,0,138,0.276
SULT1E1,0,101,0.202
SULT2A1,0,104,0.208
SULT2B1,0,33,0.066
SULT4A1,0,138,0.276
SVEP1,0,19,0.038
SVIL,0,46,0.092
SVIP,0,59,0.118
SYS1,0,32,0.064
SYNGR3,0,70,0.14
SYNGR4,0,106,0.212
SYNJ1,0,16,0.032
SYNJ2,0,62,0.124
SYNJ2BP,0,18,0.036
SYNM,0,71,0.142
SYNPO,0,30,0.06
SYNPO2,0,50,0.1
SYNPO2L,0,50,0.1
SYNPR,0,59,0.118
SYNRG,0,18,0.036
SYP,0,90,0.18
SYPL1,0,21,0.042
SYPL2,0,16,0.032
SYT1,0,74,0.148
SVOP,0,56,0.112
SYT11,0,64,0.128
SYT12,0,35,0.07
SYT13,0,72,0.144
SYT14,0,155,0.31
SYT15,0,36,0.072
SYT16,0,40,0.08
SYT17,0,209,0.418
SYT2,0,22,0.044
SYT3,0,56,0.112
SYT4,0,68,0.136
SYT5,0,95,0.19
SYT6,0,58,0.116
SYT7,0,12,0.024
SYT8,0,54,0.108
SYNGR2,0,75,0.15
SYNGR1,0,49,0.098
SYNGAP1,0,80,0.16
SYNE4,0,57,0.114
SVOPL,0,42,0.084
SWAP70,0,23,0.046
SWI5,0,135,0.27
SWSAP1,0,62,0.124
SWT1,0,36,0.072
SYAP1,0,22,0.044
SYBU,0,79,0.158
SYCE1,0,146,0.292
SYCE2,0,53,0.106
SYCN,0,63,0.126
SYCP1,0,142,0.284
SYCP2,0,75,0.15
SYCP2L,0,169,0.338
SYCP3,0,156,0.312
SYDE1,0,61,0.122
SYDE2,0,131,0.262
SYF2,0,25,0.05
SYK,0,58,0.116
SYMPK,0,92,0.184
SYN1,0,11,0.022
SYN2,0,42,0.084
SYN3,0,81,0.162
SYNC,0,120,0.24
SYNCRIP,0,30,0.06
SYNDIG1,0,25,0.05
SYNDIG1L,0,19,0.038
SYNE1,0,61,0.122
SYNE2,0,35,0.07
SYNE3,0,83,0.166
STXBP5,0,32,0.064
STXBP4,0,61,0.122
STXBP3,0,45,0.09
STAU1,0,24,0.048
STARD3NL,0,20,0.04
STARD5,0,126,0.252
STARD6,0,110,0.22
STARD7,0,17,0.034
STARD8,0,79,0.158
STARD9,0,89,0.178
STAT1,0,84,0.168
STAT2,0,99,0.198
STAT3,0,56,0.112
STAT4,0,67,0.134
STAT5A,0,32,0.064
STAT5B,0,41,0.082
STAT6,0,98,0.196
STATH,0,87,0.174
STAU2,0,10,0.02
STK11,0,57,0.114
STBD1,0,104,0.208
STC1,0,82,0.164
STC2,0,116,0.232
STEAP1,0,127,0.254
STEAP1B,0,83,0.166
STEAP2,0,150,0.3
STEAP3,0,23,0.046
STEAP4,0,82,0.164
STGC3,0,76,0.152
STH,0,88,0.176
STIL,0,141,0.282
STIM1,0,34,0.068
STIM2,0,24,0.048
STIP1,0,16,0.032
STARD3,0,76,0.152
STARD13,0,80,0.16
STARD10,0,124,0.248
STAR,0,148,0.296
ST6GAL2,0,59,0.118
ST6GALNAC1,0,94,0.188
ST6GALNAC2,0,136,0.272
ST6GALNAC3,0,69,0.138
ST6GALNAC4,0,92,0.184
ST6GALNAC5,0,65,0.13
ST6GALNAC6,0,136,0.272
ST7L,0,154,0.308
ST8SIA1,0,96,0.192
ST8SIA2,0,49,0.098
ST8SIA3,0,88,0.176
ST8SIA4,0,35,0.07
ST8SIA5,0,79,0.158
STAB1,0,78,0.156
STAB2,0,19,0.038
STAC,0,131,0.262
STAC2,0,59,0.118
STAC3,0,158,0.316
STAG1,0,3,0.006
STAG2,0,10,0.02
STAG3,0,68,0.136
STAG3L3,0,58,0.116
STAG3L4,0,45,0.09
STAM,0,41,0.082
STAM2,0,21,0.042
STAMBP,0,33,0.066
STAMBPL1,0,8,0.016
STAP1,0,47,0.094
STAP2,0,57,0.114
STK10,0,44,0.088
STK11IP,0,87,0.174
STXBP2,0,80,0.16
STX10,0,81,0.162
STRA6,0,19,0.038
STRADA,0,51,0.102
STRADB,0,109,0.218
STRAP,0,29,0.058
STRBP,0,21,0.042
STRIP1,0,18,0.036
STRIP2,0,122,0.244
STRN,0,13,0.026
STRN3,0,13,0.026
STRN4,0,86,0.172
STS,0,93,0.186
STT3A,0,69,0.138
STT3B,0,39,0.078
STUB1,0,32,0.064
STX11,0,66,0.132
STK16,0,84,0.168
STX12,0,7,0.014
STX17,0,11,0.022
STX18,0,15,0.03
STX19,0,98,0.196
STX1A,0,140,0.28
STX1B,0,135,0.27
STX2,0,24,0.048
STX3,0,56,0.112
STX4,0,57,0.114
STX5,0,63,0.126
STX6,0,40,0.08
STX7,0,40,0.08
STX8,0,38,0.076
STXBP1,0,83,0.166
STRA13,0,64,0.128
STPG2,0,168,0.336
STPG1,0,145,0.29
STOX2,0,40,0.08
STK17A,0,31,0.062
STK17B,0,33,0.066
STK19,0,220,0.44
STK24,0,35,0.07
STK25,0,59,0.118
STK3,0,58,0.116
STK31,0,80,0.16
STK32A,0,158,0.316
STK32B,0,29,0.058
STK32C,0,149,0.298
STK33,0,92,0.184
STK35,0,53,0.106
STK36,0,46,0.092
STK38,0,47,0.094
STK38L,0,31,0.062
STK39,0,46,0.092
STK40,0,38,0.076
STKLD1,0,60,0.12
STMN1,0,67,0.134
STMN2,0,61,0.122
STMN3,0,125,0.25
STMN4,0,51,0.102
STOM,0,117,0.234
STOML1,0,85,0.17
STOML2,0,66,0.132
STOML3,0,51,0.102
STON1,0,81,0.162
STON2,0,151,0.302
STOX1,0,182,0.364
MBD5,0,15,0.03
MAPK14,0,50,0.1
MBD3L2,0,73,0.146
CLSTN2,0,25,0.05
CLNK,0,77,0.154
CLNS1A,0,34,0.068
CLOCK,0,16,0.032
CLP1,0,68,0.136
CLPB,0,179,0.358
CLPP,0,66,0.132
CLPS,0,59,0.118
CLPTM1,0,62,0.124
CLPTM1L,0,16,0.032
CLPX,0,5,0.01
CLRN1,0,35,0.07
CLRN3,0,80,0.16
CLSPN,0,73,0.146
CLSTN1,0,105,0.21
CLSTN3,0,78,0.156
CLN6,0,53,0.106
CLTA,0,7,0.014
CLTB,0,156,0.312
CLTC,0,40,0.08
CLTCL1,0,93,0.186
CLU,0,135,0.27
CLUAP1,0,65,0.13
CLUH,0,121,0.242
CLUHP3,0,100,0.2
CLUL1,0,107,0.214
CLVS1,0,60,0.12
CLVS2,0,62,0.124
CLYBL,0,111,0.222
CMA1,0,61,0.122
CMAHP,0,63,0.126
CLN8,0,55,0.11
CLN5,0,49,0.098
CMBL,0,101,0.202
CLIC1P1,0,147,0.294
CLEC4A,0,60,0.12
CLEC4C,0,152,0.304
CLEC4D,0,137,0.274
CLEC4E,0,92,0.184
CLEC4F,0,103,0.206
CLEC4G,0,56,0.112
CLEC4GP1,0,77,0.154
CLEC4M,0,31,0.062
CLEC5A,0,152,0.304
CLEC7A,0,50,0.1
CLECL1,0,126,0.252
CLGN,0,205,0.41
CLHC1,0,171,0.342
CLIC1,0,43,0.086
CLIC2,0,78,0.156
CLN3,0,72,0.144
CLIC3,0,79,0.158
CLIC4,0,86,0.172
CLIC5,0,98,0.196
CLIC6,0,47,0.094
CLINT1,0,30,0.06
CLIP1,0,41,0.082
CLIP2,0,80,0.16
CLIP3,0,61,0.122
CLIP4,0,31,0.062
CLK2,0,20,0.04
CLK3,0,56,0.112
CLLU1,0,153,0.306
CLMN,0,163,0.326
CLMP,0,96,0.192
CMAS,0,63,0.126
CMC1,0,29,0.058
CNTLN,0,91,0.182
CNOT6L,0,14,0.028
CNN1,0,118,0.236
CNN2,0,156,0.312
CNN3,0,125,0.25
CNNM1,0,26,0.052
CNNM2,0,77,0.154
CNNM3,0,27,0.054
CNNM4,0,99,0.198
CNOT1,0,15,0.03
CNOT10,0,18,0.036
CNOT11,0,26,0.052
CNOT2,0,13,0.026
CNOT3,0,32,0.064
CNOT4,0,17,0.034
CNOT6,0,2,0.004
CNOT7,0,66,0.132
CNKSR2,0,55,0.11
CNOT8,0,14,0.028
CNP,0,137,0.274
CNPPD1,0,85,0.17
CNPY1,0,96,0.192
CNPY2,0,31,0.062
CNPY3,0,40,0.08
CNPY4,0,56,0.112
CNR1,0,92,0.184
CNR2,0,97,0.194
CNRIP1,0,71,0.142
CNST,0,38,0.076
CNTD1,0,92,0.184
CNTD2,0,48,0.096
CNTF,0,86,0.172
CNKSR3,0,54,0.108
CNKSR1,0,32,0.064
CMC2,0,14,0.028
CMTR2,0,15,0.03
CMC4,0,48,0.096
CMIP,0,43,0.086
CMKLR1,0,147,0.294
CMPK1,0,18,0.036
CMPK2,0,180,0.36
CMSS1,0,70,0.14
CMTM2,0,174,0.348
CMTM3,0,51,0.102
CMTM4,0,105,0.21
CMTM5,0,73,0.146
CMTM6,0,32,0.064
CMTM7,0,81,0.162
CMTM8,0,128,0.256
CMTR1,0,40,0.08
CMYA5,0,99,0.198
CNIH4,0,48,0.096
CNBD1,0,91,0.182
CNBD2,0,45,0.09
CNDP1,0,60,0.12
CNDP2,0,63,0.126
CNEP1R1,0,29,0.058
CNFN,0,76,0.152
CNGA1,0,159,0.318
CNGA3,0,94,0.188
CNGA4,0,89,0.178
CNGB1,0,16,0.032
CNGB3,0,9,0.018
CNIH1,0,22,0.044
CNIH2,0,102,0.204
CNIH3,0,107,0.214
CLEC3B,0,35,0.07
CLEC3A,0,113,0.226
CLEC2D,0,17,0.034
CIB3,0,29,0.058
CHST8,0,66,0.132
CHST9,0,125,0.25
CHSY1,0,62,0.124
CHSY3,0,108,0.216
CHTF18,0,69,0.138
CHTF8,0,32,0.064
CHTOP,0,10,0.02
CHUK,0,4,0.008
CHURC1,0,51,0.102
CIAO1,0,25,0.05
CIAPIN1,0,22,0.044
CIART,0,150,0.3
CIB1,0,65,0.13
CIB2,0,75,0.15
CIB4,0,68,0.136
CHST6,0,103,0.206
CIC,0,70,0.14
CIDEA,0,84,0.168
CIDEB,0,87,0.174
CIDEC,0,25,0.05
CIDECP,0,99,0.198
CIITA,0,52,0.104
CILP,0,22,0.044
CILP2,0,104,0.208
CINP,0,29,0.058
CIPC,0,38,0.076
CIR1,0,84,0.168
CIRBP,0,24,0.048
CIRH1A,0,49,0.098
CISD1,0,65,0.13
CHST7,0,123,0.246
CHST5,0,73,0.146
CLEC2B,0,10,0.02
CHRNB1,0,61,0.122
CHRDL2,0,45,0.09
CHRM1,0,49,0.098
CHRM2,0,56,0.112
CHRM3,0,33,0.066
CHRM4,0,47,0.094
CHRM5,0,69,0.138
CHRNA1,0,46,0.092
CHRNA10,0,34,0.068
CHRNA2,0,84,0.168
CHRNA3,0,62,0.124
CHRNA4,0,43,0.086
CHRNA5,0,64,0.128
CHRNA6,0,28,0.056
CHRNA9,0,71,0.142
CHRNB2,0,31,0.062
CHST4,0,56,0.112
CHRNB3,0,85,0.17
CHRNB4,0,118,0.236
CHRND,0,26,0.052
CHRNE,0,63,0.126
CHRNG,0,48,0.096
CHST1,0,70,0.14
CHST10,0,65,0.13
CHST11,0,83,0.166
CHST12,0,99,0.198
CHST13,0,114,0.228
CHST14,0,102,0.204
CHST15,0,68,0.136
CHST2,0,91,0.182
CHST3,0,120,0.24
CISD2,0,87,0.174
CISH,0,114,0.228
CIT,0,38,0.076
CLDN4,0,63,0.126
CLDN10,0,74,0.148
CLDN11,0,49,0.098
CLDN12,0,129,0.258
CLDN14,0,92,0.184
CLDN15,0,115,0.23
CLDN16,0,41,0.082
CLDN17,0,59,0.118
CLDN18,0,44,0.088
CLDN19,0,36,0.072
CLDN2,0,88,0.176
CLDN20,0,212,0.424
CLDN22,0,64,0.128
CLDN23,0,138,0.276
CLDN3,0,213,0.426
CLDN5,0,134,0.268
CITED1,0,98,0.196
CLDN6,0,82,0.164
CLDN7,0,29,0.058
CLDN8,0,89,0.178
CLDN9,0,117,0.234
CLDND1,0,63,0.126
CLDND2,0,64,0.128
CLEC10A,0,172,0.344
CLEC11A,0,15,0.03
CLEC12A,0,164,0.328
CLEC12B,0,185,0.37
CLEC14A,0,160,0.32
CLEC16A,0,24,0.048
CLEC1A,0,88,0.176
CLEC1B,0,181,0.362
CLDN1,0,37,0.074
CLCNKB,0,15,0.03
CLCNKA,0,76,0.152
CLCN7,0,53,0.106
CITED2,0,71,0.142
CITED4,0,81,0.162
CIZ1,0,101,0.202
CKAP2,0,49,0.098
CKAP2L,0,81,0.162
CKAP4,0,53,0.106
CKAP5,0,44,0.088
CKB,0,67,0.134
CKLF,0,64,0.128
CKM,0,118,0.236
CKMT1A,0,75,0.15
CKMT2,0,56,0.112
CKS1B,0,97,0.194
CKS2,0,128,0.256
CLASP1,0,32,0.064
CLASP2,0,16,0.032
CLASRP,0,132,0.264
CLC,0,119,0.238
CLCA1,0,118,0.236
CLCA2,0,128,0.256
CLCA3P,0,102,0.204
CLCA4,0,144,0.288
CLCC1,0,35,0.07
CLCF1,0,75,0.15
CLCN1,0,63,0.126
CLCN3,0,12,0.024
CLCN4,0,94,0.188
CLCN5,0,96,0.192
CLCN6,0,37,0.074
CNTFR,0,53,0.106
CNTN1,0,22,0.044
CHRD,0,37,0.074
CPNE6,0,32,0.064
CPEB1,0,82,0.164
CPEB2,0,31,0.062
CPEB3,0,68,0.136
CPEB4,0,49,0.098
CPED1,0,88,0.176
CPLX1,0,195,0.39
CPLX2,0,35,0.07
CPLX3,0,44,0.088
CPM,0,97,0.194
CPN1,0,65,0.13
CPN2,0,83,0.166
CPNE2,0,74,0.148
CPNE3,0,50,0.1
CPNE4,0,159,0.318
CPNE7,0,19,0.038
CPD,0,24,0.048
CPNE8,0,75,0.15
CPNE9,0,113,0.226
CPO,0,104,0.208
CPPED1,0,92,0.184
CPQ,0,72,0.144
CPS1,0,64,0.128
CPSF1,0,129,0.258
CPSF2,0,17,0.034
CPSF3,0,1,0.002
CPSF3L,0,76,0.152
CPSF4,0,105,0.21
CPSF6,0,16,0.032
CPSF7,0,42,0.084
CPT1A,0,131,0.262
CPE,0,75,0.15
CPB2,0,35,0.07
CPT2,0,42,0.084
COX7A2,0,32,0.064
COX2,0,68,0.136
COX20,0,91,0.182
COX3,0,108,0.216
COX4I1,0,50,0.1
COX4I2,0,77,0.154
COX5A,0,29,0.058
COX5B,0,59,0.118
COX6A1,0,62,0.124
COX6A2,0,97,0.194
COX6B1,0,46,0.092
COX6B1P3,0,105,0.21
COX6B2,0,51,0.102
COX6C,0,30,0.06
COX7A1,0,72,0.144
COX7A2L,0,31,0.062
CPB1,0,80,0.16
COX7A2P2,0,85,0.17
COX7B,0,56,0.112
COX7B2,0,134,0.268
COX7C,0,34,0.068
COX8A,0,39,0.078
COX8C,0,39,0.078
CP,0,85,0.17
CPA1,0,30,0.06
CPA2,0,135,0.27
CPA3,0,189,0.378
CPA4,0,78,0.156
CPA5,0,61,0.122
CPA6,0,189,0.378
CPAMD8,0,54,0.108
CPT1C,0,32,0.064
CPTP,0,138,0.276
CNTN2,0,77,0.154
CRLF1,0,62,0.124
CRHR1,0,41,0.082
CRHR2,0,62,0.124
CRIM1,0,118,0.236
CRIP1,0,111,0.222
CRIP2,0,139,0.278
CRIP3,0,67,0.134
CRIPAK,0,129,0.258
CRIPT,0,41,0.082
CRISP1,0,126,0.252
CRISP2,0,42,0.084
CRISP3,0,144,0.288
CRISPLD1,0,79,0.158
CRISPLD2,0,94,0.188
CRK,0,39,0.078
CRLF2,0,71,0.142
CRH,0,139,0.278
CRLS1,0,32,0.064
CRMP1,0,14,0.028
CRNKL1,0,12,0.024
CRNN,0,16,0.032
CROCC,0,63,0.126
CROCCP3,0,104,0.208
CROT,0,23,0.046
CRP,0,42,0.084
CRTAC1,0,75,0.15
CRTAM,0,37,0.074
CRTAP,0,67,0.134
CRTC1,0,97,0.194
CRTC2,0,120,0.24
CRTC3,0,31,0.062
CRHBP,0,189,0.378
CREM,0,104,0.208
CPVL,0,113,0.226
CRB3,0,60,0.12
CPXCR1,0,73,0.146
CPXM1,0,52,0.104
CPXM2,0,48,0.096
CPZ,0,45,0.09
CR1,0,60,0.12
CR1L,0,159,0.318
CR2,0,94,0.188
CRABP1,0,50,0.1
CRABP2,0,81,0.162
CRADD,0,113,0.226
CRAMP1L,0,37,0.074
CRAT,0,113,0.226
CRB1,0,52,0.104
CRB2,0,44,0.088
CRCP,0,50,0.1
CRELD2,0,148,0.296
CRCT1,0,72,0.144
CREB1,0,23,0.046
CREB3,0,42,0.084
CREB3L1,0,9,0.018
CREB3L2,0,145,0.29
CREB3L3,0,44,0.088
CREB3L4,0,84,0.168
CREB5,0,87,0.174
CREBBP,0,56,0.112
CREBL2,0,21,0.042
CREBRF,0,30,0.06
CREG1,0,110,0.22
CREG2,0,52,0.104
CRELD1,0,86,0.172
COX19,0,35,0.07
COX18,0,50,0.1
COX17,0,44,0.088
COL27A1,0,7,0.014
COL15A1,0,99,0.198
COL16A1,0,59,0.118
COL17A1,0,54,0.108
COL18A1,0,96,0.192
COL19A1,0,163,0.326
COL1A1,0,8,0.016
COL1A2,0,62,0.124
COL20A1,0,34,0.068
COL21A1,0,55,0.11
COL22A1,0,12,0.024
COL23A1,0,44,0.088
COL24A1,0,115,0.23
COL25A1,0,22,0.044
COL26A1,0,27,0.054
COL28A1,0,97,0.194
COL13A1,0,32,0.064
COL2A1,0,72,0.144
COL3A1,0,31,0.062
COL4A1,0,58,0.116
COL4A2,0,41,0.082
COL4A3,0,28,0.056
COL4A3BP,0,26,0.052
COL4A4,0,60,0.12
COL4A5,0,45,0.09
COL4A6,0,29,0.058
COL5A1,0,70,0.14
COL5A2,0,42,0.084
COL5A3,0,51,0.102
COL6A1,0,29,0.058
COL6A2,0,110,0.22
COL14A1,0,8,0.016
COL12A1,0,9,0.018
COX15,0,18,0.036
COA6,0,64,0.128
CNTN3,0,134,0.268
CNTN4,0,32,0.064
CNTN5,0,52,0.104
CNTN6,0,80,0.16
CNTNAP1,0,40,0.08
CNTNAP2,0,111,0.222
CNTNAP4,0,59,0.118
CNTNAP5,0,32,0.064
CNTRL,0,29,0.058
CNTROB,0,129,0.258
COA1,0,61,0.122
COA3,0,26,0.052
COA4,0,59,0.118
COA5,0,5,0.01
COA7,0,162,0.324
COL11A2,0,43,0.086
COASY,0,99,0.198
COBL,0,124,0.248
COBLL1,0,89,0.178
COCH,0,131,0.262
COG1,0,10,0.02
COG2,0,12,0.024
COG3,0,2,0.004
COG4,0,16,0.032
COG5,0,34,0.068
COG6,0,4,0.008
COG7,0,46,0.092
COIL,0,30,0.06
COL10A1,0,76,0.152
COL11A1,0,75,0.15
COL6A3,0,32,0.064
COL6A5,0,107,0.214
COL6A6,0,59,0.118
COQ6,0,87,0.174
COPS4,0,38,0.076
COPS5,0,4,0.008
COPS6,0,20,0.04
COPS7A,0,43,0.086
COPS7B,0,59,0.118
COPS8,0,30,0.06
COPZ1,0,38,0.076
COPZ2,0,103,0.206
COQ10A,0,73,0.146
COQ10B,0,40,0.08
COQ2,0,77,0.154
COQ3,0,96,0.192
COQ4,0,181,0.362
COQ5,0,64,0.128
COQ7,0,121,0.242
COL7A1,0,46,0.092
COQ9,0,73,0.146
CORIN,0,11,0.022
CORO1A,0,60,0.12
CORO1B,0,69,0.138
CORO1C,0,35,0.07
CORO2A,0,110,0.22
CORO2B,0,100,0.2
CORO6,0,78,0.156
CORO7,0,47,0.094
COTL1,0,57,0.114
COX1,0,94,0.188
COX10,0,125,0.25
COX11,0,17,0.034
COX14,0,17,0.034
COPS3,0,54,0.108
COPS2,0,16,0.032
COPRS,0,119,0.238
COPG1,0,49,0.098
COL8A1,0,94,0.188
COL8A2,0,32,0.064
COL9A1,0,39,0.078
COL9A2,0,99,0.198
COL9A3,0,137,0.274
COLCA1,0,73,0.146
COLEC10,0,35,0.07
COLEC11,0,28,0.056
COLEC12,0,82,0.164
COLGALT1,0,70,0.14
COLGALT2,0,134,0.268
COLQ,0,120,0.24
COMMD1,0,16,0.032
COMMD10,0,4,0.008
COMMD2,0,18,0.036
COMMD3,0,10,0.02
COMMD4,0,92,0.184
COMMD5,0,99,0.198
COMMD6,0,54,0.108
COMMD7,0,40,0.08
COMMD8,0,26,0.052
COMMD9,0,36,0.072
COMP,0,61,0.122
COMT,0,57,0.114
COMTD1,0,34,0.068
COPA,0,71,0.142
COPB1,0,35,0.07
COPB2,0,41,0.082
COPE,0,27,0.054
CHRDL1,0,104,0.208
CHRAC1,0,51,0.102
CRY1,0,25,0.05
CD55,0,90,0.18
CD3D,0,32,0.064
CD3E,0,106,0.212
CD3EAP,0,36,0.072
CD3G,0,75,0.15
CD4,0,152,0.304
CD40,0,137,0.274
CD40LG,0,89,0.178
CD44,0,29,0.058
CD46,0,34,0.068
CD47,0,14,0.028
CD48,0,20,0.04
CD5,0,74,0.148
CD52,0,51,0.102
CD53,0,57,0.114
CD58,0,104,0.208
CD37,0,55,0.11
CD59,0,64,0.128
CD5L,0,11,0.022
CD6,0,57,0.114
CD68,0,162,0.324
CD7,0,90,0.18
CD70,0,71,0.142
CD72,0,89,0.178
CD74,0,97,0.194
CD79B,0,69,0.138
CD80,0,98,0.196
CD81,0,43,0.086
CD82,0,121,0.242
CD83,0,108,0.216
CD84,0,86,0.172
CD38,0,111,0.222
CD34,0,51,0.102
CD8A,0,49,0.098
CD24,0,120,0.24
CD180,0,73,0.146
CD19,0,103,0.206
CD1A,0,97,0.194
CD1B,0,64,0.128
CD1C,0,159,0.318
CD1D,0,106,0.212
CD1E,0,162,0.324
CD2,0,94,0.188
CD200,0,78,0.156
CD200R1,0,49,0.098
CD207,0,41,0.082
CD209,0,9,0.018
CD22,0,103,0.206
CD226,0,59,0.118
CD244,0,61,0.122
CD33,0,135,0.27
CD247,0,34,0.068
CD248,0,43,0.086
CD27,0,99,0.198
CD274,0,90,0.18
CD276,0,17,0.034
CD28,0,27,0.054
CD2AP,0,5,0.01
CD2BP2,0,26,0.052
CD300A,0,56,0.112
CD300C,0,103,0.206
CD300LB,0,116,0.232
CD300LF,0,132,0.264
CD300LG,0,4,0.008
CD320,0,97,0.194
CD86,0,75,0.15
CD8B,0,113,0.226
CDH26,0,103,0.206
CDCA8,0,105,0.21
CDC42EP5,0,19,0.038
CDC42SE1,0,99,0.198
CDC42SE2,0,35,0.07
CDC45,0,47,0.094
CDC5L,0,46,0.092
CDC6,0,104,0.208
CDC7,0,127,0.254
CDC73,0,13,0.026
CDCA2,0,112,0.224
CDCA3,0,123,0.246
CDCA4,0,123,0.246
CDCA5,0,88,0.176
CDCA7,0,113,0.226
CDCA7L,0,34,0.068
CDCP1,0,66,0.132
CDC42EP3,0,60,0.12
CDH1,0,80,0.16
CDH10,0,45,0.09
CDH11,0,45,0.09
CDH12,0,123,0.246
CDH13,0,89,0.178
CDH15,0,54,0.108
CDH16,0,19,0.038
CDH17,0,77,0.154
CDH18,0,143,0.286
CDH19,0,42,0.084
CDH2,0,85,0.17
CDH20,0,156,0.312
CDH22,0,62,0.124
CDH23,0,169,0.338
CDC42EP4,0,58,0.116
CDC42EP2,0,115,0.23
CD9,0,138,0.276
CDC20B,0,95,0.19
CD93,0,107,0.214
CD96,0,26,0.052
CD97,0,114,0.228
CD99,0,87,0.174
CD99L2,0,94,0.188
CDA,0,131,0.262
CDADC1,0,38,0.076
CDAN1,0,38,0.076
CDC123,0,43,0.086
CDC14A,0,54,0.108
CDC14B,0,193,0.386
CDC14C,0,98,0.196
CDC16,0,17,0.034
CDC20,0,95,0.19
CDC23,0,7,0.014
CDC42EP1,0,54,0.108
CDC25A,0,60,0.12
CDC25B,0,92,0.184
CDC25C,0,127,0.254
CDC26,0,35,0.07
CDC27,0,15,0.03
CDC34,0,81,0.162
CDC37,0,63,0.126
CDC37L1,0,7,0.014
CDC37P1,0,123,0.246
CDC40,0,12,0.024
CDC42,0,61,0.122
CDC42BPA,0,104,0.208
CDC42BPB,0,100,0.2
CDC42BPG,0,37,0.074
CD177,0,77,0.154
CD164,0,53,0.106
CD163L1,0,76,0.152
CCL1,0,55,0.11
CCDC9,0,168,0.336
CCDC90B,0,61,0.122
CCDC91,0,1,0.002
CCDC92,0,52,0.104
CCDC93,0,3,0.006
CCDC94,0,115,0.23
CCDC96,0,100,0.2
CCDC97,0,75,0.15
CCER1,0,177,0.354
CCHCR1,0,41,0.082
CCIN,0,98,0.196
CCK,0,47,0.094
CCKAR,0,135,0.27
CCKBR,0,125,0.25
CCL11,0,21,0.042
CCDC88C,0,47,0.094
CCL13,0,20,0.04
CCL14,0,76,0.152
CCL16,0,44,0.088
CCL17,0,48,0.096
CCL18,0,12,0.024
CCL19,0,69,0.138
CCL2,0,45,0.09
CCL20,0,132,0.264
CCL21,0,45,0.09
CCL22,0,51,0.102
CCL23,0,54,0.108
CCL24,0,52,0.104
CCL25,0,55,0.11
CCL26,0,86,0.172
CCDC89,0,64,0.128
CCDC88B,0,155,0.31
CD160,0,88,0.176
CCDC71,0,58,0.116
CCDC6,0,48,0.096
CCDC60,0,34,0.068
CCDC61,0,107,0.214
CCDC62,0,152,0.304
CCDC63,0,58,0.116
CCDC64,0,106,0.212
CCDC64B,0,120,0.24
CCDC65,0,147,0.294
CCDC66,0,43,0.086
CCDC67,0,82,0.164
CCDC68,0,81,0.162
CCDC69,0,28,0.056
CCDC7,0,78,0.156
CCDC70,0,38,0.076
CCDC71L,0,53,0.106
CCDC88A,0,41,0.082
CCDC74A,0,103,0.206
CCDC77,0,73,0.146
CCDC78,0,41,0.082
CCDC79,0,156,0.312
CCDC8,0,30,0.06
CCDC80,0,137,0.274
CCDC81,0,94,0.188
CCDC83,0,140,0.28
CCDC84,0,33,0.066
CCDC85A,0,93,0.186
CCDC85B,0,52,0.104
CCDC85C,0,50,0.1
CCDC86,0,87,0.174
CCDC87,0,86,0.172
CCL27,0,101,0.202
CCL28,0,64,0.128
CCL3,0,84,0.168
CCSER1,0,119,0.238
CCNYL2,0,169,0.338
CCP110,0,41,0.082
CCR1,0,118,0.236
CCR3,0,187,0.374
CCR4,0,102,0.204
CCR5,0,140,0.28
CCR6,0,79,0.158
CCR7,0,68,0.136
CCR8,0,86,0.172
CCR9,0,139,0.278
CCRL2,0,127,0.254
CCRN4L,0,182,0.364
CCS,0,82,0.164
CCSAP,0,84,0.168
CCSER2,0,57,0.114
CCL4,0,116,0.232
CCT2,0,21,0.042
CCT3,0,38,0.076
CCT4,0,31,0.062
CCT5,0,30,0.06
CCT6A,0,40,0.08
CCT6B,0,97,0.194
CCT7,0,20,0.04
CCT8,0,18,0.036
CCT8L2,0,54,0.108
CCZ1,0,25,0.05
CD101,0,184,0.368
CD109,0,128,0.256
CD14,0,117,0.234
CD151,0,114,0.228
CCNYL1,0,36,0.072
CCNY,0,43,0.086
CCNT2,0,38,0.076
CCNT1,0,21,0.042
CCL5,0,155,0.31
CCL7,0,131,0.262
CCL8,0,65,0.13
CCM2,0,45,0.09
CCM2L,0,80,0.16
CCNA1,0,96,0.192
CCNA2,0,144,0.288
CCNB1,0,92,0.184
CCNB1IP1,0,75,0.15
CCNB2,0,116,0.232
CCNB3,0,93,0.186
CCNC,0,12,0.024
CCND1,0,54,0.108
CCND2,0,56,0.112
CCND3,0,69,0.138
CCNDBP1,0,45,0.09
CCNE1,0,159,0.318
CCNE2,0,101,0.202
CCNF,0,101,0.202
CCNG1,0,17,0.034
CCNG2,0,43,0.086
CCNH,0,9,0.018
CCNI,0,117,0.234
CCNJ,0,60,0.12
CCNJL,0,90,0.18
CCNK,0,41,0.082
CCNL1,0,7,0.014
CCNL2,0,51,0.102
CCNO,0,14,0.028
CDH24,0,62,0.124
CDH3,0,51,0.102
CHPT1,0,144,0.288
CFC1B,0,59,0.118
CERS3,0,33,0.066
CERS4,0,166,0.332
CERS5,0,60,0.12
CERS6,0,40,0.08
CES1P1,0,86,0.172
CES2,0,56,0.112
CES3,0,9,0.018
CES4A,0,70,0.14
CES5A,0,73,0.146
CETN1,0,97,0.194
CETN2,0,82,0.164
CETN3,0,29,0.058
CETP,0,46,0.092
CFB,0,23,0.046
CFD,0,182,0.364
CERS1,0,91,0.182
CFDP1,0,67,0.134
CFH,0,135,0.27
CFHR2,0,168,0.336
CFHR3,0,105,0.21
CFHR4,0,135,0.27
CFHR5,0,84,0.168
CFI,0,89,0.178
CFL1,0,55,0.11
CFL2,0,47,0.094
CFP,0,80,0.16
CFTR,0,42,0.084
CGA,0,30,0.06
CGB,0,88,0.176
CGB1,0,36,0.072
CERS2,0,25,0.05
CERK,0,14,0.028
CGN,0,74,0.148
CEP57,0,19,0.038
CEP135,0,9,0.018
CEP152,0,26,0.052
CEP162,0,15,0.03
CEP164,0,48,0.096
CEP170,0,93,0.186
CEP170B,0,52,0.104
CEP19,0,42,0.084
CEP192,0,41,0.082
CEP250,0,47,0.094
CEP290,0,29,0.058
CEP350,0,7,0.014
CEP41,0,59,0.118
CEP44,0,5,0.01
CEP55,0,99,0.198
CEP57L1,0,98,0.196
CERCAM,0,41,0.082
CEP63,0,51,0.102
CEP68,0,61,0.122
CEP70,0,47,0.094
CEP72,0,68,0.136
CEP76,0,64,0.128
CEP78,0,61,0.122
CEP83,0,33,0.066
CEP85,0,49,0.098
CEP85L,0,16,0.032
CEP89,0,84,0.168
CEP95,0,23,0.046
CEP97,0,37,0.074
CEPT1,0,15,0.03
CER1,0,86,0.172
CGGBP1,0,23,0.046
CGNL1,0,68,0.136
CDH4,0,37,0.074
CHMP2B,0,17,0.034
CHGB,0,83,0.166
CHI3L1,0,162,0.324
CHI3L2,0,78,0.156
CHIA,0,62,0.124
CHIAP2,0,70,0.14
CHIC1,0,54,0.108
CHIC2,0,65,0.13
CHID1,0,106,0.212
CHIT1,0,53,0.106
CHKA,0,78,0.156
CHL1,0,98,0.196
CHM,0,63,0.126
CHMP1A,0,138,0.276
CHMP2A,0,88,0.176
CHMP3,0,42,0.084
CHFR,0,38,0.076
CHMP4A,0,54,0.108
CHMP4B,0,96,0.192
CHMP4C,0,105,0.21
CHMP5,0,34,0.068
CHMP6,0,117,0.234
CHMP7,0,39,0.078
CHN1,0,72,0.144
CHN2,0,130,0.26
CHODL,0,33,0.066
CHORDC1,0,30,0.06
CHP1,0,56,0.112
CHP2,0,161,0.322
CHPF,0,103,0.206
CHPF2,0,53,0.106
CHGA,0,89,0.178
CHERP,0,90,0.18
CGREF1,0,112,0.224
CHCHD4,0,59,0.118
CGRRF1,0,28,0.056
CH25H,0,38,0.076
CHAC1,0,72,0.144
CHAC2,0,115,0.23
CHAD,0,89,0.178
CHADL,0,96,0.192
CHAF1A,0,71,0.142
CHAF1B,0,135,0.27
CHAMP1,0,50,0.1
CHAT,0,55,0.11
CHCHD1,0,21,0.042
CHCHD10,0,143,0.286
CHCHD2,0,22,0.044
CHCHD3,0,34,0.068
CHCHD5,0,159,0.318
CHEK2,0,99,0.198
CHCHD6,0,46,0.092
CHCHD7,0,7,0.014
CHD1,0,35,0.07
CHD1L,0,50,0.1
CHD3,0,74,0.148
CHD4,0,76,0.152
CHD5,0,32,0.064
CHD6,0,32,0.064
CHD7,0,69,0.138
CHD8,0,63,0.126
CHD9,0,1,0.002
CHDC2,0,48,0.096
CHDH,0,30,0.06
CHEK1,0,112,0.224
CEP131,0,53,0.106
CEP128,0,40,0.08
CEP120,0,33,0.066
CDKN2B,0,119,0.238
CDK7,0,27,0.054
CDK8,0,38,0.076
CDK9,0,97,0.194
CDKAL1,0,35,0.07
CDKL1,0,177,0.354
CDKL2,0,40,0.08
CDKL3,0,100,0.2
CDKL5,0,109,0.218
CDKN1A,0,110,0.22
CDKN1B,0,58,0.116
CDKN1C,0,97,0.194
CDKN2A,0,201,0.402
CDKN2AIP,0,26,0.052
CDKN2AIPNL,0,39,0.078
CDKN2C,0,112,0.224
CDK5RAP2,0,52,0.104
CDKN2D,0,125,0.25
CDKN3,0,128,0.256
CDNF,0,113,0.226
CDO1,0,132,0.264
CDON,0,128,0.256
CDPF1,0,123,0.246
CDR1,0,157,0.314
CDR2,0,56,0.112
CDR2L,0,70,0.14
CDRT1,0,54,0.108
CDRT15,0,76,0.152
CDRT4,0,139,0.278
CDS1,0,151,0.302
CDS2,0,31,0.062
CDK6,0,39,0.078
CDK5RAP1,0,22,0.044
CEP112,0,112,0.224
CDK12,0,4,0.008
CDH5,0,129,0.258
CDH6,0,22,0.044
CDH7,0,50,0.1
CDH8,0,43,0.086
CDH9,0,105,0.21
CDHR1,0,30,0.06
CDHR2,0,70,0.14
CDHR3,0,123,0.246
CDHR5,0,17,0.034
CDIP1,0,144,0.288
CDIPT,0,62,0.124
CDK1,0,163,0.326
CDK10,0,68,0.136
CDK11A,0,114,0.228
CDK13,0,40,0.08
CDK5R2,0,96,0.192
CDK14,0,77,0.154
CDK15,0,35,0.07
CDK16,0,80,0.16
CDK17,0,19,0.038
CDK18,0,101,0.202
CDK19,0,41,0.082
CDK2,0,117,0.234
CDK20,0,64,0.128
CDK2AP1,0,66,0.132
CDK2AP2,0,76,0.152
CDK3,0,82,0.164
CDK4,0,89,0.178
CDK5,0,78,0.156
CDK5R1,0,91,0.182
CDSN,0,11,0.022
CDT1,0,114,0.228
CDV3,0,39,0.078
CENPH,0,98,0.196
CELF6,0,37,0.074
CELP,0,125,0.25
CELSR1,0,62,0.124
CELSR2,0,36,0.072
CELSR3,0,1,0.002
CEMIP,0,40,0.08
CEMP1,0,61,0.122
CEND1,0,48,0.096
CENPB,0,106,0.212
CENPBD1,0,83,0.166
CENPBD1P1,0,108,0.216
CENPC,0,13,0.026
CENPE,0,166,0.332
CENPF,0,147,0.294
CENPI,0,144,0.288
CDX1,0,109,0.218
CENPJ,0,68,0.136
CENPK,0,226,0.452
CENPL,0,50,0.1
CENPM,0,145,0.29
CENPN,0,132,0.264
CENPO,0,118,0.236
CENPP,0,143,0.286
CENPQ,0,72,0.144
CENPT,0,114,0.228
CENPU,0,87,0.174
CENPV,0,98,0.196
CENPVP1,0,87,0.174
CENPW,0,80,0.16
CEP104,0,41,0.082
CELF5,0,27,0.054
CELF4,0,40,0.08
CELF3,0,42,0.084
CELF2,0,27,0.054
CDX2,0,128,0.256
CDX4,0,60,0.12
CDYL,0,55,0.11
CDYL2,0,74,0.148
CEACAM1,0,127,0.254
CEACAM19,0,53,0.106
CEACAM21,0,202,0.404
CEACAM3,0,104,0.208
CEACAM4,0,114,0.228
CEACAM5,0,99,0.198
CEACAM6,0,120,0.24
CEACAM7,0,68,0.136
CEACAM8,0,126,0.252
CEBPA,0,118,0.236
CEBPB,0,97,0.194
CEBPD,0,136,0.272
CEBPE,0,106,0.212
CEBPZ,0,33,0.066
CECR1,0,90,0.18
CECR2,0,31,0.062
CECR5,0,137,0.274
CECR6,0,73,0.146
CEL,0,58,0.116
CELA1,0,93,0.186
CELA2A,0,94,0.188
CELA2B,0,62,0.124
CELA3A,0,27,0.054
CELA3B,0,70,0.14
CELF1,0,20,0.04
CRX,0,74,0.148
CRY2,0,108,0.216
MBD3L1,0,146,0.292
DNM3,0,175,0.35
DNASE1,0,108,0.216
DNASE1L1,0,171,0.342
DNASE1L2,0,139,0.278
DNASE1L3,0,65,0.13
DNASE2,0,111,0.222
DNASE2B,0,91,0.182
DND1,0,111,0.222
DNER,0,90,0.18
DNHD1,0,68,0.136
DNM1,0,160,0.32
DNM1L,0,10,0.02
DNM1P35,0,51,0.102
DNM1P46,0,137,0.274
DNM2,0,15,0.03
DNMBP,0,138,0.276
DNAL4,0,45,0.09
DNMT1,0,9,0.018
DNMT3A,0,53,0.106
DNMT3B,0,53,0.106
DNMT3L,0,73,0.146
DNPEP,0,40,0.08
DNTT,0,69,0.138
DNTTIP1,0,86,0.172
DNTTIP2,0,17,0.034
DOC2A,0,127,0.254
DOC2B,0,101,0.202
DOCK1,0,41,0.082
DOCK10,0,31,0.062
DOCK11,0,13,0.026
DOCK2,0,45,0.09
DNALI1,0,95,0.19
DNAL1,0,109,0.218
DOCK4,0,101,0.202
DNAJC18,0,42,0.084
DNAJB5,0,50,0.1
DNAJB6,0,52,0.104
DNAJB7,0,114,0.228
DNAJB8,0,34,0.068
DNAJB9,0,76,0.152
DNAJC1,0,43,0.086
DNAJC10,0,9,0.018
DNAJC11,0,18,0.036
DNAJC12,0,103,0.206
DNAJC13,0,35,0.07
DNAJC14,0,17,0.034
DNAJC15,0,64,0.128
DNAJC16,0,36,0.072
DNAJC17,0,148,0.296
DNAJC19,0,15,0.03
DNAJC9,0,32,0.064
DNAJC2,0,30,0.06
DNAJC21,0,27,0.054
DNAJC22,0,114,0.228
DNAJC24,0,33,0.066
DNAJC27,0,54,0.108
DNAJC28,0,82,0.164
DNAJC30,0,173,0.346
DNAJC4,0,125,0.25
DNAJC5,0,95,0.19
DNAJC5B,0,223,0.446
DNAJC5G,0,56,0.112
DNAJC6,0,122,0.244
DNAJC7,0,28,0.056
DNAJC8,0,59,0.118
DOCK3,0,21,0.042
DOCK5,0,61,0.122
DRAXIN,0,27,0.054
DPY19L2,0,233,0.466
DPM3,0,49,0.098
DPP10,0,143,0.286
DPP3,0,168,0.336
DPP4,0,52,0.104
DPP6,0,32,0.064
DPP7,0,134,0.268
DPP8,0,10,0.02
DPP9,0,33,0.066
DPPA2,0,154,0.308
DPPA3,0,86,0.172
DPPA4,0,141,0.282
DPPA5,0,141,0.282
DPT,0,52,0.104
DPY19L1,0,38,0.076
DPY19L2P2,0,108,0.216
DPM1,0,22,0.044
DPY19L2P4,0,157,0.314
DPY19L3,0,30,0.06
DPY19L4,0,25,0.05
DPY30,0,32,0.064
DPYD,0,81,0.162
DPYS,0,39,0.078
DPYSL2,0,140,0.28
DPYSL3,0,70,0.14
DPYSL4,0,106,0.212
DPYSL5,0,50,0.1
DQX1,0,92,0.184
DR1,0,33,0.066
DRAM1,0,73,0.146
DRAM2,0,22,0.044
DPM2,0,108,0.216
DPH7,0,83,0.166
DOCK6,0,40,0.08
DOPEY1,0,17,0.034
DOCK7,0,60,0.12
DOCK8,0,102,0.204
DOCK9,0,36,0.072
DOHH,0,61,0.122
DOK1,0,72,0.144
DOK2,0,60,0.12
DOK3,0,99,0.198
DOK4,0,123,0.246
DOK5,0,107,0.214
DOK6,0,74,0.148
DOK7,0,79,0.158
DOLK,0,111,0.222
DOLPP1,0,91,0.182
DONSON,0,46,0.092
DOPEY2,0,42,0.084
DPH6,0,40,0.08
DOT1L,0,106,0.212
DPAGT1,0,48,0.096
DPCD,0,123,0.246
DPCR1,0,56,0.112
DPEP1,0,46,0.092
DPEP2,0,133,0.266
DPEP3,0,127,0.254
DPF1,0,52,0.104
DPF2,0,46,0.092
DPF3,0,68,0.136
DPH2,0,103,0.206
DPH3,0,10,0.02
DPH3P1,0,98,0.196
DPH5,0,19,0.038
DNAJB4,0,63,0.126
DNAJB2,0,107,0.214
DNAJB14,0,19,0.038
DKFZP434I0714,0,107,0.214
DIRAS1,0,60,0.12
DIRAS2,0,89,0.178
DIRAS3,0,139,0.278
DIRC1,0,87,0.174
DIRC2,0,109,0.218
DIS3,0,2,0.004
DIS3L,0,20,0.04
DIS3L2,0,34,0.068
DISC1,0,96,0.192
DISP1,0,79,0.158
DISP2,0,26,0.052
DIXDC1,0,105,0.21
DKC1,0,56,0.112
DKFZP434F142,0,41,0.082
DKFZP434K028,0,20,0.04
DIP2B,0,28,0.056
DKFZP434L187,0,47,0.094
DKFZp434E1119,0,119,0.238
DKFZp779M0652,0,35,0.07
DKK1,0,100,0.2
DKK2,0,102,0.204
DKK3,0,91,0.182
DKK4,0,112,0.224
DKKL1,0,115,0.23
DLAT,0,28,0.056
DLC1,0,131,0.262
DLD,0,3,0.006
DLEC1,0,76,0.152
DLEU1,0,49,0.098
DLEU2L,0,81,0.162
DIP2C,0,31,0.062
DIP2A,0,115,0.23
DNAJB13,0,45,0.09
DHX38,0,62,0.124
DHRS7B,0,166,0.332
DHRS7C,0,139,0.278
DHRS9,0,96,0.192
DHTKD1,0,30,0.06
DHX15,0,20,0.04
DHX16,0,44,0.088
DHX29,0,16,0.032
DHX30,0,14,0.028
DHX32,0,77,0.154
DHX33,0,35,0.07
DHX34,0,148,0.296
DHX35,0,98,0.196
DHX36,0,32,0.064
DHX37,0,139,0.278
DHX40,0,13,0.026
DIO3,0,102,0.204
DHX57,0,56,0.112
DHX58,0,101,0.202
DHX8,0,18,0.036
DHX9,0,27,0.054
DIABLO,0,9,0.018
DIAPH1,0,109,0.218
DIAPH2,0,19,0.038
DIAPH3,0,97,0.194
DICER1,0,64,0.128
DIDO1,0,24,0.048
DIEXF,0,58,0.116
DIMT1,0,18,0.036
DIO1,0,36,0.072
DIO2,0,108,0.216
DLEU7,0,102,0.204
DLG1,0,15,0.03
DLG2,0,92,0.184
DNAH17,0,101,0.202
DMTF1,0,43,0.086
DMTN,0,101,0.202
DMWD,0,25,0.05
DMXL1,0,10,0.02
DMXL2,0,51,0.102
DNA2,0,85,0.17
DNAAF1,0,29,0.058
DNAAF2,0,32,0.064
DNAAF3,0,14,0.028
DNAH1,0,115,0.23
DNAH10,0,16,0.032
DNAH11,0,34,0.068
DNAH12,0,49,0.098
DNAH14,0,90,0.18
DNAH2,0,29,0.058
DLG3,0,94,0.188
DNAH3,0,37,0.074
DNAH5,0,20,0.04
DNAH6,0,38,0.076
DNAH7,0,40,0.08
DNAH8,0,102,0.204
DNAH9,0,9,0.018
DNAI1,0,93,0.186
DNAI2,0,74,0.148
DNAJA2,0,1,0.002
DNAJA3,0,27,0.054
DNAJA4,0,113,0.226
DNAJB1,0,12,0.024
DNAJB11,0,22,0.044
DNAJB12,0,103,0.206
DMRTC2,0,77,0.154
DMRTB1,0,117,0.234
DMRTA2,0,90,0.18
DMRTA1,0,141,0.282
DLG4,0,82,0.164
DLG5,0,101,0.202
DLGAP1,0,51,0.102
DLGAP2,0,12,0.024
DLGAP3,0,125,0.25
DLGAP4,0,64,0.128
DLGAP5,0,122,0.244
DLK1,0,62,0.124
DLK2,0,22,0.044
DLL1,0,111,0.222
DLL3,0,65,0.13
DLL4,0,102,0.204
DLST,0,25,0.05
DLX1,0,106,0.212
DLX2,0,59,0.118
DLX3,0,101,0.202
DLX4,0,46,0.092
DLX5,0,31,0.062
DMAP1,0,23,0.046
DMBT1,0,6,0.012
DMBX1,0,60,0.12
DMC1,0,117,0.234
DMD,0,27,0.054
DMGDH,0,88,0.176
DMKN,0,22,0.044
DMP1,0,43,0.086
DMRT1,0,107,0.214
DMRT2,0,141,0.282
DMRT3,0,88,0.176
DRAP1,0,45,0.09
DRC1,0,69,0.138
DHRS2,0,31,0.062
EFCAB11,0,64,0.128
EDRF1,0,13,0.026
EEA1,0,14,0.028
EED,0,13,0.026
EEF1A1,0,78,0.156
EEF1A2,0,87,0.174
EEF1B2,0,83,0.166
EEF1D,0,43,0.086
EEF1E1,0,30,0.06
EEF1G,0,60,0.12
EEF2,0,77,0.154
EEF2K,0,122,0.244
EEFSEC,0,43,0.086
EEPD1,0,73,0.146
EFCAB1,0,87,0.174
EFCAB12,0,86,0.172
EDNRA,0,53,0.106
EFCAB13,0,89,0.178
EFCAB14,0,19,0.038
EFCAB2,0,98,0.196
EFCAB3,0,50,0.1
EFCAB4A,0,102,0.204
EFCAB4B,0,73,0.146
EFCAB5,0,81,0.162
EFCAB6,0,89,0.178
EFCAB7,0,35,0.07
EFCC1,0,30,0.06
EFEMP1,0,102,0.204
EFEMP2,0,63,0.126
EFHB,0,13,0.026
EFHC1,0,92,0.184
EDNRB,0,105,0.21
EDN3,0,59,0.118
EFHD1,0,86,0.172
ECSIT,0,132,0.264
ECD,0,28,0.056
ECE1,0,43,0.086
ECE2,0,11,0.022
ECEL1,0,137,0.274
ECH1,0,94,0.188
ECHDC1,0,28,0.056
ECHDC2,0,60,0.12
ECHDC3,0,104,0.208
ECHS1,0,46,0.092
ECI1,0,91,0.182
ECI2,0,50,0.1
ECM1,0,30,0.06
ECM2,0,51,0.102
ECRP,0,77,0.154
ECT2,0,67,0.134
EDN2,0,74,0.148
EDA,0,113,0.226
EDA2R,0,80,0.16
EDAR,0,126,0.252
EDARADD,0,194,0.388
EDC3,0,48,0.096
EDC4,0,22,0.044
EDDM3A,0,164,0.328
EDDM3B,0,188,0.376
EDEM1,0,21,0.042
EDEM2,0,30,0.06
EDEM3,0,12,0.024
EDF1,0,54,0.108
EDIL3,0,165,0.33
EDN1,0,59,0.118
EFHC2,0,142,0.284
EFHD2,0,134,0.268
DRD1,0,59,0.118
EIF2B1,0,3,0.006
EID1,0,15,0.03
EID2,0,99,0.198
EID2B,0,137,0.274
EID3,0,90,0.18
EIF1,0,51,0.102
EIF1AD,0,84,0.168
EIF1AX,0,40,0.08
EIF1AY,0,85,0.17
EIF1B,0,55,0.11
EIF2A,0,27,0.054
EIF2AK1,0,158,0.316
EIF2AK2,0,103,0.206
EIF2AK3,0,15,0.03
EIF2AK4,0,40,0.08
EIF2B2,0,26,0.052
EHMT2,0,43,0.086
EIF2B3,0,15,0.03
EIF2B4,0,77,0.154
EIF2B5,0,19,0.038
EIF2D,0,41,0.082
EIF2S1,0,6,0.012
EIF2S2,0,17,0.034
EIF3B,0,45,0.09
EIF3C,0,117,0.234
EIF3D,0,53,0.106
EIF3E,0,34,0.068
EIF3F,0,69,0.138
EIF3G,0,6,0.012
EIF3H,0,29,0.058
EIF3I,0,19,0.038
EI24,0,46,0.092
EHMT1,0,50,0.1
EFNA1,0,88,0.176
EGFL7,0,17,0.034
EFNA2,0,134,0.268
EFNA3,0,48,0.096
EFNA4,0,70,0.14
EFNA5,0,66,0.132
EFNB1,0,154,0.308
EFNB2,0,54,0.108
EFNB3,0,40,0.08
EFR3A,0,14,0.028
EFR3B,0,32,0.064
EFS,0,44,0.088
EFTUD1,0,32,0.064
EFTUD2,0,32,0.064
EGF,0,109,0.218
EGFL6,0,70,0.14
EGFLAM,0,23,0.046
EHHADH,0,158,0.316
EGFR,0,10,0.02
EGLN1,0,40,0.08
EGLN2,0,67,0.134
EGLN3,0,188,0.376
EGR2,0,114,0.228
EGR3,0,195,0.39
EGR4,0,103,0.206
EHBP1,0,11,0.022
EHBP1L1,0,54,0.108
EHD1,0,32,0.064
EHD2,0,24,0.048
EHD3,0,91,0.182
EHD4,0,57,0.114
EHF,0,86,0.172
EBPL,0,61,0.122
EBP,0,106,0.212
EBNA1BP2,0,54,0.108
DUOX2,0,26,0.052
DTD2,0,55,0.11
DTHD1,0,107,0.214
DTL,0,141,0.282
DTNA,0,34,0.068
DTNB,0,86,0.172
DTNBP1,0,38,0.076
DTWD1,0,21,0.042
DTWD2,0,71,0.142
DTX1,0,97,0.194
DTX2,0,133,0.266
DTX3,0,38,0.076
DTX3L,0,56,0.112
DTYMK,0,93,0.186
DUOX1,0,22,0.044
DUOXA1,0,38,0.076
DSTYK,0,46,0.092
DUOXA2,0,34,0.068
DUS1L,0,27,0.054
DUS2,0,38,0.076
DUS3L,0,136,0.272
DUS4L,0,86,0.172
DUSP1,0,106,0.212
DUSP10,0,32,0.064
DUSP11,0,50,0.1
DUSP12,0,5,0.01
DUSP13,0,51,0.102
DUSP14,0,174,0.348
DUSP15,0,23,0.046
DUSP16,0,101,0.202
DUSP18,0,33,0.066
DTD1,0,127,0.254
DSTNP2,0,31,0.062
EBLN2,0,27,0.054
DSCC1,0,100,0.2
DRD2,0,62,0.124
DRD3,0,21,0.042
DRD4,0,111,0.222
DRD5,0,2,0.004
DRG1,0,15,0.03
DRG2,0,42,0.084
DRICH1,0,109,0.218
DROSHA,0,31,0.062
DRP2,0,121,0.242
DSC1,0,134,0.268
DSC2,0,81,0.162
DSC3,0,79,0.158
DSCAM,0,22,0.044
DSCAML1,0,71,0.142
DSCR10,0,30,0.06
DSTN,0,37,0.074
DSCR3,0,18,0.036
DSCR4,0,64,0.128
DSCR8,0,80,0.16
DSCR9,0,112,0.224
DSE,0,61,0.122
DSEL,0,101,0.202
DSG1,0,124,0.248
DSG2,0,135,0.27
DSG3,0,49,0.098
DSG4,0,106,0.212
DSN1,0,27,0.054
DSP,0,205,0.41
DSPP,0,90,0.18
DST,0,117,0.234
DUSP19,0,123,0.246
DUSP2,0,94,0.188
DUSP21,0,69,0.138
E2F4,0,69,0.138
DYRK1A,0,29,0.058
DYRK1B,0,130,0.26
DYRK2,0,41,0.082
DYRK3,0,114,0.228
DYRK4,0,70,0.14
DYSF,0,84,0.168
DYX1C1,0,117,0.234
DZANK1,0,78,0.156
DZIP1,0,60,0.12
DZIP1L,0,60,0.12
DZIP3,0,32,0.064
E2F1,0,52,0.104
E2F2,0,149,0.298
E2F3,0,65,0.13
E2F5,0,67,0.134
DUSP22,0,70,0.14
E2F6,0,54,0.108
E2F7,0,65,0.13
E2F8,0,62,0.124
E4F1,0,108,0.216
EAF1,0,53,0.106
EAF2,0,103,0.206
EAPP,0,38,0.076
EARS2,0,111,0.222
EBAG9,0,49,0.098
EBF1,0,86,0.172
EBF2,0,87,0.174
EBF3,0,63,0.126
EBF4,0,65,0.13
EBI3,0,147,0.294
DYNLT1,0,47,0.094
DYNLRB2,0,79,0.158
DYNLRB1,0,109,0.218
DYNLL2,0,146,0.292
DUSP23,0,146,0.292
DUSP26,0,54,0.108
DUSP27,0,101,0.202
DUSP28,0,100,0.2
DUSP3,0,87,0.174
DUSP4,0,105,0.21
DUSP5,0,99,0.198
DUSP5P1,0,159,0.318
DUSP6,0,45,0.09
DUSP7,0,49,0.098
DUSP8,0,57,0.114
DUSP9,0,39,0.078
DUT,0,11,0.022
DUTP1,0,23,0.046
DVL1,0,37,0.074
DVL2,0,53,0.106
DVL3,0,60,0.12
DXO,0,35,0.07
DYDC1,0,99,0.198
DYDC2,0,117,0.234
DYM,0,14,0.028
DYNC1H1,0,61,0.122
DYNC1I1,0,56,0.112
DYNC1I2,0,27,0.054
DYNC1LI1,0,61,0.122
DYNC1LI2,0,20,0.04
DYNC2H1,0,122,0.244
DYNC2LI1,0,109,0.218
DYNLL1,0,43,0.086
DHRS7,0,57,0.114
DHRS13,0,124,0.248
CRYAA,0,27,0.054
CXXC4,0,123,0.246
CXCL17,0,49,0.098
CXCL2,0,84,0.168
CXCL3,0,147,0.294
CXCL5,0,155,0.31
CXCL6,0,93,0.186
CXCL8,0,202,0.404
CXCL9,0,60,0.12
CXCR1,0,52,0.104
CXCR2,0,40,0.08
CXCR4,0,61,0.122
CXCR5,0,94,0.188
CXCR6,0,102,0.204
CXXC1,0,171,0.342
CXXC1P1,0,67,0.134
CXXC5,0,70,0.14
CXCL14,0,106,0.212
CXorf21,0,49,0.098
CXorf22,0,182,0.364
CXorf23,0,11,0.022
CXorf24,0,73,0.146
CXorf36,0,34,0.068
CXorf38,0,5,0.01
CXorf40A,0,78,0.156
CXorf40B,0,70,0.14
CXorf56,0,81,0.162
CXorf57,0,215,0.43
CXorf58,0,110,0.22
CXorf65,0,87,0.174
CXorf67,0,33,0.066
CYB561,0,165,0.33
CXCL16,0,116,0.232
CXCL13,0,140,0.28
CYB561D1,0,81,0.162
CUL9,0,96,0.192
CTTNBP2,0,55,0.11
CTTNBP2NL,0,121,0.242
CTU2,0,103,0.206
CTXN1,0,37,0.074
CTXN3,0,24,0.048
CUBN,0,64,0.128
CUEDC1,0,103,0.206
CUEDC2,0,128,0.256
CUL1,0,5,0.01
CUL2,0,3,0.006
CUL3,0,21,0.042
CUL4B,0,1,0.002
CUL5,0,2,0.004
CUL7,0,127,0.254
CUTA,0,101,0.202
CXCL12,0,52,0.104
CUX1,0,43,0.086
CUX2,0,29,0.058
CUZD1,0,115,0.23
CWC15,0,21,0.042
CWC22,0,7,0.014
CWC25,0,28,0.056
CWF19L1,0,12,0.024
CWH43,0,75,0.15
CX3CL1,0,35,0.07
CX3CR1,0,145,0.29
CXADR,0,65,0.13
CXCL1,0,109,0.218
CXCL10,0,176,0.352
CXCL11,0,165,0.33
CYB561A3,0,126,0.252
CYB561D2,0,70,0.14
CYP4V2,0,100,0.2
CYP2U1,0,83,0.166
CYP27C1,0,71,0.142
CYP2A13,0,4,0.008
CYP2A6,0,4,0.008
CYP2B6,0,100,0.2
CYP2B7P,0,71,0.142
CYP2C18,0,56,0.112
CYP2C19,0,118,0.236
CYP2C8,0,73,0.146
CYP2C9,0,31,0.062
CYP2E1,0,34,0.068
CYP2F1,0,84,0.168
CYP2J2,0,75,0.15
CYP2R1,0,14,0.028
CYP2S1,0,61,0.122
CYP2W1,0,57,0.114
CYP27A1,0,117,0.234
CYP39A1,0,53,0.106
CYP3A4,0,132,0.264
CYP3A43,0,91,0.182
CYP3A5,0,81,0.162
CYP3A7,0,87,0.174
CYP46A1,0,56,0.112
CYP4A11,0,25,0.05
CYP4B1,0,21,0.042
CYP4F11,0,74,0.148
CYP4F12,0,127,0.254
CYP4F2,0,186,0.372
CYP4F22,0,125,0.25
CYP4F3,0,124,0.248
CYP4F30P,0,76,0.152
CYP27B1,0,19,0.038
CYP26B1,0,163,0.326
CYB5A,0,61,0.122
CYFIP2,0,17,0.034
CYB5B,0,39,0.078
CYB5D1,0,52,0.104
CYB5D2,0,129,0.258
CYB5R1,0,93,0.186
CYB5R2,0,61,0.122
CYB5R3,0,73,0.146
CYB5R4,0,24,0.048
CYB5RL,0,99,0.198
CYBA,0,60,0.12
CYBB,0,119,0.238
CYBRD1,0,85,0.17
CYC1,0,71,0.142
CYCS,0,39,0.078
CYFIP1,0,144,0.288
CYGB,0,94,0.188
CYP26A1,0,53,0.106
CYHR1,0,91,0.182
CYLC1,0,100,0.2
CYLC2,0,124,0.248
CYLD,0,34,0.068
CYP11A1,0,67,0.134
CYP11B1,0,15,0.03
CYP11B2,0,76,0.152
CYP17A1,0,77,0.154
CYP19A1,0,56,0.112
CYP1A1,0,127,0.254
CYP1A2,0,46,0.092
CYP1B1,0,111,0.222
CYP20A1,0,28,0.056
CYP24A1,0,40,0.08
CTTN,0,119,0.238
CTSZ,0,74,0.148
CTSW,0,116,0.232
CSNK2A2,0,7,0.014
CSK,0,46,0.092
CSMD1,0,33,0.066
CSMD2,0,38,0.076
CSMD3,0,84,0.168
CSN1S1,0,57,0.114
CSN1S2AP,0,104,0.208
CSN2,0,49,0.098
CSN3,0,75,0.15
CSNK1A1P1,0,164,0.328
CSNK1D,0,43,0.086
CSNK1E,0,57,0.114
CSNK1G1,0,20,0.04
CSNK1G2,0,21,0.042
CSNK1G3,0,5,0.01
CSNK2B,0,67,0.134
CSGALNACT2,0,24,0.048
CSPG4,0,51,0.102
CSPG4P1Y,0,115,0.23
CSPG4P5,0,61,0.122
CSPG5,0,118,0.236
CSPP1,0,11,0.022
CSRNP1,0,111,0.222
CSRNP2,0,63,0.126
CSRNP3,0,37,0.074
CSRP1,0,72,0.144
CSRP2,0,112,0.224
CSRP3,0,83,0.166
CST1,0,78,0.156
CST11,0,88,0.176
CST13P,0,89,0.178
CSHL1,0,150,0.3
CSGALNACT1,0,106,0.212
CTSV,0,197,0.394
CRYGS,0,56,0.112
CRYAB,0,108,0.216
CRYBA1,0,90,0.18
CRYBA2,0,68,0.136
CRYBA4,0,95,0.19
CRYBB1,0,36,0.072
CRYBB2,0,72,0.144
CRYBB2P1,0,131,0.262
CRYBB3,0,99,0.198
CRYBG3,0,56,0.112
CRYGA,0,93,0.186
CRYGB,0,100,0.2
CRYGC,0,63,0.126
CRYGD,0,131,0.262
CRYGN,0,144,0.288
CRYL1,0,110,0.22
CSF3R,0,42,0.084
CRYM,0,42,0.084
CRYZ,0,99,0.198
CRYZL1,0,19,0.038
CS,0,19,0.038
CSAD,0,69,0.138
CSDC2,0,148,0.296
CSDE1,0,41,0.082
CSE1L,0,4,0.008
CSF1,0,100,0.2
CSF1R,0,194,0.388
CSF2,0,39,0.078
CSF2RA,0,128,0.256
CSF2RB,0,83,0.166
CSF3,0,40,0.08
CST2,0,81,0.162
CST3,0,84,0.168
CST4,0,75,0.15
CTPS2,0,47,0.094
CTHRC1,0,60,0.12
CTIF,0,50,0.1
CTLA4,0,82,0.164
CTNNA1,0,87,0.174
CTNNA2,0,42,0.084
CTNNA3,0,136,0.272
CTNNAL1,0,168,0.336
CTNNB1,0,29,0.058
CTNNBIP1,0,72,0.144
CTNNBL1,0,69,0.138
CTNND1,0,124,0.248
CTNND2,0,24,0.048
CTNS,0,142,0.284
CTPS1,0,20,0.04
CTRB2,0,36,0.072
CST5,0,29,0.058
CTRC,0,148,0.296
CTRL,0,83,0.166
CTSA,0,81,0.162
CTSB,0,91,0.182
CTSC,0,43,0.086
CTSD,0,95,0.19
CTSE,0,85,0.17
CTSF,0,78,0.156
CTSG,0,59,0.118
CTSH,0,90,0.18
CTSK,0,42,0.084
CTSL,0,118,0.236
CTSO,0,46,0.092
CTSS,0,51,0.102
CTH,0,171,0.342
CTGF,0,89,0.178
CTF1,0,28,0.056
CTDSPL2,0,10,0.02
CST6,0,39,0.078
CST7,0,94,0.188
CST8,0,100,0.2
CST9,0,67,0.134
CST9L,0,47,0.094
CSTA,0,101,0.202
CSTB,0,79,0.158
CSTF1,0,44,0.088
CSTF2,0,75,0.15
CSTF2T,0,15,0.03
CSTF3,0,10,0.02
CSTL1,0,72,0.144
CT55,0,139,0.278
CT83,0,89,0.178
CTAG2,0,57,0.114
CTAGE1,0,162,0.324
CTAGE15,0,171,0.342
CTAGE5,0,22,0.044
CTBP1,0,47,0.094
CTBP2,0,130,0.26
CTBS,0,71,0.142
CTC1,0,83,0.166
CTCF,0,31,0.062
CTCFL,0,70,0.14
CTDNEP1,0,110,0.22
CTDP1,0,55,0.11
CTDSP1,0,60,0.12
CTDSP2,0,49,0.098
CTDSPL,0,96,0.192
CYP4F8,0,78,0.156
CYP4X1,0,131,0.262
DHRS12,0,149,0.298
DEFA4,0,134,0.268
DDX55,0,47,0.094
DDX56,0,51,0.102
DDX58,0,90,0.18
DDX59,0,42,0.084
DDX60,0,95,0.19
DDX60L,0,84,0.168
DEAF1,0,58,0.116
DEC1,0,74,0.148
DECR1,0,18,0.036
DECR2,0,50,0.1
DEDD,0,32,0.064
DEDD2,0,94,0.188
DEF6,0,30,0.06
DEF8,0,119,0.238
DEFA5,0,59,0.118
DDX53,0,104,0.208
DEFA6,0,91,0.182
DEFB1,0,131,0.262
DEFB103A,0,50,0.1
DEFB107A,0,60,0.12
DEFB108B,0,112,0.224
DEFB114,0,231,0.462
DEFB118,0,44,0.088
DEFB119,0,47,0.094
DEFB121,0,59,0.118
DEFB123,0,78,0.156
DEFB124,0,16,0.032
DEFB125,0,79,0.158
DEFB126,0,55,0.11
DEFB127,0,180,0.36
DDX54,0,78,0.156
DDX52,0,6,0.012
DEFB132,0,64,0.128
DDX21,0,34,0.068
DDOST,0,25,0.05
DDR1,0,46,0.092
DDR2,0,26,0.052
DDRGK1,0,55,0.11
DDT,0,53,0.106
DDX1,0,32,0.064
DDX10,0,46,0.092
DDX11,0,114,0.228
DDX11L2,0,123,0.246
DDX17,0,45,0.09
DDX18,0,33,0.066
DDX19A,0,35,0.07
DDX19B,0,30,0.06
DDX20,0,7,0.014
DDX23,0,47,0.094
DDX51,0,91,0.182
DDX24,0,35,0.07
DDX25,0,28,0.056
DDX26B,0,37,0.074
DDX27,0,20,0.04
DDX28,0,83,0.166
DDX31,0,109,0.218
DDX39A,0,24,0.048
DDX3Y,0,97,0.194
DDX4,0,66,0.132
DDX41,0,35,0.07
DDX43,0,97,0.194
DDX46,0,33,0.066
DDX49,0,147,0.294
DDX50,0,34,0.068
DEFB129,0,45,0.09
DEFT1P,0,34,0.068
CYP4Z1,0,52,0.104
DGKI,0,96,0.192
DGAT1,0,63,0.126
DGAT2,0,115,0.23
DGCR14,0,38,0.076
DGCR2,0,58,0.116
DGCR5,0,41,0.082
DGCR6,0,187,0.374
DGCR6L,0,120,0.24
DGCR8,0,84,0.168
DGKA,0,54,0.108
DGKB,0,65,0.13
DGKD,0,24,0.048
DGKE,0,46,0.092
DGKG,0,93,0.186
DGKH,0,62,0.124
DGKK,0,54,0.108
DFNA5,0,74,0.148
DGKQ,0,53,0.106
DGKZ,0,57,0.114
DGUOK,0,25,0.05
DHCR24,0,76,0.152
DHCR7,0,109,0.218
DHDDS,0,155,0.31
DHDH,0,119,0.238
DHFR,0,25,0.05
DHFRL1,0,101,0.202
DHH,0,80,0.16
DHODH,0,88,0.176
DHPS,0,61,0.122
DHRS1,0,81,0.162
DHRS11,0,61,0.122
DFNB31,0,105,0.21
DFFB,0,72,0.144
DEGS1,0,30,0.06
DENND6B,0,39,0.078
DEGS2,0,47,0.094
DENND1A,0,94,0.188
DENND1B,0,20,0.04
DENND1C,0,72,0.144
DENND2A,0,70,0.14
DENND2C,0,96,0.192
DENND2D,0,58,0.116
DENND3,0,52,0.104
DENND4A,0,27,0.054
DENND4B,0,58,0.116
DENND4C,0,6,0.012
DENND5A,0,45,0.09
DENND5B,0,127,0.254
DENND6A,0,18,0.036
DEPDC1,0,186,0.372
DFFA,0,62,0.124
DEPDC1B,0,169,0.338
DEPDC4,0,232,0.464
DEPDC5,0,110,0.22
DEPDC7,0,127,0.254
DEPTOR,0,94,0.188
DERA,0,18,0.036
DERL1,0,12,0.024
DERL2,0,4,0.008
DERL3,0,76,0.152
DES,0,33,0.066
DESI1,0,68,0.136
DESI2,0,80,0.16
DET1,0,48,0.096
DEXI,0,72,0.144
DDO,0,67,0.134
DDN,0,44,0.088
DDIT4L,0,49,0.098
DAZAP1,0,17,0.034
DALRD3,0,106,0.212
DAND5,0,70,0.14
DAO,0,91,0.182
DAOA,0,29,0.058
DAP,0,78,0.156
DAPK1,0,76,0.152
DAPK2,0,117,0.234
DAPK3,0,91,0.182
DAPL1,0,59,0.118
DAPP1,0,73,0.146
DARS,0,41,0.082
DARS2,0,56,0.112
DAW1,0,43,0.086
DAXX,0,19,0.038
DAZAP2,0,79,0.158
DAGLB,0,25,0.05
DAZL,0,72,0.144
DBF4,0,41,0.082
DBF4B,0,79,0.158
DBH,0,44,0.088
DBI,0,33,0.066
DBIL5P,0,110,0.22
DBIL5P2,0,148,0.296
DBN1,0,49,0.098
DBNDD1,0,100,0.2
DBNDD2,0,185,0.37
DBNL,0,40,0.08
DBP,0,165,0.33
DBR1,0,4,0.008
DBT,0,42,0.084
DAK,0,122,0.244
DAGLA,0,68,0.136
DDIT4,0,117,0.234
CYTH4,0,68,0.136
CYP4Z2P,0,160,0.32
CYP51A1,0,160,0.32
CYP7A1,0,94,0.188
CYP7B1,0,178,0.356
CYP8B1,0,65,0.13
CYR61,0,14,0.028
CYS1,0,129,0.258
CYSLTR1,0,88,0.176
CYSLTR2,0,96,0.192
CYSRT1,0,7,0.014
CYSTM1,0,81,0.162
CYTH1,0,9,0.018
CYTH2,0,70,0.14
CYTH3,0,87,0.174
CYTIP,0,17,0.034
DAG1,0,84,0.168
CYTL1,0,135,0.27
CYYR1,0,141,0.282
D2HGDH,0,20,0.04
DAAM1,0,49,0.098
DAAM2,0,98,0.196
DAB1,0,101,0.202
DAB2,0,91,0.182
DAB2IP,0,111,0.222
DACH1,0,81,0.162
DACH2,0,76,0.152
DACT1,0,145,0.29
DACT2,0,54,0.108
DACT3,0,80,0.16
DAD1,0,106,0.212
DCAF10,0,51,0.102
DCAF11,0,78,0.156
DCAF12,0,122,0.244
DCUN1D3,0,146,0.292
DCST1,0,95,0.19
DCST2,0,75,0.15
DCSTAMP,0,55,0.11
DCT,0,49,0.098
DCTD,0,18,0.036
DCTN1,0,35,0.07
DCTN2,0,21,0.042
DCTN3,0,36,0.072
DCTN4,0,5,0.01
DCTN5,0,20,0.04
DCTN6,0,34,0.068
DCTPP1,0,124,0.248
DCUN1D1,0,78,0.156
DCUN1D2,0,23,0.046
DCUN1D4,0,7,0.014
DCAF12L1,0,19,0.038
DCUN1D5,0,10,0.02
DCX,0,85,0.17
DCXR,0,110,0.22
DDA1,0,143,0.286
DDAH1,0,117,0.234
DDAH2,0,147,0.294
DDB1,0,72,0.144
DDB2,0,32,0.064
DDC,0,42,0.084
DDHD1,0,24,0.048
DDHD2,0,40,0.08
DDI1,0,90,0.18
DDIAS,0,65,0.13
DDIT3,0,83,0.166
DCPS,0,46,0.092
DCP1B,0,65,0.13
DCP1A,0,9,0.018
DCN,0,67,0.134
DCAF12L2,0,55,0.11
DCAF13,0,4,0.008
DCAF15,0,113,0.226
DCAF16,0,20,0.04
DCAF17,0,11,0.022
DCAF4,0,88,0.176
DCAF4L1,0,96,0.192
DCAF4L2,0,60,0.12
DCAF5,0,13,0.026
DCAF6,0,105,0.21
DCAF7,0,24,0.048
DCAF8,0,10,0.02
DCAF8L2,0,113,0.226
DCAKD,0,93,0.186
DCBLD1,0,149,0.298
DCBLD2,0,119,0.238
DCC,0,68,0.136
DCD,0,115,0.23
DCDC1,0,110,0.22
DCDC2,0,121,0.242
DCHS1,0,104,0.208
DCHS2,0,44,0.088
DCK,0,22,0.044
DCLK1,0,46,0.092
DCLK2,0,136,0.272
DCLK3,0,44,0.088
DCLRE1A,0,123,0.246
DCLRE1B,0,159,0.318
DCLRE1C,0,10,0.02
CCDC59,0,41,0.082
CCDC58,0,72,0.144
CCDC57,0,48,0.096
ARHGEF4,0,33,0.066
ARHGEF11,0,77,0.154
ARHGEF12,0,139,0.278
ARHGEF15,0,31,0.062
ARHGEF17,0,84,0.168
ARHGEF18,0,46,0.092
ARHGEF19,0,39,0.078
ARHGEF2,0,50,0.1
ARHGEF25,0,72,0.144
ARHGEF26,0,197,0.394
ARHGEF28,0,23,0.046
ARHGEF3,0,40,0.08
ARHGEF37,0,56,0.112
ARHGEF38,0,112,0.224
ARHGEF39,0,56,0.112
ARHGEF40,0,84,0.168
ARHGEF10,0,86,0.172
ARHGEF5,0,228,0.456
ARHGEF6,0,12,0.024
ARHGEF7,0,35,0.07
ARHGEF9,0,38,0.076
ARID1A,0,57,0.114
ARID1B,0,110,0.22
ARID2,0,17,0.034
ARID3A,0,93,0.186
ARID3B,0,40,0.08
ARID5A,0,68,0.136
ARID5B,0,27,0.054
ARIH1,0,15,0.03
ARIH2,0,14,0.028
ARIH2OS,0,149,0.298
ARHGEF10L,0,62,0.124
ARHGEF1,0,88,0.176
ARL10,0,36,0.072
ARHGAP28,0,46,0.092
ARHGAP11B,0,125,0.25
ARHGAP12,0,30,0.06
ARHGAP15,0,37,0.074
ARHGAP17,0,76,0.152
ARHGAP18,0,37,0.074
ARHGAP19,0,9,0.018
ARHGAP20,0,65,0.13
ARHGAP21,0,114,0.228
ARHGAP22,0,86,0.172
ARHGAP23,0,68,0.136
ARHGAP24,0,71,0.142
ARHGAP25,0,62,0.124
ARHGAP26,0,48,0.096
ARHGAP27,0,65,0.13
ARHGAP29,0,107,0.214
ARHGDIG,0,93,0.186
ARHGAP31,0,168,0.336
ARHGAP32,0,98,0.196
ARHGAP33,0,98,0.196
ARHGAP35,0,53,0.106
ARHGAP36,0,108,0.216
ARHGAP39,0,107,0.214
ARHGAP4,0,35,0.07
ARHGAP42,0,148,0.296
ARHGAP44,0,212,0.424
ARHGAP5,0,25,0.05
ARHGAP6,0,119,0.238
ARHGAP9,0,63,0.126
ARHGDIA,0,92,0.184
ARHGDIB,0,62,0.124
ARL1,0,7,0.014
ARL11,0,117,0.234
ARSK,0,80,0.16
ARPP19,0,24,0.048
ARMCX5,0,26,0.052
ARMCX6,0,86,0.172
ARNT,0,20,0.04
ARNT2,0,52,0.104
ARNTL,0,16,0.032
ARNTL2,0,64,0.128
ARPC1A,0,58,0.116
ARPC1B,0,49,0.098
ARPC2,0,71,0.142
ARPC3,0,30,0.06
ARPC4,0,42,0.084
ARPC5,0,65,0.13
ARPC5L,0,34,0.068
ARPIN,0,160,0.32
ARPP21,0,62,0.124
ARMCX2,0,117,0.234
ARR3,0,23,0.046
ARRB1,0,56,0.112
ARRB2,0,96,0.192
ARRDC1,0,76,0.152
ARRDC2,0,57,0.114
ARRDC3,0,66,0.132
ARRDC4,0,44,0.088
ARSA,0,133,0.266
ARSB,0,67,0.134
ARSD,0,163,0.326
ARSE,0,40,0.08
ARSF,0,157,0.314
ARSG,0,63,0.126
ARSI,0,17,0.034
ARMCX4,0,96,0.192
ARMCX1,0,85,0.17
ARL13B,0,33,0.066
ARL6IP4,0,24,0.048
ARL14,0,100,0.2
ARL14EP,0,32,0.064
ARL15,0,26,0.052
ARL2,0,81,0.162
ARL2BP,0,72,0.144
ARL3,0,50,0.1
ARL4A,0,172,0.344
ARL4C,0,28,0.056
ARL4D,0,135,0.27
ARL5A,0,16,0.032
ARL5B,0,39,0.078
ARL5C,0,88,0.176
ARL6,0,45,0.09
ARL6IP1,0,115,0.23
ARL6IP5,0,23,0.046
ARMC9,0,70,0.14
ARL6IP6,0,37,0.074
ARL8A,0,34,0.068
ARL8B,0,29,0.058
ARL9,0,68,0.136
ARMC1,0,9,0.018
ARMC10,0,14,0.028
ARMC12,0,108,0.216
ARMC2,0,96,0.192
ARMC3,0,133,0.266
ARMC4,0,70,0.14
ARMC5,0,78,0.156
ARMC6,0,124,0.248
ARMC7,0,95,0.19
ARMC8,0,10,0.02
ARHGAP11A,0,128,0.256
ARHGAP10,0,81,0.162
ARHGAP1,0,30,0.06
ANKRD60,0,107,0.214
ANKRD36C,0,55,0.11
ANKRD37,0,164,0.328
ANKRD39,0,94,0.188
ANKRD40,0,58,0.116
ANKRD44,0,37,0.074
ANKRD45,0,116,0.232
ANKRD46,0,25,0.05
ANKRD49,0,17,0.034
ANKRD50,0,65,0.13
ANKRD52,0,48,0.096
ANKRD53,0,137,0.274
ANKRD54,0,35,0.07
ANKRD55,0,113,0.226
ANKRD6,0,102,0.204
ANKRD7,0,71,0.142
ANKRD36,0,41,0.082
ANKRD9,0,138,0.276
ANKS1A,0,67,0.134
ANKS1B,0,64,0.128
ANKS3,0,111,0.222
ANKS4B,0,87,0.174
ANKS6,0,122,0.244
ANKZF1,0,50,0.1
ANLN,0,73,0.146
ANO1,0,109,0.218
ANO10,0,58,0.116
ANO2,0,156,0.312
ANO3,0,83,0.166
ANO4,0,108,0.216
ANO5,0,133,0.266
ANKRD36B,0,67,0.134
ANKRD35,0,55,0.11
ARG2,0,139,0.278
ANKRD23,0,69,0.138
ANKRD13A,0,42,0.084
ANKRD13B,0,96,0.192
ANKRD13C,0,10,0.02
ANKRD13D,0,61,0.122
ANKRD16,0,68,0.136
ANKRD17,0,30,0.06
ANKRD18A,0,183,0.366
ANKRD18B,0,51,0.102
ANKRD19P,0,125,0.25
ANKRD2,0,76,0.152
ANKRD20A11P,0,185,0.37
ANKRD20A12P,0,175,0.35
ANKRD20A5P,0,101,0.202
ANKRD22,0,106,0.212
ANKRD24,0,29,0.058
ANKRD34C,0,89,0.178
ANKRD26,0,77,0.154
ANKRD27,0,9,0.018
ANKRD28,0,86,0.172
ANKRD29,0,121,0.242
ANKRD30A,0,127,0.254
ANKRD30B,0,179,0.358
ANKRD30BL,0,138,0.276
ANKRD30BP2,0,19,0.038
ANKRD30BP3,0,86,0.172
ANKRD31,0,170,0.34
ANKRD32,0,14,0.028
ANKRD33,0,97,0.194
ANKRD33B,0,31,0.062
ANKRD34A,0,90,0.18
ANO6,0,73,0.146
ANO7,0,27,0.054
ANO8,0,108,0.216
AREG,0,94,0.188
AQP5,0,41,0.082
AQP6,0,35,0.07
AQP7,0,59,0.118
AQP8,0,40,0.08
AQP9,0,64,0.128
AQPEP,0,70,0.14
AQR,0,6,0.012
AR,0,61,0.122
ARAF,0,29,0.058
ARAP1,0,26,0.052
ARAP2,0,38,0.076
ARAP3,0,97,0.194
ARC,0,28,0.056
ARCN1,0,25,0.05
AREL1,0,24,0.048
ANO9,0,130,0.26
ARF1,0,70,0.14
ARF1P1,0,20,0.04
ARF3,0,50,0.1
ARF4,0,23,0.046
ARF5,0,136,0.272
ARF6,0,77,0.154
ARFGAP1,0,101,0.202
ARFGAP2,0,45,0.09
ARFGAP3,0,49,0.098
ARFGEF1,0,22,0.044
ARFGEF2,0,32,0.064
ARFIP2,0,70,0.14
ARFRP1,0,114,0.228
ARG1,0,156,0.312
AQP4,0,79,0.158
AQP3,0,160,0.32
AQP2,0,30,0.06
AQP11,0,95,0.19
ANP32A,0,65,0.13
ANP32B,0,63,0.126
ANP32C,0,131,0.262
ANP32D,0,167,0.334
ANP32E,0,35,0.07
ANPEP,0,110,0.22
ANTXR1,0,75,0.15
ANTXR2,0,28,0.056
ANXA1,0,38,0.076
ANXA10,0,65,0.13
ANXA11,0,55,0.11
ANXA13,0,64,0.128
ANXA2,0,67,0.134
ANXA2P1,0,91,0.182
ANXA2P2,0,77,0.154
ANXA2P3,0,61,0.122
ANXA2R,0,18,0.036
ANXA3,0,97,0.194
ANXA4,0,50,0.1
ANXA5,0,71,0.142
ANXA6,0,40,0.08
ANXA7,0,11,0.022
ANXA8,0,19,0.038
ANXA9,0,108,0.216
AOC1,0,69,0.138
AOC2,0,76,0.152
AOC3,0,49,0.098
AOX1,0,62,0.124
AQP10,0,127,0.254
ARSJ,0,86,0.172
ART1,0,45,0.09
ANKRD11,0,125,0.25
ATP6V1D,0,2,0.004
ATP6AP1L,0,40,0.08
ATP6V0A1,0,54,0.108
ATP6V0A2,0,22,0.044
ATP6V0A4,0,39,0.078
ATP6V0B,0,99,0.198
ATP6V0C,0,63,0.126
ATP6V0D1,0,85,0.17
ATP6V0D2,0,75,0.15
ATP6V0E1,0,57,0.114
ATP6V1A,0,56,0.112
ATP6V1B1,0,62,0.124
ATP6V1B2,0,51,0.102
ATP6V1C1,0,12,0.024
ATP6V1C2,0,162,0.324
ATP6V1E1,0,52,0.104
ATP5SL,0,56,0.112
ATP6V1E2,0,98,0.196
ATP6V1F,0,51,0.102
ATP6V1G1,0,43,0.086
ATP6V1G2,0,150,0.3
ATP6V1G3,0,152,0.304
ATP6V1H,0,64,0.128
ATP7A,0,24,0.048
ATP7B,0,33,0.066
ATP8A1,0,31,0.062
ATP8A2,0,88,0.176
ATP8B1,0,41,0.082
ATP8B2,0,58,0.116
ATP8B3,0,47,0.094
ATP8B4,0,42,0.084
ATP6AP1,0,63,0.126
ATP5S,0,60,0.12
ATP9A,0,177,0.354
ATP4A,0,37,0.074
ATP1A4,0,31,0.062
ATP1B1,0,115,0.23
ATP1B2,0,49,0.098
ATP1B3,0,57,0.114
ATP1B4,0,83,0.166
ATP2A1,0,45,0.09
ATP2A2,0,82,0.164
ATP2A3,0,106,0.212
ATP2B1,0,46,0.092
ATP2B2,0,36,0.072
ATP2B3,0,114,0.228
ATP2B4,0,90,0.18
ATP2C1,0,8,0.016
ATP2C2,0,59,0.118
ATP4B,0,112,0.224
ATP5O,0,40,0.08
ATP5A1,0,31,0.062
ATP5B,0,57,0.114
ATP5C1,0,25,0.05
ATP5D,0,138,0.276
ATP5E,0,58,0.116
ATP5F1,0,10,0.02
ATP5G1,0,81,0.162
ATP5G2,0,41,0.082
ATP5G3,0,49,0.098
ATP5H,0,43,0.086
ATP5I,0,60,0.12
ATP5J,0,26,0.052
ATP5J2,0,99,0.198
ATP5L,0,34,0.068
ATP8B5P,0,144,0.288
ATP9B,0,13,0.026
ART3,0,167,0.334
B3GALT4,0,149,0.298
AWAT1,0,82,0.164
AXDND1,0,83,0.166
AXIN1,0,97,0.194
AXIN2,0,184,0.368
AXL,0,108,0.216
AZGP1,0,44,0.088
AZI2,0,33,0.066
AZIN2,0,33,0.066
AZU1,0,121,0.242
B2M,0,65,0.13
B3GALNT1,0,98,0.196
B3GALNT2,0,59,0.118
B3GALT1,0,106,0.212
B3GALT2,0,138,0.276
B3GALT5,0,107,0.214
AVPR1B,0,52,0.104
B3GALT6,0,135,0.27
B3GALTL,0,113,0.226
B3GAT1,0,73,0.146
B3GAT2,0,80,0.16
B3GAT3,0,85,0.17
B3GNT1,0,124,0.248
B3GNT3,0,98,0.196
B3GNT4,0,49,0.098
B3GNT5,0,66,0.132
B3GNT6,0,110,0.22
B3GNT7,0,90,0.18
B3GNT8,0,148,0.296
B3GNT9,0,105,0.21
B3GNTL1,0,109,0.218
AVPR2,0,49,0.098
AVPR1A,0,159,0.318
ATPAF1,0,31,0.062
ATXN7L1,0,23,0.046
ATPAF2,0,45,0.09
ATPIF1,0,59,0.118
ATR,0,12,0.024
ATRAID,0,59,0.118
ATRIP,0,130,0.26
ATRN,0,84,0.168
ATRNL1,0,80,0.16
ATXN1,0,59,0.118
ATXN10,0,6,0.012
ATXN2,0,34,0.068
ATXN2L,0,96,0.192
ATXN3,0,38,0.076
ATXN3L,0,130,0.26
ATXN7,0,40,0.08
ATXN7L2,0,148,0.296
AVPI1,0,67,0.134
ATXN7L3,0,44,0.088
ATXN7L3B,0,41,0.082
AUH,0,38,0.076
AUNIP,0,29,0.058
AUP1,0,43,0.086
AURKA,0,132,0.264
AURKAIP1,0,94,0.188
AURKB,0,58,0.116
AURKC,0,29,0.058
AUTS2,0,78,0.156
AVEN,0,95,0.19
AVIL,0,102,0.204
AVL9,0,10,0.02
AVP,0,73,0.146
ATP1A3,0,137,0.274
ATP1A2,0,50,0.1
ATP1A1,0,23,0.046
ASNA1,0,95,0.19
ASF1A,0,7,0.014
ASF1B,0,104,0.208
ASGR1,0,46,0.092
ASGR2,0,80,0.16
ASH1L,0,8,0.016
ASH2L,0,11,0.022
ASIC1,0,76,0.152
ASIC2,0,195,0.39
ASIC4,0,76,0.152
ASIC5,0,58,0.116
ASIP,0,77,0.154
ASL,0,86,0.172
ASMT,0,107,0.214
ASMTL,0,103,0.206
ASNS,0,58,0.116
ASCL3,0,149,0.298
ASPA,0,171,0.342
ASPDH,0,49,0.098
ASPG,0,20,0.04
ASPH,0,23,0.046
ASPHD1,0,19,0.038
ASPHD2,0,105,0.21
ASPM,0,197,0.394
ASPN,0,111,0.222
ASPRV1,0,145,0.29
ASPSCR1,0,97,0.194
ASRGL1,0,120,0.24
ASS1,0,161,0.322
ASTE1,0,5,0.01
ASTN1,0,101,0.202
ASCL5,0,33,0.066
ASCL2,0,119,0.238
ATP13A5,0,56,0.112
ASB12,0,146,0.292
ART4,0,132,0.264
ART5,0,97,0.194
ARTN,0,152,0.304
ARV1,0,35,0.07
ARVCF,0,92,0.184
ARX,0,45,0.09
AS3MT,0,169,0.338
ASAH1,0,21,0.042
ASAH2B,0,93,0.186
ASAP1,0,33,0.066
ASAP2,0,138,0.276
ASB1,0,53,0.106
ASB10,0,62,0.124
ASB11,0,63,0.126
ASB13,0,109,0.218
ASCL1,0,159,0.318
ASB14,0,54,0.108
ASB15,0,74,0.148
ASB16,0,47,0.094
ASB17,0,155,0.31
ASB2,0,134,0.268
ASB4,0,114,0.228
ASB5,0,92,0.184
ASB6,0,70,0.14
ASB7,0,35,0.07
ASB8,0,68,0.136
ASB9,0,150,0.3
ASCC1,0,15,0.03
ASCC2,0,75,0.15
ASCC3,0,5,0.01
ASTN2,0,37,0.074
ASUN,0,18,0.036
ASXL1,0,25,0.05
ATN1,0,23,0.046
ATG4B,0,40,0.08
ATG4C,0,29,0.058
ATG4D,0,33,0.066
ATG5,0,5,0.01
ATG7,0,57,0.114
ATG9A,0,119,0.238
ATG9B,0,57,0.114
ATHL1,0,226,0.452
ATIC,0,10,0.02
ATL1,0,46,0.092
ATL2,0,18,0.036
ATL3,0,34,0.068
ATM,0,26,0.052
ATMIN,0,63,0.126
ATOH1,0,87,0.174
ASXL2,0,44,0.088
ATOH7,0,135,0.27
ATOH8,0,39,0.078
ATOX1,0,78,0.156
ATP10A,0,122,0.244
ATP10B,0,98,0.196
ATP10D,0,26,0.052
ATP11A,0,53,0.106
ATP11B,0,14,0.028
ATP11C,0,5,0.01
ATP12A,0,44,0.088
ATP13A1,0,69,0.138
ATP13A2,0,78,0.156
ATP13A3,0,27,0.054
ATP13A4,0,40,0.08
ATG4A,0,21,0.042
ATG3,0,25,0.05
ATG2B,0,34,0.068
ATG2A,0,63,0.126
ASXL3,0,52,0.104
ASZ1,0,118,0.236
ATAD1,0,19,0.038
ATAD2,0,38,0.076
ATAD2B,0,28,0.056
ATAD3A,0,108,0.216
ATAD3B,0,64,0.128
ATAD3C,0,93,0.186
ATAD5,0,58,0.116
ATAT1,0,140,0.28
ATCAY,0,10,0.02
ATE1,0,25,0.05
ATF1,0,49,0.098
ATF2,0,55,0.11
ATF3,0,34,0.068
ATF4,0,104,0.208
ATF5,0,55,0.11
ATF6,0,6,0.012
ATF6B,0,149,0.298
ATF7,0,136,0.272
ATF7IP,0,39,0.078
ATF7IP2,0,47,0.094
ATG10,0,69,0.138
ATG101,0,58,0.116
ATG12,0,14,0.028
ATG13,0,32,0.064
ATG14,0,19,0.038
ATG16L1,0,24,0.048
ATG16L2,0,56,0.112
ANKRD12,0,22,0.044
ANKRD10,0,2,0.004
CCDC54,0,130,0.26
ACTA2,0,182,0.364
ACSL1,0,76,0.152
ACSL3,0,38,0.076
ACSL4,0,38,0.076
ACSL5,0,24,0.048
ACSL6,0,164,0.328
ACSM1,0,55,0.11
ACSM2A,0,95,0.19
ACSM2B,0,49,0.098
ACSM3,0,153,0.306
ACSM5,0,58,0.116
ACSS1,0,81,0.162
ACSS2,0,120,0.24
ACSS3,0,40,0.08
ACTA1,0,155,0.31
ACTB,0,50,0.1
ACSF2,0,158,0.316
ACTC1,0,129,0.258
ACTG2,0,57,0.114
ACTL10,0,76,0.152
ACTL6A,0,23,0.046
ACTL6B,0,21,0.042
ACTL7A,0,143,0.286
ACTL7B,0,71,0.142
ACTL8,0,68,0.136
ACTL9,0,197,0.394
ACTN1,0,75,0.15
ACTN2,0,75,0.15
ACTN3,0,46,0.092
ACTN4,0,57,0.114
ACTR10,0,7,0.014
ACSF3,0,38,0.076
ACSBG2,0,59,0.118
ACTR1B,0,51,0.102
ACOT7,0,61,0.122
ACKR2,0,82,0.164
ACKR3,0,127,0.254
ACKR4,0,109,0.218
ACLY,0,48,0.096
ACMSD,0,17,0.034
ACN9,0,103,0.206
ACO1,0,46,0.092
ACO2,0,84,0.168
ACOT1,0,153,0.306
ACOT11,0,84,0.168
ACOT12,0,33,0.066
ACOT13,0,56,0.112
ACOT4,0,121,0.242
ACOT6,0,45,0.09
ACOT8,0,44,0.088
ACSBG1,0,180,0.36
ACOT9,0,54,0.108
ACOX1,0,104,0.208
ACOX2,0,63,0.126
ACOX3,0,42,0.084
ACOXL,0,71,0.142
ACP1,0,2,0.004
ACP2,0,94,0.188
ACP5,0,102,0.204
ACP6,0,158,0.316
ACPP,0,115,0.23
ACPT,0,56,0.112
ACR,0,35,0.07
ACRBP,0,73,0.146
ACRV1,0,88,0.176
ACTR1A,0,42,0.084
ACTR2,0,49,0.098
ADAMTSL2,0,92,0.184
ADAMTS13,0,18,0.036
ADAM29,0,125,0.25
ADAM30,0,75,0.15
ADAM32,0,79,0.158
ADAM33,0,36,0.072
ADAM3A,0,180,0.36
ADAM5,0,42,0.084
ADAM6,0,38,0.076
ADAM7,0,72,0.144
ADAM8,0,88,0.176
ADAM9,0,65,0.13
ADAMDEC1,0,68,0.136
ADAMTS1,0,205,0.41
ADAMTS10,0,75,0.15
ADAMTS12,0,81,0.162
ADAMTS14,0,66,0.132
ADAM22,0,109,0.218
ADAMTS15,0,25,0.05
ADAMTS16,0,22,0.044
ADAMTS17,0,43,0.086
ADAMTS18,0,85,0.17
ADAMTS19,0,38,0.076
ADAMTS2,0,36,0.072
ADAMTS20,0,69,0.138
ADAMTS3,0,109,0.218
ADAMTS4,0,74,0.148
ADAMTS5,0,102,0.204
ADAMTS6,0,102,0.204
ADAMTS7,0,38,0.076
ADAMTS8,0,135,0.27
ADAMTS9,0,64,0.128
ADAM28,0,55,0.11
ADAM21,0,42,0.084
ACTR3,0,23,0.046
ACY1,0,83,0.166
ACTR3B,0,106,0.212
ACTR3BP2,0,87,0.174
ACTR3C,0,82,0.164
ACTR5,0,25,0.05
ACTR6,0,3,0.006
ACTR8,0,16,0.032
ACTRT2,0,158,0.316
ACTRT3,0,66,0.132
ACVR1,0,62,0.124
ACVR1B,0,87,0.174
ACVR1C,0,99,0.198
ACVR2A,0,61,0.122
ACVR2B,0,104,0.208
ACVRL1,0,133,0.266
ACY3,0,31,0.062
ADAM20,0,117,0.234
ACYP1,0,106,0.212
ACYP2,0,128,0.256
ADA,0,94,0.188
ADAD1,0,68,0.136
ADAD2,0,35,0.07
ADAL,0,93,0.186
ADAM10,0,18,0.036
ADAM11,0,43,0.086
ADAM12,0,82,0.164
ADAM15,0,120,0.24
ADAM17,0,73,0.146
ADAM18,0,65,0.13
ADAM19,0,56,0.112
ADAM2,0,78,0.156
ACKR1,0,57,0.114
ACIN1,0,40,0.08
ACHE,0,78,0.156
ABCC12,0,39,0.078
ABCA8,0,61,0.122
ABCA9,0,68,0.136
ABCB1,0,37,0.074
ABCB10,0,78,0.156
ABCB11,0,64,0.128
ABCB4,0,128,0.256
ABCB5,0,37,0.074
ABCB6,0,63,0.126
ABCB7,0,13,0.026
ABCB8,0,17,0.034
ABCB9,0,29,0.058
ABCC1,0,46,0.092
ABCC10,0,72,0.144
ABCC11,0,68,0.136
ABCC13,0,129,0.258
ABCA6,0,150,0.3
ABCC2,0,151,0.302
ABCC3,0,117,0.234
ABCC4,0,119,0.238
ABCC5,0,71,0.142
ABCC6,0,69,0.138
ABCC8,0,61,0.122
ABCC9,0,18,0.036
ABCD1,0,76,0.152
ABCD2,0,31,0.062
ABCD3,0,8,0.016
ABCD4,0,114,0.228
ABCE1,0,4,0.008
ABCF1,0,56,0.112
ABCF2,0,43,0.086
ABCA7,0,125,0.25
ABCA5,0,63,0.126
ACER3,0,55,0.11
AANAT,0,112,0.224
A2M,0,119,0.238
A2ML1,0,28,0.056
A4GALT,0,29,0.058
A4GNT,0,39,0.078
AAAS,0,80,0.16
AACS,0,73,0.146
AADAC,0,143,0.286
AADACL2,0,194,0.388
AADAT,0,98,0.196
AAED1,0,117,0.234
AAGAB,0,30,0.06
AAK1,0,77,0.154
AAMDC,0,108,0.216
AAMP,0,86,0.172
AAR2,0,38,0.076
ABCA4,0,85,0.17
AARS,0,52,0.104
AARS2,0,92,0.184
AASDH,0,21,0.042
AASDHPPT,0,9,0.018
AASS,0,151,0.302
AATF,0,32,0.064
AATK,0,127,0.254
ABAT,0,113,0.226
ABCA1,0,142,0.284
ABCA11P,0,91,0.182
ABCA12,0,43,0.086
ABCA13,0,106,0.212
ABCA2,0,46,0.092
ABCA3,0,70,0.14
ABCF3,0,34,0.068
ABCG1,0,178,0.356
ABCG2,0,110,0.22
ACADSB,0,26,0.052
ABRACL,0,15,0.03
ABT1,0,25,0.05
ABTB1,0,124,0.248
ABTB2,0,108,0.216
ACAA1,0,69,0.138
ACAA2,0,32,0.064
ACACA,0,49,0.098
ACACB,0,109,0.218
ACAD10,0,73,0.146
ACAD8,0,80,0.16
ACAD9,0,29,0.058
ACADL,0,178,0.356
ACADM,0,32,0.064
ACADS,0,82,0.164
ACADVL,0,91,0.182
ABCG4,0,66,0.132
ACAN,0,137,0.274
ACAP2,0,52,0.104
ACAP3,0,37,0.074
ACAT1,0,45,0.09
ACAT2,0,59,0.118
ACBD3,0,41,0.082
ACBD4,0,84,0.168
ACBD5,0,2,0.004
ACBD6,0,15,0.03
ACCS,0,162,0.324
ACD,0,69,0.138
ACE,0,26,0.052
ACE2,0,70,0.14
ACER1,0,55,0.11
ABRA,0,74,0.148
ABR,0,37,0.074
ABO,0,69,0.138
ABLIM3,0,75,0.15
ABCG5,0,69,0.138
ABCG8,0,143,0.286
ABHD1,0,18,0.036
ABHD10,0,9,0.018
ABHD11,0,79,0.158
ABHD12,0,88,0.176
ABHD12B,0,137,0.274
ABHD13,0,62,0.124
ABHD14B,0,47,0.094
ABHD15,0,85,0.17
ABHD16A,0,66,0.132
ABHD16B,0,91,0.182
ABHD17A,0,51,0.102
ABHD17B,0,13,0.026
ABHD17C,0,45,0.09
ABHD2,0,41,0.082
ABHD3,0,50,0.1
ABHD4,0,62,0.124
ABHD5,0,51,0.102
ABHD6,0,146,0.292
ABHD8,0,111,0.222
ABI1,0,13,0.026
ABI2,0,36,0.072
ABI3,0,122,0.244
ABI3BP,0,24,0.048
ABL1,0,46,0.092
ABL2,0,103,0.206
ABLIM1,0,80,0.16
ABLIM2,0,64,0.128
ADAMTSL1,0,15,0.03
ADAMTSL3,0,24,0.048
ANKRD1,0,109,0.218
AKR1C3,0,109,0.218
AKAP7,0,61,0.122
AKAP8,0,60,0.12
AKAP8L,0,58,0.116
AKAP9,0,7,0.014
AKIP1,0,129,0.258
AKIRIN1,0,52,0.104
AKIRIN2,0,67,0.134
AKNA,0,52,0.104
AKNAD1,0,107,0.214
AKR1A1,0,42,0.084
AKR1B1,0,51,0.102
AKR1B10,0,137,0.274
AKR1C1,0,105,0.21
AKR1C2,0,124,0.248
AKR1C4,0,182,0.364
AKAP5,0,128,0.256
AKR1C6P,0,134,0.268
AKR1D1,0,112,0.224
AKR1E2,0,131,0.262
AKR7A2,0,121,0.242
AKR7A3,0,108,0.216
AKT1,0,71,0.142
AKT1S1,0,58,0.116
AKT2,0,29,0.058
AKT3,0,23,0.046
AKTIP,0,20,0.04
ALDOAP2,0,160,0.32
AMACR,0,118,0.236
AMBN,0,74,0.148
AMBP,0,25,0.05
AKAP6,0,128,0.256
AKAP4,0,45,0.09
AMD1,0,18,0.036
AK1,0,124,0.248
AIFM1,0,37,0.074
AIFM2,0,124,0.248
AIFM3,0,42,0.084
AIG1,0,119,0.238
AIM1,0,49,0.098
AIM1L,0,46,0.092
AIM2,0,67,0.134
AIMP1,0,18,0.036
AIMP2,0,92,0.184
AIP,0,19,0.038
AIPL1,0,15,0.03
AIRE,0,31,0.062
AJAP1,0,71,0.142
AJUBA,0,31,0.062
AK2,0,7,0.014
AKAP3,0,176,0.352
AK3,0,50,0.1
AK4,0,123,0.246
AK5,0,80,0.16
AK6,0,19,0.038
AK7,0,86,0.172
AK8,0,55,0.11
AK9,0,43,0.086
AKAP1,0,38,0.076
AKAP10,0,36,0.072
AKAP11,0,15,0.03
AKAP12,0,116,0.232
AKAP13,0,71,0.142
AKAP14,0,95,0.19
AKAP2,0,58,0.116
AMBRA1,0,35,0.07
AMDHD1,0,96,0.192
ADAMTSL4,0,101,0.202
ANK1,0,122,0.244
ANAPC5,0,9,0.018
ANAPC7,0,11,0.022
ANG,0,138,0.276
ANGEL1,0,80,0.16
ANGEL2,0,6,0.012
ANGPT1,0,153,0.306
ANGPT2,0,140,0.28
ANGPT4,0,47,0.094
ANGPTL1,0,159,0.318
ANGPTL2,0,54,0.108
ANGPTL3,0,116,0.232
ANGPTL4,0,129,0.258
ANGPTL6,0,108,0.216
ANGPTL7,0,187,0.374
ANK2,0,52,0.104
ANAPC2,0,65,0.13
ANK3,0,102,0.204
ANKAR,0,71,0.142
ANKDD1A,0,47,0.094
ANKEF1,0,129,0.258
ANKFN1,0,71,0.142
ANKFY1,0,23,0.046
ANKH,0,80,0.16
ANKHD1,0,19,0.038
ANKIB1,0,6,0.012
ANKLE1,0,82,0.164
ANKLE2,0,7,0.014
ANKMY1,0,150,0.3
ANKMY2,0,20,0.04
ANKRA2,0,17,0.034
ANAPC4,0,11,0.022
ANAPC16,0,18,0.036
AMDHD2,0,70,0.14
AMN1,0,10,0.02
AMELX,0,73,0.146
AMELY,0,80,0.16
AMER1,0,173,0.346
AMER2,0,26,0.052
AMER3,0,66,0.132
AMFR,0,96,0.192
AMH,0,64,0.128
AMHR2,0,69,0.138
AMIGO1,0,68,0.136
AMIGO2,0,45,0.09
AMIGO3,0,54,0.108
AMMECR1,0,64,0.128
AMMECR1L,0,6,0.012
AMN,0,11,0.022
AMOT,0,30,0.06
ANAPC15,0,78,0.156
AMOTL1,0,42,0.084
AMOTL2,0,34,0.068
AMPD1,0,107,0.214
AMPD2,0,52,0.104
AMPD3,0,40,0.08
AMPH,0,18,0.036
AMT,0,47,0.094
AMZ1,0,41,0.082
AMZ2,0,34,0.068
AMZ2P1,0,45,0.09
ANAPC1,0,29,0.058
ANAPC10,0,13,0.026
ANAPC11,0,61,0.122
ANAPC13,0,55,0.11
AIF1L,0,96,0.192
AIF1,0,67,0.134
AIDA,0,34,0.068
ADNP,0,18,0.036
ADH4,0,99,0.198
ADH5,0,10,0.02
ADH6,0,52,0.104
ADH7,0,110,0.22
ADHFE1,0,110,0.22
ADI1,0,47,0.094
ADIG,0,29,0.058
ADIPOQ,0,137,0.274
ADIPOR1,0,71,0.142
ADIPOR2,0,24,0.048
ADIRF,0,33,0.066
ADK,0,44,0.088
ADM,0,143,0.286
ADM2,0,54,0.108
ADNP2,0,19,0.038
ADH1B,0,98,0.196
ADO,0,22,0.044
ADORA1,0,48,0.096
ADORA2A,0,109,0.218
ADORA2B,0,70,0.14
ADORA3,0,125,0.25
ADPGK,0,4,0.008
ADPRH,0,170,0.34
ADPRHL1,0,15,0.03
ADPRHL2,0,91,0.182
ADPRM,0,60,0.12
ADRA1A,0,61,0.122
ADRA1B,0,73,0.146
ADRA1D,0,23,0.046
ADRA2A,0,97,0.194
ADH1C,0,46,0.092
ADH1A,0,102,0.204
AICDA,0,43,0.086
ADCY1,0,30,0.06
ADAMTSL5,0,86,0.172
ADAP1,0,66,0.132
ADAP2,0,78,0.156
ADAR,0,38,0.076
ADARB1,0,38,0.076
ADARB2,0,50,0.1
ADAT1,0,27,0.054
ADAT2,0,124,0.248
ADAT3,0,71,0.142
ADCK1,0,94,0.188
ADCK2,0,96,0.192
ADCK3,0,52,0.104
ADCK4,0,109,0.218
ADCK5,0,56,0.112
ADCY10,0,44,0.088
ADGB,0,23,0.046
ADCY10P1,0,120,0.24
ADCY2,0,70,0.14
ADCY3,0,114,0.228
ADCY4,0,27,0.054
ADCY5,0,31,0.062
ADCY6,0,35,0.07
ADCY7,0,71,0.142
ADCY8,0,73,0.146
ADCY9,0,104,0.208
ADCYAP1,0,155,0.31
ADCYAP1R1,0,26,0.052
ADD1,0,79,0.158
ADD2,0,142,0.284
ADD3,0,28,0.056
ADRA2B,0,56,0.112
ADRA2C,0,81,0.162
ADRB1,0,96,0.192
AGTRAP,0,83,0.166
AGPAT2,0,109,0.218
AGPAT3,0,85,0.17
AGPAT4,0,86,0.172
AGPAT5,0,20,0.04
AGPAT6,0,14,0.028
AGPS,0,5,0.01
AGR2,0,171,0.342
AGR3,0,162,0.324
AGRN,0,35,0.07
AGRP,0,73,0.146
AGT,0,86,0.172
AGTPBP1,0,13,0.026
AGTR1,0,97,0.194
AGTR2,0,76,0.152
AGXT,0,30,0.06
ADRB2,0,150,0.3
AGXT2,0,72,0.144
AHCTF1,0,23,0.046
AHCY,0,63,0.126
AHCYL1,0,33,0.066
AHCYL2,0,38,0.076
AHDC1,0,42,0.084
AHI1,0,88,0.176
AHNAK2,0,52,0.104
AHR,0,59,0.118
AHRR,0,179,0.358
AHSA1,0,34,0.068
AHSA2,0,38,0.076
AHSG,0,102,0.204
AHSP,0,88,0.176
AGPAT1,0,54,0.108
AGO4,0,32,0.064
AGO3,0,11,0.022
AGO2,0,58,0.116
ADRB3,0,64,0.128
ADRBK1,0,37,0.074
ADRBK2,0,50,0.1
ADRM1,0,106,0.212
ADSL,0,44,0.088
ADSS,0,10,0.02
ADSSL1,0,12,0.024
ADTRP,0,98,0.196
AEBP1,0,79,0.158
AEBP2,0,16,0.032
AEN,0,58,0.116
AES,0,64,0.128
AGA,0,50,0.1
AGAP1,0,186,0.372
AGAP2,0,98,0.196
AGAP3,0,137,0.274
AGAP6,0,49,0.098
AGBL1,0,74,0.148
AGBL2,0,79,0.158
AGBL3,0,131,0.262
AGBL4,0,76,0.152
AGBL5,0,107,0.214
AGER,0,97,0.194
AGFG1,0,39,0.078
AGFG2,0,117,0.234
AGGF1,0,28,0.056
AGK,0,21,0.042
AGL,0,23,0.046
AGO1,0,23,0.046
B4GALNT1,0,36,0.072
B4GALNT2,0,122,0.244
B4GALNT3,0,101,0.202
C9orf114,0,97,0.194
C8orf31,0,52,0.104
C8orf33,0,32,0.064
C8orf34,0,73,0.146
C8orf37,0,122,0.244
C8orf4,0,143,0.286
C8orf44,0,24,0.048
C8orf46,0,48,0.096
C8orf48,0,122,0.244
C8orf49,0,44,0.088
C8orf58,0,12,0.024
C8orf59,0,32,0.064
C8orf74,0,24,0.048
C8orf82,0,76,0.152
C9,0,123,0.246
C9orf116,0,65,0.13
C8orf17,0,106,0.212
C9orf117,0,74,0.148
C9orf131,0,114,0.228
C9orf135,0,116,0.232
C9orf142,0,95,0.19
C9orf152,0,154,0.308
C9orf156,0,31,0.062
C9orf16,0,91,0.182
C9orf163,0,61,0.122
C9orf172,0,61,0.122
C9orf173,0,17,0.034
C9orf24,0,60,0.12
C9orf3,0,78,0.156
C9orf37,0,94,0.188
C9orf38,0,232,0.464
C8orf22,0,105,0.21
C8orf12,0,158,0.316
C9orf41,0,12,0.024
C7orf26,0,75,0.15
C6orf223,0,107,0.214
C6orf226,0,79,0.158
C6orf25,0,54,0.108
C6orf47,0,79,0.158
C6orf48,0,45,0.09
C6orf52,0,125,0.25
C6orf57,0,124,0.248
C6orf58,0,112,0.224
C6orf62,0,23,0.046
C6orf89,0,19,0.038
C6orf99,0,209,0.418
C7,0,51,0.102
C7orf13,0,97,0.194
C7orf25,0,14,0.028
C7orf31,0,53,0.106
C8G,0,111,0.222
C7orf33,0,63,0.126
C7orf34,0,23,0.046
C7orf43,0,91,0.182
C7orf49,0,78,0.156
C7orf50,0,101,0.202
C7orf55,0,89,0.178
C7orf57,0,97,0.194
C7orf60,0,24,0.048
C7orf61,0,140,0.28
C7orf62,0,36,0.072
C7orf63,0,115,0.23
C7orf69,0,79,0.158
C8A,0,52,0.104
C8B,0,56,0.112
C9orf40,0,113,0.226
C9orf43,0,114,0.228
CACNG4,0,48,0.096
CACNA1E,0,67,0.134
CABLES2,0,48,0.096
CABP1,0,42,0.084
CABP2,0,83,0.166
CABP4,0,29,0.058
CABP5,0,47,0.094
CABP7,0,128,0.256
CABS1,0,160,0.32
CABYR,0,79,0.158
CACFD1,0,22,0.044
CACHD1,0,102,0.204
CACNA1A,0,80,0.16
CACNA1B,0,66,0.132
CACNA1C,0,5,0.01
CACNA1D,0,81,0.162
CACNA1F,0,33,0.066
CABIN1,0,77,0.154
CACNA1G,0,35,0.07
CACNA1H,0,67,0.134
CACNA1I,0,49,0.098
CACNA1S,0,60,0.12
CACNA2D1,0,44,0.088
CACNA2D2,0,50,0.1
CACNA2D3,0,125,0.25
CACNA2D4,0,35,0.07
CACNB1,0,116,0.232
CACNB2,0,39,0.078
CACNB3,0,85,0.17
CACNB4,0,152,0.304
CACNG1,0,143,0.286
CACNG2,0,85,0.17
CABLES1,0,116,0.232
CAB39L,0,99,0.198
C9orf47,0,225,0.45
CA10,0,89,0.178
C9orf50,0,114,0.228
C9orf53,0,108,0.216
C9orf57,0,138,0.276
C9orf62,0,22,0.044
C9orf64,0,39,0.078
C9orf66,0,146,0.292
C9orf72,0,59,0.118
C9orf78,0,146,0.292
C9orf84,0,133,0.266
C9orf85,0,35,0.07
C9orf89,0,86,0.172
C9orf9,0,91,0.182
C9orf91,0,32,0.064
CA1,0,133,0.266
CA11,0,104,0.208
CAB39,0,19,0.038
CA12,0,59,0.118
CA13,0,163,0.326
CA14,0,38,0.076
CA2,0,117,0.234
CA3,0,105,0.21
CA4,0,104,0.208
CA5A,0,109,0.218
CA5B,0,47,0.094
CA5BP1,0,104,0.208
CA6,0,117,0.234
CA7,0,44,0.088
CA8,0,88,0.176
CA9,0,19,0.038
CAAP1,0,20,0.04
C6orf211,0,28,0.056
C6orf203,0,31,0.062
C6orf201,0,32,0.064
C2orf71,0,85,0.17
C2orf16,0,33,0.066
C2orf27A,0,14,0.028
C2orf40,0,61,0.122
C2orf42,0,24,0.048
C2orf43,0,23,0.046
C2orf44,0,66,0.132
C2orf47,0,20,0.04
C2orf49,0,6,0.012
C2orf50,0,86,0.172
C2orf54,0,122,0.244
C2orf61,0,67,0.134
C2orf68,0,65,0.13
C2orf69,0,29,0.058
C2orf70,0,117,0.234
C2orf73,0,158,0.316
C2CD5,0,12,0.024
C2orf76,0,119,0.238
C2orf80,0,89,0.178
C2orf81,0,65,0.13
C2orf82,0,131,0.262
C2orf83,0,107,0.214
C2orf88,0,145,0.29
C3,0,69,0.138
C3AR1,0,103,0.206
C3P1,0,51,0.102
C3orf14,0,155,0.31
C3orf17,0,6,0.012
C3orf18,0,136,0.272
C3orf20,0,128,0.256
C3orf22,0,58,0.116
C2orf15,0,120,0.24
C2CD4C,0,77,0.154
C6orf195,0,50,0.1
C21orf88,0,52,0.104
C20orf27,0,123,0.246
C20orf62,0,17,0.034
C20orf78,0,33,0.066
C20orf85,0,37,0.074
C20orf96,0,77,0.154
C21orf119,0,127,0.254
C21orf128,0,43,0.086
C21orf2,0,138,0.276
C21orf33,0,24,0.048
C21orf49,0,94,0.188
C21orf58,0,22,0.044
C21orf59,0,61,0.122
C21orf62,0,24,0.048
C21orf67,0,30,0.06
C21orf90,0,100,0.2
C2CD4B,0,94,0.188
C21orf91,0,1,0.002
C22orf15,0,62,0.124
C22orf23,0,71,0.142
C22orf24,0,31,0.062
C22orf29,0,98,0.196
C22orf31,0,66,0.132
C22orf34,0,145,0.29
C22orf39,0,60,0.12
C22orf42,0,82,0.164
C22orf46,0,81,0.162
C2CD2,0,76,0.152
C2CD2L,0,25,0.05
C2CD3,0,26,0.052
C2CD4A,0,103,0.206
C3orf27,0,65,0.13
C3orf30,0,139,0.278
C3orf33,0,185,0.37
C5orf63,0,56,0.112
C5orf17,0,115,0.23
C5orf22,0,19,0.038
C5orf24,0,28,0.056
C5orf27,0,104,0.208
C5orf28,0,13,0.026
C5orf30,0,150,0.3
C5orf34,0,51,0.102
C5orf42,0,57,0.114
C5orf45,0,70,0.14
C5orf46,0,105,0.21
C5orf47,0,174,0.348
C5orf51,0,58,0.116
C5orf55,0,115,0.23
C5orf56,0,74,0.148
C5orf64,0,30,0.06
C3orf35,0,73,0.146
C5orf66,0,43,0.086
C6,0,134,0.268
C6orf1,0,123,0.246
C6orf10,0,107,0.214
C6orf106,0,45,0.09
C6orf118,0,98,0.196
C6orf120,0,12,0.024
C6orf123,0,45,0.09
C6orf132,0,106,0.212
C6orf136,0,47,0.094
C6orf141,0,76,0.152
C6orf15,0,26,0.052
C6orf163,0,96,0.192
C6orf165,0,65,0.13
C5orf15,0,25,0.05
C5AR2,0,130,0.26
C5AR1,0,68,0.136
C5,0,96,0.192
C3orf36,0,44,0.088
C3orf38,0,1,0.002
C3orf43,0,57,0.114
C3orf49,0,136,0.272
C3orf52,0,22,0.044
C3orf55,0,8,0.016
C3orf56,0,89,0.178
C3orf58,0,30,0.06
C3orf62,0,28,0.056
C3orf65,0,57,0.114
C3orf67,0,136,0.272
C3orf70,0,107,0.214
C3orf79,0,109,0.218
C3orf80,0,150,0.3
C4BPA,0,168,0.336
C4BPB,0,89,0.178
C4orf17,0,123,0.246
C4orf19,0,160,0.32
C4orf22,0,122,0.244
C4orf26,0,111,0.222
C4orf27,0,127,0.254
C4orf29,0,5,0.01
C4orf3,0,40,0.08
C4orf32,0,125,0.25
C4orf33,0,88,0.176
C4orf36,0,156,0.312
C4orf45,0,168,0.336
C4orf46,0,152,0.304
C4orf6,0,52,0.104
CACNG3,0,99,0.198
CACNG5,0,45,0.09
B4GALNT4,0,33,0.066
CCDC112,0,41,0.082
CCBL1,0,158,0.316
CCBL2,0,13,0.026
CCDC101,0,81,0.162
CCDC102A,0,159,0.318
CCDC102B,0,141,0.282
CCDC103,0,88,0.176
CCDC104,0,38,0.076
CCDC105,0,129,0.258
CCDC106,0,64,0.128
CCDC107,0,64,0.128
CCDC108,0,19,0.038
CCDC109B,0,30,0.06
CCDC11,0,167,0.334
CCDC110,0,116,0.232
CCDC113,0,106,0.212
CCAR2,0,108,0.216
CCDC114,0,88,0.176
CCDC115,0,40,0.08
CCDC116,0,89,0.178
CCDC117,0,56,0.112
CCDC12,0,56,0.112
CCDC120,0,96,0.192
CCDC121,0,112,0.224
CCDC122,0,104,0.208
CCDC124,0,94,0.188
CCDC125,0,71,0.142
CCDC126,0,8,0.016
CCDC127,0,85,0.17
CCDC129,0,52,0.104
CCDC13,0,12,0.024
CCBE1,0,82,0.164
CCAR1,0,6,0.012
CCDC132,0,4,0.008
CBLN4,0,216,0.432
CATSPERG,0,12,0.024
CAV1,0,86,0.172
CAV2,0,133,0.266
CAV3,0,86,0.172
CBFA2T2,0,64,0.128
CBFA2T3,0,83,0.166
CBFB,0,21,0.042
CBL,0,36,0.072
CBLB,0,58,0.116
CBLC,0,49,0.098
CBLL1,0,53,0.106
CBLN1,0,63,0.126
CBLN2,0,135,0.27
CBLN3,0,49,0.098
CBR1,0,101,0.202
CC2D2B,0,127,0.254
CBR3,0,79,0.158
CBR4,0,7,0.014
CBS,0,42,0.084
CBX1,0,84,0.168
CBX2,0,23,0.046
CBX4,0,113,0.226
CBX5,0,61,0.122
CBX6,0,89,0.178
CBX7,0,71,0.142
CBX8,0,83,0.166
CBY1,0,93,0.186
CC2D1A,0,86,0.172
CC2D1B,0,26,0.052
CC2D2A,0,149,0.298
CCDC130,0,52,0.104
CCDC134,0,92,0.184
CACNG6,0,18,0.036
CCDC28B,0,105,0.21
CCDC180,0,120,0.24
CCDC181,0,52,0.104
CCDC182,0,17,0.034
CCDC184,0,87,0.174
CCDC185,0,80,0.16
CCDC186,0,30,0.06
CCDC19,0,77,0.154
CCDC22,0,110,0.22
CCDC23,0,121,0.242
CCDC24,0,37,0.074
CCDC25,0,47,0.094
CCDC26,0,177,0.354
CCDC27,0,27,0.054
CCDC28A,0,7,0.014
CCDC3,0,31,0.062
CCDC178,0,190,0.38
CCDC30,0,100,0.2
CCDC33,0,12,0.024
CCDC34,0,80,0.16
CCDC36,0,70,0.14
CCDC37,0,119,0.238
CCDC38,0,36,0.072
CCDC39,0,121,0.242
CCDC40,0,53,0.106
CCDC42,0,68,0.136
CCDC42B,0,39,0.078
CCDC43,0,53,0.106
CCDC50,0,87,0.174
CCDC51,0,105,0.21
CCDC53,0,12,0.024
CCDC18,0,38,0.076
CCDC177,0,66,0.132
CCDC135,0,96,0.192
CCDC151,0,104,0.208
CCDC136,0,30,0.06
CCDC137,0,141,0.282
CCDC138,0,60,0.12
CCDC14,0,10,0.02
CCDC140,0,169,0.338
CCDC141,0,128,0.256
CCDC142,0,50,0.1
CCDC144A,0,184,0.368
CCDC144CP,0,163,0.326
CCDC146,0,48,0.096
CCDC148,0,93,0.186
CCDC149,0,110,0.22
CCDC15,0,150,0.3
CCDC150,0,72,0.144
CCDC153,0,61,0.122
CCDC176,0,156,0.312
CCDC154,0,49,0.098
CCDC155,0,74,0.148
CCDC157,0,26,0.052
CCDC158,0,58,0.116
CCDC159,0,136,0.272
CCDC167,0,110,0.22
CCDC168,0,63,0.126
CCDC169,0,52,0.104
CCDC17,0,108,0.216
CCDC170,0,124,0.248
CCDC171,0,132,0.264
CCDC172,0,83,0.166
CCDC173,0,105,0.21
CCDC174,0,4,0.008
CATSPERD,0,59,0.118
CATSPERB,0,84,0.168
CATSPER3,0,98,0.196
CAMLG,0,13,0.026
CAMK1,0,127,0.254
CAMK1D,0,89,0.178
CAMK1G,0,39,0.078
CAMK2A,0,15,0.03
CAMK2B,0,14,0.028
CAMK2D,0,29,0.058
CAMK2G,0,43,0.086
CAMK2N1,0,179,0.358
CAMK2N2,0,47,0.094
CAMK4,0,15,0.03
CAMKK1,0,115,0.23
CAMKK2,0,56,0.112
CAMKMT,0,51,0.102
CAMKV,0,105,0.21
CAMP,0,110,0.22
CALU,0,84,0.168
CAMSAP1,0,44,0.088
CAMSAP3,0,60,0.12
CAMTA1,0,52,0.104
CAMTA2,0,60,0.12
CAND1,0,6,0.012
CAND2,0,21,0.042
CANT1,0,34,0.068
CANX,0,60,0.12
CAP1,0,40,0.08
CAP2,0,118,0.236
CAPG,0,121,0.242
CAPN1,0,47,0.094
CAPN10,0,88,0.176
CAPN11,0,144,0.288
CALY,0,157,0.314
CALR3,0,113,0.226
CATSPER2,0,121,0.242
CALB2,0,57,0.114
CACNG7,0,57,0.114
CACNG8,0,60,0.12
CACTIN,0,37,0.074
CACUL1,0,71,0.142
CACYBP,0,31,0.062
CAD,0,95,0.19
CADM1,0,100,0.2
CADM2,0,41,0.082
CADM3,0,84,0.168
CADM4,0,64,0.128
CADPS,0,64,0.128
CADPS2,0,75,0.15
CAGE1,0,101,0.202
CALB1,0,134,0.268
CALCA,0,18,0.036
CALR,0,131,0.262
CALCB,0,109,0.218
CALCOCO2,0,25,0.05
CALCR,0,61,0.122
CALCRL,0,150,0.3
CALD1,0,166,0.332
CALHM1,0,21,0.042
CALHM2,0,79,0.158
CALHM3,0,78,0.156
CALM1,0,30,0.06
CALML3,0,35,0.07
CALML4,0,99,0.198
CALML5,0,71,0.142
CALML6,0,85,0.17
CALN1,0,115,0.23
CAPN12,0,41,0.082
CAPN13,0,104,0.208
CAPN15,0,47,0.094
CASP3,0,26,0.052
CASC10,0,141,0.282
CASC2,0,71,0.142
CASC3,0,46,0.092
CASC4,0,16,0.032
CASC5,0,152,0.304
CASD1,0,42,0.084
CASK,0,29,0.058
CASKIN1,0,162,0.324
CASKIN2,0,59,0.118
CASP1,0,22,0.044
CASP10,0,33,0.066
CASP12,0,71,0.142
CASP14,0,118,0.236
CASP2,0,18,0.036
CASP4,0,90,0.18
CAPN2,0,72,0.144
CASP5,0,50,0.1
CASP6,0,39,0.078
CASP7,0,91,0.182
CASP8,0,39,0.078
CASP8AP2,0,7,0.014
CASP9,0,55,0.11
CASQ1,0,80,0.16
CASQ2,0,42,0.084
CASR,0,80,0.16
CASS4,0,90,0.18
CAST,0,58,0.116
CASZ1,0,49,0.098
CAT,0,127,0.254
CATSPER1,0,52,0.104
CASC1,0,136,0.272
CARTPT,0,31,0.062
CARS2,0,42,0.084
CARS,0,40,0.08
CAPN3,0,66,0.132
CAPN5,0,113,0.226
CAPN6,0,88,0.176
CAPN7,0,8,0.016
CAPN9,0,28,0.056
CAPNS1,0,60,0.12
CAPNS2,0,120,0.24
CAPRIN1,0,35,0.07
CAPRIN2,0,51,0.102
CAPS,0,137,0.274
CAPS2,0,146,0.292
CAPSL,0,86,0.172
CAPZA1,0,21,0.042
CAPZA2,0,26,0.052
CAPZA3,0,124,0.248
CAPZB,0,62,0.124
CARD10,0,75,0.15
CARD11,0,23,0.046
CARD14,0,45,0.09
CARD16,0,70,0.14
CARD18,0,38,0.076
CARD6,0,69,0.138
CARD8,0,29,0.058
CARD9,0,100,0.2
CARF,0,50,0.1
CARHSP1,0,89,0.178
CARKD,0,59,0.118
CARM1,0,100,0.2
CARNS1,0,34,0.068
C20orf26,0,92,0.184
C20orf24,0,124,0.248
C20orf203,0,66,0.132
BRAP,0,12,0.024
BPI,0,138,0.276
BPIFA1,0,33,0.066
BPIFA2,0,16,0.032
BPIFA3,0,50,0.1
BPIFA4P,0,116,0.232
BPIFB1,0,41,0.082
BPIFB2,0,64,0.128
BPIFB4,0,143,0.286
BPIFB6,0,109,0.218
BPIFB9P,0,76,0.152
BPIFC,0,62,0.124
BPNT1,0,37,0.074
BPTF,0,11,0.022
BRAF,0,15,0.03
BRAT1,0,70,0.14
BPGM,0,188,0.376
BRCA1,0,117,0.234
BRCA2,0,88,0.176
BRCC3,0,40,0.08
BRD1,0,46,0.092
BRD2,0,58,0.116
BRD3,0,52,0.104
BRD4,0,41,0.082
BRD7,0,16,0.032
BRD7P3,0,92,0.184
BRD8,0,51,0.102
BRD9,0,46,0.092
BRDT,0,87,0.174
BRE,0,45,0.09
BREA2,0,98,0.196
BPHL,0,153,0.306
BPESC1,0,131,0.262
BRF2,0,122,0.244
BNC2,0,98,0.196
BMP4,0,47,0.094
BMP5,0,70,0.14
BMP6,0,74,0.148
BMP7,0,37,0.074
BMP8A,0,61,0.122
BMP8B,0,173,0.346
BMPER,0,60,0.12
BMPR1A,0,169,0.338
BMPR1B,0,49,0.098
BMPR2,0,7,0.014
BMS1,0,59,0.118
BMS1P20,0,51,0.102
BMX,0,168,0.336
BNC1,0,58,0.116
BNIP1,0,104,0.208
BORA,0,57,0.114
BNIP2,0,8,0.016
BNIP3,0,39,0.078
BNIP3L,0,105,0.21
BNIPL,0,23,0.046
BOC,0,122,0.244
BOD1,0,19,0.038
BOD1L1,0,23,0.046
BOD1L2,0,108,0.216
BOK,0,77,0.154
BOLA1,0,98,0.196
BOLA2,0,47,0.094
BOLA3,0,69,0.138
BOLL,0,101,0.202
BOP1,0,84,0.168
BRF1,0,118,0.236
BRI3,0,176,0.352
C20orf197,0,131,0.262
BTN1A1,0,73,0.146
BTBD8,0,111,0.222
BTBD9,0,39,0.078
BTC,0,95,0.19
BTD,0,78,0.156
BTF3,0,37,0.074
BTF3L4,0,28,0.056
BTF3P11,0,136,0.272
BTF3P13,0,78,0.156
BTG1,0,63,0.126
BTG2,0,99,0.198
BTG3,0,70,0.14
BTG4,0,173,0.346
BTK,0,28,0.056
BTLA,0,53,0.106
BTN2A1,0,43,0.086
BTBD6,0,130,0.26
BTN2A2,0,24,0.048
BTN2A3P,0,97,0.194
BTN3A1,0,39,0.078
BTN3A2,0,69,0.138
BTN3A3,0,20,0.04
BTNL2,0,111,0.222
BTNL3,0,155,0.31
BTNL8,0,179,0.358
BTNL9,0,51,0.102
BTRC,0,38,0.076
BUB1,0,157,0.314
BUB1B,0,114,0.228
BUB3,0,7,0.014
BUD13,0,16,0.032
BTBD7,0,15,0.03
BTBD3,0,74,0.148
BRI3BP,0,38,0.076
BRSK2,0,65,0.13
BRICD5,0,53,0.106
BRINP1,0,56,0.112
BRINP2,0,198,0.396
BRINP3,0,128,0.256
BRIP1,0,110,0.22
BRIX1,0,25,0.05
BRK1,0,59,0.118
BRMS1,0,79,0.158
BRMS1L,0,45,0.09
BROX,0,7,0.014
BRPF1,0,54,0.108
BRPF3,0,52,0.104
BRS3,0,111,0.222
BRSK1,0,60,0.12
BRWD1,0,5,0.01
BTBD2,0,88,0.176
BRWD3,0,7,0.014
BSCL2,0,138,0.276
BSDC1,0,43,0.086
BSG,0,109,0.218
BSN,0,32,0.064
BSND,0,82,0.164
BSPRY,0,155,0.31
BST1,0,34,0.068
BST2,0,77,0.154
BTAF1,0,22,0.044
BTBD1,0,2,0.004
BTBD10,0,11,0.022
BTBD11,0,63,0.126
BTBD16,0,47,0.094
BMP3,0,104,0.208
BMP2K,0,85,0.17
BMP2,0,116,0.232
BAX,0,60,0.12
BAMBI,0,139,0.278
BANF1,0,85,0.17
BANF2,0,30,0.06
BANK1,0,47,0.094
BANP,0,155,0.31
BAP1,0,42,0.084
BARD1,0,25,0.05
BARHL1,0,95,0.19
BARX1,0,104,0.208
BARX2,0,80,0.16
BASP1,0,101,0.202
BATF,0,110,0.22
BATF2,0,105,0.21
BATF3,0,128,0.256
BAZ1A,0,38,0.076
BAIAP3,0,54,0.108
BAZ1B,0,17,0.034
BAZ2A,0,62,0.124
BBC3,0,67,0.134
BBOX1,0,116,0.232
BBS1,0,91,0.182
BBS10,0,38,0.076
BBS12,0,97,0.194
BBS2,0,47,0.094
BBS4,0,14,0.028
BBS5,0,161,0.322
BBS7,0,46,0.092
BBS9,0,18,0.036
BBX,0,15,0.03
BDH1,0,148,0.296
BAK1,0,64,0.128
BAIAP2L2,0,51,0.102
BMP15,0,27,0.054
BACE2,0,124,0.248
B4GALT1,0,107,0.214
B4GALT2,0,27,0.054
B4GALT3,0,57,0.114
B4GALT4,0,61,0.122
B4GALT5,0,82,0.164
B4GALT6,0,201,0.402
B4GALT7,0,54,0.108
B9D1,0,32,0.064
B9D2,0,149,0.298
BAALC,0,49,0.098
BAALCOS,0,110,0.22
BAAT,0,47,0.094
BABAM1,0,99,0.198
BACE1,0,46,0.092
BACH1,0,43,0.086
BAIAP2L1,0,132,0.264
BACH2,0,65,0.13
BAD,0,79,0.158
BAG1,0,107,0.214
BAG2,0,44,0.088
BAG3,0,99,0.198
BAG4,0,9,0.018
BAG5,0,31,0.062
BAG6,0,94,0.188
BAHCC1,0,63,0.126
BAHD1,0,159,0.318
BAI1,0,16,0.032
BAI2,0,14,0.028
BAI3,0,147,0.294
BAIAP2,0,76,0.152
BDH2,0,52,0.104
BDKRB1,0,74,0.148
BDKRB2,0,53,0.106
BLID,0,134,0.268
BICD1,0,66,0.132
BICD2,0,27,0.054
BID,0,95,0.19
BIK,0,141,0.282
BIN1,0,65,0.13
BIN2,0,40,0.08
BIN3,0,35,0.07
BIRC2,0,9,0.018
BIRC3,0,16,0.032
BIRC5,0,39,0.078
BIRC6,0,38,0.076
BIRC7,0,67,0.134
BIVM,0,45,0.09
BLCAP,0,77,0.154
BLK,0,96,0.192
BDNF,0,132,0.264
BLM,0,32,0.064
BLMH,0,32,0.064
BLNK,0,71,0.142
BLOC1S1,0,88,0.176
BLOC1S2,0,32,0.064
BLOC1S3,0,30,0.06
BLOC1S4,0,117,0.234
BLOC1S6,0,17,0.034
BLVRA,0,39,0.078
BLVRB,0,114,0.228
BLZF1,0,57,0.114
BMF,0,125,0.25
BMP1,0,14,0.028
BMP10,0,125,0.25
BICC1,0,105,0.21
BHMT2,0,127,0.254
BHMT,0,98,0.196
BHLHE41,0,72,0.144
BDP1,0,19,0.038
BEAN1,0,39,0.078
BECN1,0,46,0.092
BEGAIN,0,54,0.108
BEND2,0,119,0.238
BEND3,0,24,0.048
BEND4,0,190,0.38
BEND5,0,127,0.254
BEND6,0,130,0.26
BEND7,0,81,0.162
BEST1,0,87,0.174
BEST2,0,53,0.106
BEST3,0,33,0.066
BEST4,0,54,0.108
BET1,0,24,0.048
BET1L,0,51,0.102
BEX1,0,121,0.242
BEX2,0,88,0.176
BEX4,0,30,0.06
BEX5,0,111,0.222
BFAR,0,16,0.032
BFSP1,0,108,0.216
BFSP2,0,44,0.088
BGLAP,0,45,0.09
BGN,0,40,0.08
BHLHB9,0,91,0.182
BHLHE22,0,68,0.136
BHLHE23,0,85,0.17
BHLHE40,0,54,0.108
BUD31,0,76,0.152
BVES,0,62,0.124
BYSL,0,61,0.122
C19orf68,0,43,0.086
C19orf26,0,46,0.092
C19orf33,0,36,0.072
C19orf40,0,76,0.152
C19orf43,0,51,0.102
C19orf44,0,44,0.088
C19orf45,0,102,0.204
C19orf47,0,61,0.122
C19orf48,0,94,0.188
C19orf52,0,119,0.238
C19orf53,0,57,0.114
C19orf54,0,42,0.084
C19orf57,0,57,0.114
C19orf60,0,93,0.186
C19orf66,0,82,0.164
C19orf70,0,109,0.218
C19orf24,0,106,0.212
C19orf73,0,139,0.278
C19orf80,0,83,0.166
C1D,0,45,0.09
C1GALT1,0,25,0.05
C1GALT1C1,0,16,0.032
C1QA,0,144,0.288
C1QB,0,92,0.184
C1QBP,0,32,0.064
C1QL1,0,137,0.274
C1QTNF1,0,33,0.066
C1QTNF2,0,123,0.246
C1QTNF3,0,95,0.19
C1QTNF4,0,143,0.286
C1QTNF5,0,33,0.066
C19orf25,0,204,0.408
C19orf18,0,127,0.254
C16orf91,0,71,0.142
C17orf74,0,72,0.144
C16orf93,0,108,0.216
C16orf95,0,104,0.208
C17orf104,0,84,0.168
C17orf105,0,128,0.256
C17orf47,0,73,0.146
C17orf49,0,70,0.14
C17orf50,0,73,0.146
C17orf51,0,65,0.13
C17orf53,0,74,0.148
C17orf58,0,84,0.168
C17orf59,0,115,0.23
C17orf62,0,87,0.174
C17orf64,0,90,0.18
C17orf70,0,77,0.154
C17orf75,0,6,0.012
C19orf12,0,109,0.218
C17orf77,0,135,0.27
C17orf78,0,35,0.07
C17orf80,0,8,0.016
C17orf82,0,32,0.064
C17orf85,0,6,0.012
C17orf96,0,52,0.104
C17orf97,0,219,0.438
C17orf99,0,49,0.098
C18orf21,0,22,0.044
C18orf25,0,2,0.004
C18orf32,0,38,0.076
C18orf54,0,97,0.194
C18orf8,0,14,0.028
C19orf10,0,122,0.244
C1QTNF6,0,12,0.024
C1QTNF7,0,47,0.094
C1QTNF9,0,119,0.238
C1orf74,0,97,0.194
C1orf216,0,104,0.208
C1orf220,0,105,0.21
C1orf228,0,76,0.152
C1orf27,0,15,0.03
C1orf35,0,106,0.212
C1orf43,0,36,0.072
C1orf50,0,29,0.058
C1orf52,0,24,0.048
C1orf53,0,141,0.282
C1orf54,0,41,0.082
C1orf56,0,65,0.13
C1orf61,0,94,0.188
C1orf64,0,163,0.326
C1orf68,0,80,0.16
C1orf85,0,119,0.238
C1R,0,62,0.124
C1orf86,0,21,0.042
C1orf87,0,106,0.212
C1orf94,0,70,0.14
C1orf95,0,65,0.13
C2,0,63,0.126
C20orf141,0,79,0.158
C20orf144,0,109,0.218
C20orf166,0,85,0.17
C20orf173,0,40,0.08
C20orf181,0,74,0.148
C20orf187,0,120,0.24
C20orf194,0,86,0.172
C20orf195,0,40,0.08
C20orf196,0,143,0.286
C1orf213,0,25,0.05
C1orf210,0,115,0.23
C1orf21,0,231,0.462
C1orf200,0,46,0.092
C1RL,0,81,0.162
C1S,0,25,0.05
C1orf100,0,112,0.224
C1orf101,0,155,0.31
C1orf105,0,58,0.116
C1orf106,0,39,0.078
C1orf109,0,50,0.1
C1orf110,0,167,0.334
C1orf111,0,86,0.172
C1orf112,0,79,0.158
C1orf115,0,104,0.208
C1orf116,0,49,0.098
C1orf122,0,127,0.254
C1orf123,0,40,0.08
C1orf127,0,128,0.256
C1orf131,0,66,0.132
C1orf145,0,88,0.176
C1orf158,0,81,0.162
C1orf159,0,75,0.15
C1orf162,0,155,0.31
C1orf167,0,55,0.11
C1orf168,0,87,0.174
C1orf174,0,36,0.072
C1orf177,0,83,0.166
C1orf180,0,46,0.092
C1orf186,0,68,0.136
C1orf192,0,109,0.218
C1orf194,0,52,0.104
C1orf198,0,146,0.292
C16orf92,0,84,0.168
C16orf89,0,26,0.052
BZRAP1,0,43,0.086
C11orf74,0,104,0.208
C11orf45,0,97,0.194
C11orf49,0,94,0.188
C11orf52,0,75,0.15
C11orf53,0,106,0.212
C11orf54,0,37,0.074
C11orf57,0,25,0.05
C11orf58,0,15,0.03
C11orf63,0,149,0.298
C11orf65,0,201,0.402
C11orf68,0,73,0.146
C11orf70,0,108,0.216
C11orf71,0,59,0.118
C11orf72,0,51,0.102
C11orf73,0,56,0.112
C11orf80,0,66,0.132
C11orf42,0,171,0.342
C11orf83,0,105,0.21
C11orf84,0,118,0.236
C11orf85,0,211,0.422
C11orf86,0,8,0.016
C11orf87,0,49,0.098
C11orf88,0,89,0.178
C11orf95,0,60,0.12
C11orf96,0,92,0.184
C12orf10,0,64,0.128
C12orf29,0,81,0.162
C12orf4,0,8,0.016
C12orf40,0,78,0.156
C12orf42,0,84,0.168
C12orf43,0,73,0.146
C11orf44,0,101,0.202
C11orf40,0,84,0.168
C16orf87,0,109,0.218
C10orf62,0,104,0.208
BZW2,0,11,0.022
C10orf10,0,62,0.124
C10orf107,0,178,0.356
C10orf11,0,147,0.294
C10orf113,0,79,0.158
C10orf12,0,39,0.078
C10orf126,0,35,0.07
C10orf2,0,118,0.236
C10orf25,0,155,0.31
C10orf32,0,34,0.068
C10orf35,0,77,0.154
C10orf53,0,138,0.276
C10orf54,0,54,0.108
C10orf55,0,65,0.13
C10orf67,0,65,0.13
C11orf31,0,38,0.076
C10orf71,0,81,0.162
C10orf76,0,12,0.024
C10orf82,0,65,0.13
C10orf85,0,33,0.066
C10orf88,0,21,0.042
C10orf90,0,49,0.098
C10orf91,0,91,0.182
C10orf95,0,157,0.314
C10orf99,0,39,0.078
C11orf1,0,88,0.176
C11orf16,0,81,0.162
C11orf21,0,191,0.382
C11orf24,0,20,0.04
C11orf30,0,10,0.02
C12orf45,0,69,0.138
C12orf49,0,62,0.124
C12orf5,0,10,0.02
C16orf13,0,136,0.272
C15orf32,0,65,0.13
C15orf37,0,168,0.336
C15orf39,0,89,0.178
C15orf40,0,15,0.03
C15orf41,0,92,0.184
C15orf43,0,114,0.228
C15orf48,0,132,0.264
C15orf52,0,41,0.082
C15orf54,0,182,0.364
C15orf56,0,84,0.168
C15orf57,0,56,0.112
C15orf59,0,132,0.264
C15orf61,0,95,0.19
C15orf62,0,23,0.046
C16orf3,0,67,0.134
C12orf50,0,199,0.398
C16orf45,0,94,0.188
C16orf46,0,111,0.222
C16orf52,0,31,0.062
C16orf54,0,76,0.152
C16orf58,0,111,0.222
C16orf59,0,101,0.202
C16orf62,0,23,0.046
C16orf70,0,44,0.088
C16orf71,0,21,0.042
C16orf72,0,13,0.026
C16orf78,0,99,0.198
C16orf80,0,27,0.054
C16orf82,0,84,0.168
C16orf86,0,42,0.084
C15orf27,0,56,0.112
C15orf26,0,139,0.278
C14orf93,0,67,0.134
C14orf80,0,45,0.09
C12orf54,0,40,0.08
C12orf55,0,142,0.284
C12orf56,0,115,0.23
C12orf57,0,64,0.128
C12orf60,0,175,0.35
C12orf61,0,74,0.148
C12orf65,0,121,0.242
C12orf66,0,80,0.16
C12orf74,0,91,0.182
C12orf75,0,104,0.208
C12orf76,0,54,0.108
C14orf1,0,60,0.12
C14orf105,0,64,0.128
C14orf119,0,34,0.068
C14orf132,0,40,0.08
C14orf142,0,98,0.196
C14orf159,0,67,0.134
C14orf166,0,18,0.036
C14orf169,0,121,0.242
C14orf178,0,49,0.098
C14orf180,0,60,0.12
C14orf182,0,95,0.19
C14orf183,0,114,0.228
C14orf2,0,53,0.106
C14orf23,0,83,0.166
C14orf28,0,48,0.096
C14orf37,0,33,0.066
C14orf39,0,53,0.106
C14orf79,0,89,0.178
EIF3J,0,3,0.006
EIF3K,0,45,0.09
EIF3L,0,21,0.042
KCNAB2,0,40,0.08
KBTBD3,0,119,0.238
KBTBD4,0,60,0.12
KBTBD7,0,42,0.084
KBTBD8,0,80,0.16
KCMF1,0,25,0.05
KCNA1,0,85,0.17
KCNA10,0,69,0.138
KCNA2,0,84,0.168
KCNA3,0,92,0.184
KCNA4,0,59,0.118
KCNA5,0,104,0.208
KCNA6,0,154,0.308
KCNA7,0,109,0.218
KCNAB1,0,31,0.062
KCNAB3,0,150,0.3
KAZN,0,62,0.124
KCNB1,0,82,0.164
KCNB2,0,101,0.202
KCNC1,0,58,0.116
KCNC2,0,98,0.196
KCNC3,0,64,0.128
KCNC4,0,37,0.074
KCND1,0,51,0.102
KCND2,0,52,0.104
KCND3,0,58,0.116
KCNE1,0,104,0.208
KCNE1L,0,34,0.068
KCNE2,0,31,0.062
KCNE4,0,47,0.094
KCNF1,0,100,0.2
KBTBD12,0,100,0.2
KAZALD1,0,59,0.118
KCNG2,0,143,0.286
KANSL1,0,63,0.126
JSRP1,0,88,0.176
JTB,0,33,0.066
JUN,0,81,0.162
JUNB,0,103,0.206
JUND,0,90,0.18
JUP,0,107,0.214
KAAG1,0,122,0.244
KAL1,0,89,0.178
KALP,0,96,0.192
KALRN,0,37,0.074
KANK1,0,142,0.284
KANK2,0,18,0.036
KANK3,0,61,0.122
KANK4,0,53,0.106
KANSL1L,0,100,0.2
KATNBL1,0,61,0.122
KANSL2,0,13,0.026
KANSL3,0,69,0.138
KARS,0,37,0.074
KAT2A,0,77,0.154
KAT2B,0,51,0.102
KAT5,0,54,0.108
KAT6A,0,32,0.064
KAT6B,0,32,0.064
KAT7,0,39,0.078
KAT8,0,62,0.124
KATNA1,0,19,0.038
KATNAL1,0,52,0.104
KATNAL2,0,109,0.218
KATNB1,0,103,0.206
KCNG1,0,81,0.162
KCNG3,0,72,0.144
KCTD1,0,114,0.228
KCNN3,0,21,0.042
KCNK2,0,61,0.122
KCNK3,0,118,0.236
KCNK4,0,87,0.174
KCNK5,0,91,0.182
KCNK6,0,63,0.126
KCNK7,0,38,0.076
KCNK9,0,150,0.3
KCNMA1,0,40,0.08
KCNMB1,0,141,0.282
KCNMB2,0,75,0.15
KCNMB3,0,132,0.264
KCNMB4,0,111,0.222
KCNN1,0,51,0.102
KCNN2,0,100,0.2
KCNN4,0,163,0.326
KCNK16,0,4,0.008
KCNQ1,0,87,0.174
KCNQ1DN,0,8,0.016
KCNQ2,0,143,0.286
KCNQ3,0,18,0.036
KCNQ4,0,65,0.13
KCNQ5,0,91,0.182
KCNRG,0,56,0.112
KCNS1,0,52,0.104
KCNS2,0,110,0.22
KCNS3,0,11,0.022
KCNT1,0,50,0.1
KCNT2,0,93,0.186
KCNV1,0,77,0.154
KCNV2,0,65,0.13
KCNK17,0,45,0.09
KCNK15,0,124,0.248
KCNG4,0,27,0.054
KCNJ11,0,130,0.26
KCNH1,0,47,0.094
KCNH2,0,26,0.052
KCNH3,0,52,0.104
KCNH4,0,80,0.16
KCNH5,0,56,0.112
KCNH6,0,48,0.096
KCNH7,0,114,0.228
KCNH8,0,111,0.222
KCNIP1,0,107,0.214
KCNIP2,0,75,0.15
KCNIP3,0,32,0.064
KCNIP4,0,77,0.154
KCNJ1,0,82,0.164
KCNJ10,0,45,0.09
KCNJ12,0,43,0.086
KCNK13,0,106,0.212
KCNJ13,0,117,0.234
KCNJ14,0,137,0.274
KCNJ15,0,107,0.214
KCNJ16,0,47,0.094
KCNJ2,0,73,0.146
KCNJ3,0,105,0.21
KCNJ4,0,132,0.264
KCNJ5,0,18,0.036
KCNJ6,0,49,0.098
KCNJ8,0,59,0.118
KCNJ9,0,122,0.244
KCNK1,0,82,0.164
KCNK10,0,64,0.128
KCNK12,0,100,0.2
JRK,0,116,0.232
JPH3,0,79,0.158
JPH2,0,6,0.012
ITGA11,0,48,0.096
ISLR2,0,92,0.184
ISM1,0,114,0.228
ISM2,0,43,0.086
ISOC1,0,37,0.074
ISOC2,0,85,0.17
IST1,0,9,0.018
ISX,0,43,0.086
ISY1,0,16,0.032
ISYNA1,0,132,0.264
ITCH,0,17,0.034
ITFG1,0,4,0.008
ITFG2,0,34,0.068
ITFG3,0,71,0.142
ITGA10,0,57,0.114
ITGA2,0,64,0.128
ISL2,0,96,0.192
ITGA2B,0,170,0.34
ITGA3,0,71,0.142
ITGA4,0,20,0.04
ITGA5,0,80,0.16
ITGA6,0,79,0.158
ITGA7,0,21,0.042
ITGA8,0,86,0.172
ITGA9,0,77,0.154
ITGAD,0,96,0.192
ITGAE,0,173,0.346
ITGAL,0,59,0.118
ITGAM,0,68,0.136
ITGAV,0,13,0.026
ITGAX,0,87,0.174
ISLR,0,29,0.058
ISL1,0,26,0.052
JPH1,0,95,0.19
IRG1,0,80,0.16
IRAK4,0,35,0.07
IREB2,0,9,0.018
IRF1,0,43,0.086
IRF2,0,55,0.11
IRF2BP1,0,110,0.22
IRF2BP2,0,53,0.106
IRF2BPL,0,84,0.168
IRF3,0,115,0.23
IRF4,0,138,0.276
IRF5,0,116,0.232
IRF6,0,50,0.1
IRF7,0,110,0.22
IRF8,0,39,0.078
IRF9,0,62,0.124
IRGC,0,51,0.102
ISG20L2,0,77,0.154
IRGQ,0,89,0.178
IRS1,0,138,0.276
IRS2,0,104,0.208
IRS4,0,55,0.11
IRX1,0,51,0.102
IRX2,0,74,0.148
IRX3,0,70,0.14
IRX4,0,120,0.24
IRX5,0,66,0.132
ISCA1,0,141,0.282
ISCA2,0,61,0.122
ISCU,0,43,0.086
ISG15,0,163,0.326
ISG20,0,34,0.068
ITGB1,0,40,0.08
ITGB1BP1,0,26,0.052
ITGB1BP2,0,23,0.046
JAKMIP2,0,157,0.314
IWS1,0,28,0.056
IYD,0,86,0.172
IZUMO1,0,48,0.096
IZUMO2,0,117,0.234
IZUMO4,0,71,0.142
JADE1,0,39,0.078
JADE2,0,51,0.102
JADE3,0,65,0.13
JAG1,0,63,0.126
JAG2,0,9,0.018
JAGN1,0,24,0.048
JAK1,0,40,0.08
JAK3,0,121,0.242
JAKMIP1,0,123,0.246
JAKMIP3,0,53,0.106
ITGB3,0,191,0.382
JAM2,0,122,0.244
JAM3,0,147,0.294
JARID2,0,55,0.11
JAZF1,0,132,0.264
JDP2,0,157,0.314
JKAMP,0,1,0.002
JMJD1C,0,67,0.134
JMJD4,0,117,0.234
JMJD6,0,83,0.166
JMJD7,0,73,0.146
JMJD8,0,55,0.11
JMY,0,19,0.038
JOSD1,0,13,0.026
JOSD2,0,102,0.204
IVL,0,122,0.244
IVD,0,52,0.104
ITSN2,0,28,0.056
ITSN1,0,137,0.274
ITGB3BP,0,45,0.09
ITGB4,0,59,0.118
ITGB5,0,105,0.21
ITGB6,0,64,0.128
ITGB7,0,49,0.098
ITGB8,0,95,0.19
ITGBL1,0,43,0.086
ITIH1,0,67,0.134
ITIH2,0,125,0.25
ITIH3,0,50,0.1
ITIH4,0,77,0.154
ITIH5,0,49,0.098
ITIH6,0,18,0.036
ITK,0,43,0.086
ITLN1,0,160,0.32
ITM2A,0,97,0.194
ITM2B,0,28,0.056
ITM2C,0,195,0.39
ITPA,0,31,0.062
ITPK1,0,96,0.192
ITPKA,0,122,0.244
ITPKB,0,23,0.046
ITPKC,0,97,0.194
ITPR1,0,21,0.042
ITPR2,0,19,0.038
ITPR3,0,49,0.098
ITPRIP,0,38,0.076
ITPRIPL1,0,70,0.14
ITPRIPL2,0,123,0.246
KCP,0,9,0.018
KCTD10,0,37,0.074
IRAK2,0,92,0.184
KIR2DS2,0,143,0.286
KIF5A,0,30,0.06
KIF5C,0,115,0.23
KIF6,0,180,0.36
KIF7,0,58,0.116
KIF9,0,111,0.222
KIFAP3,0,35,0.07
KIFC1,0,48,0.096
KIFC2,0,50,0.1
KIFC3,0,46,0.092
KIN,0,20,0.04
KIR2DL1,0,191,0.382
KIR2DL4,0,147,0.294
KIR2DL5A,0,105,0.21
KIR2DS1,0,153,0.306
KIR2DS4,0,166,0.332
KIF3C,0,100,0.2
KIR2DS5,0,120,0.24
KIR3DL3,0,171,0.342
KIR3DS1,0,139,0.278
KIR3DX1,0,113,0.226
KIRREL,0,35,0.07
KIRREL2,0,66,0.132
KIRREL3,0,32,0.064
KISS1,0,127,0.254
KISS1R,0,55,0.11
KIT,0,126,0.252
KITLG,0,132,0.264
KIZ,0,8,0.016
KL,0,84,0.168
KLB,0,101,0.202
KIF4A,0,158,0.316
KIF3B,0,92,0.184
KLC2,0,55,0.11
KIF1B,0,72,0.144
KIAA2022,0,166,0.332
KIAA2026,0,62,0.124
KIF11,0,151,0.302
KIF12,0,81,0.162
KIF13A,0,60,0.12
KIF13B,0,97,0.194
KIF14,0,132,0.264
KIF15,0,137,0.274
KIF16B,0,74,0.148
KIF17,0,60,0.12
KIF18A,0,118,0.236
KIF18B,0,41,0.082
KIF19,0,25,0.05
KIF1A,0,62,0.124
KIF1C,0,104,0.208
KIF3A,0,47,0.094
KIF20A,0,82,0.164
KIF20B,0,57,0.114
KIF21A,0,175,0.35
KIF21B,0,38,0.076
KIF22,0,23,0.046
KIF23,0,135,0.27
KIF24,0,147,0.294
KIF25,0,44,0.088
KIF26A,0,28,0.056
KIF26B,0,41,0.082
KIF27,0,129,0.258
KIF2A,0,58,0.116
KIF2B,0,42,0.084
KIF2C,0,132,0.264
KLC1,0,55,0.11
KLC3,0,10,0.02
KCTD11,0,23,0.046
KLHL34,0,138,0.276
KLHL17,0,146,0.292
KLHL18,0,77,0.154
KLHL2,0,64,0.128
KLHL20,0,13,0.026
KLHL21,0,71,0.142
KLHL22,0,41,0.082
KLHL24,0,68,0.136
KLHL25,0,17,0.034
KLHL26,0,38,0.076
KLHL28,0,19,0.038
KLHL29,0,86,0.172
KLHL3,0,77,0.154
KLHL31,0,121,0.242
KLHL32,0,133,0.266
KLHL35,0,8,0.016
KLHL14,0,181,0.362
KLHL36,0,31,0.062
KLHL4,0,100,0.2
KLHL40,0,92,0.184
KLHL41,0,86,0.172
KLHL42,0,49,0.098
KLHL5,0,17,0.034
KLHL6,0,31,0.062
KLHL7,0,14,0.028
KLHL9,0,31,0.062
KLK1,0,53,0.106
KLK10,0,37,0.074
KLK11,0,20,0.04
KLK12,0,25,0.05
KLK13,0,61,0.122
KLHL15,0,8,0.016
KLHL13,0,103,0.206
KLC4,0,106,0.212
KLF7,0,63,0.126
KLF1,0,66,0.132
KLF10,0,89,0.178
KLF11,0,134,0.268
KLF12,0,34,0.068
KLF13,0,48,0.096
KLF14,0,36,0.072
KLF15,0,58,0.116
KLF16,0,121,0.242
KLF17,0,145,0.29
KLF2,0,61,0.122
KLF3,0,57,0.114
KLF4,0,65,0.13
KLF5,0,95,0.19
KLF6,0,66,0.132
KLF8,0,141,0.282
KLHL12,0,41,0.082
KLF9,0,113,0.226
KLHDC1,0,22,0.044
KLHDC10,0,14,0.028
KLHDC2,0,16,0.032
KLHDC3,0,79,0.158
KLHDC4,0,49,0.098
KLHDC7A,0,110,0.22
KLHDC7B,0,92,0.184
KLHDC8A,0,64,0.128
KLHDC8B,0,97,0.194
KLHDC9,0,101,0.202
KLHL1,0,110,0.22
KLHL10,0,84,0.168
KLHL11,0,48,0.096
KIAA2018,0,40,0.08
KIAA2013,0,78,0.156
KIAA1958,0,95,0.19
KHDRBS1,0,16,0.032
KDM5C,0,62,0.124
KDM5D,0,93,0.186
KDM6A,0,30,0.06
KDM6B,0,49,0.098
KDM7A,0,8,0.016
KDM8,0,112,0.224
KDR,0,33,0.066
KDSR,0,58,0.116
KEAP1,0,34,0.068
KEL,0,82,0.164
KERA,0,59,0.118
KGFLP2,0,161,0.322
KHDC1L,0,82,0.164
KHDC3L,0,68,0.136
KHDRBS2,0,104,0.208
KDM5A,0,44,0.088
KHDRBS3,0,68,0.136
KHK,0,91,0.182
KHNYN,0,125,0.25
KHSRP,0,91,0.182
KIAA0020,0,5,0.01
KIAA0040,0,42,0.084
KIAA0087,0,62,0.124
KIAA0100,0,24,0.048
KIAA0101,0,130,0.26
KIAA0125,0,133,0.266
KIAA0141,0,55,0.11
KIAA0195,0,104,0.208
KIAA0196,0,1,0.002
KIAA0226,0,37,0.074
KDM5B,0,35,0.07
KDM4D,0,90,0.18
KIAA1919,0,20,0.04
KCTD7,0,23,0.046
KCTD12,0,84,0.168
KCTD13,0,47,0.094
KCTD15,0,72,0.144
KCTD16,0,48,0.096
KCTD17,0,18,0.036
KCTD18,0,24,0.048
KCTD19,0,31,0.062
KCTD2,0,44,0.088
KCTD20,0,43,0.086
KCTD21,0,101,0.202
KCTD3,0,31,0.062
KCTD4,0,45,0.09
KCTD5,0,57,0.114
KCTD6,0,57,0.114
KCTD9,0,72,0.144
KDM4C,0,15,0.03
KDELC1,0,145,0.29
KDELC2,0,67,0.134
KDELR1,0,98,0.196
KDELR2,0,63,0.126
KDELR3,0,58,0.116
KDF1,0,37,0.074
KDM1A,0,13,0.026
KDM1B,0,39,0.078
KDM2A,0,21,0.042
KDM2B,0,25,0.05
KDM3A,0,27,0.054
KDM3B,0,14,0.028
KDM4A,0,56,0.112
KDM4B,0,84,0.168
KIAA0226L,0,52,0.104
KIAA0232,0,18,0.036
KIAA0247,0,57,0.114
KIAA1549L,0,18,0.036
KIAA1324L,0,159,0.318
KIAA1328,0,77,0.154
KIAA1377,0,69,0.138
KIAA1407,0,58,0.116
KIAA1429,0,9,0.018
KIAA1430,0,48,0.096
KIAA1432,0,8,0.016
KIAA1456,0,135,0.27
KIAA1462,0,66,0.132
KIAA1467,0,81,0.162
KIAA1468,0,12,0.024
KIAA1522,0,38,0.076
KIAA1524,0,86,0.172
KIAA1549,0,57,0.114
KIAA1551,0,84,0.168
KIAA0319,0,125,0.25
KIAA1586,0,52,0.104
KIAA1598,0,136,0.272
KIAA1614,0,99,0.198
KIAA1644,0,61,0.122
KIAA1656,0,59,0.118
KIAA1671,0,78,0.156
KIAA1683,0,53,0.106
KIAA1715,0,6,0.012
KIAA1731,0,43,0.086
KIAA1751,0,14,0.028
KIAA1755,0,13,0.026
KIAA1804,0,157,0.314
KIAA1841,0,83,0.166
KIAA1875,0,65,0.13
KIAA1324,0,69,0.138
KIAA1279,0,39,0.078
KIAA1257,0,64,0.128
KIAA1244,0,55,0.11
KIAA0319L,0,47,0.094
KIAA0355,0,42,0.084
KIAA0368,0,6,0.012
KIAA0391,0,53,0.106
KIAA0408,0,46,0.092
KIAA0430,0,56,0.112
KIAA0513,0,42,0.084
KIAA0556,0,43,0.086
KIAA0586,0,8,0.016
KIAA0753,0,28,0.056
KIAA0825,0,56,0.112
KIAA0895,0,79,0.158
KIAA0895L,0,140,0.28
KIAA0907,0,12,0.024
KIAA0922,0,25,0.05
KIAA0930,0,32,0.064
KIAA1024,0,197,0.394
KIAA1033,0,35,0.07
KIAA1045,0,22,0.044
KIAA1107,0,87,0.174
KIAA1109,0,73,0.146
KIAA1143,0,46,0.092
KIAA1147,0,25,0.05
KIAA1161,0,122,0.244
KIAA1191,0,16,0.032
KIAA1210,0,253,0.506
KIAA1211,0,138,0.276
KIAA1211L,0,130,0.26
KIAA1217,0,49,0.098
IRAK3,0,41,0.082
IRAK1BP1,0,32,0.064
HNRNPC,0,24,0.048
HUNK,0,118,0.236
HTR2C,0,179,0.358
HTR3A,0,35,0.07
HTR3B,0,42,0.084
HTR3C,0,45,0.09
HTR4,0,0,0.0
HTR5A,0,31,0.062
HTR6,0,62,0.124
HTR7,0,156,0.312
HTR7P1,0,73,0.146
HTRA1,0,37,0.074
HTRA2,0,109,0.218
HTRA3,0,98,0.196
HTRA4,0,78,0.156
HTT,0,89,0.178
HUS1,0,27,0.054
HTR2A,0,82,0.164
HUS1B,0,176,0.352
HUWE1,0,109,0.218
HVCN1,0,89,0.178
HYAL1,0,85,0.17
HYAL2,0,124,0.248
HYAL4,0,197,0.394
HYDIN,0,7,0.014
HYI,0,71,0.142
HYKK,0,119,0.238
HYLS1,0,39,0.078
HYOU1,0,51,0.102
HYPK,0,75,0.15
HYPM,0,69,0.138
IAH1,0,38,0.076
HTR2B,0,39,0.078
HTR1F,0,60,0.12
IARS,0,27,0.054
HSPB6,0,130,0.26
HSPA14,0,21,0.042
HSPA1A,0,112,0.224
HSPA1L,0,98,0.196
HSPA2,0,36,0.072
HSPA4,0,18,0.036
HSPA4L,0,82,0.164
HSPA5,0,37,0.074
HSPA6,0,112,0.224
HSPA8,0,42,0.084
HSPA9,0,22,0.044
HSPB1,0,114,0.228
HSPB11,0,9,0.018
HSPB2,0,72,0.144
HSPB3,0,98,0.196
HSPB7,0,128,0.256
HTR1E,0,75,0.15
HSPB8,0,98,0.196
HSPB9,0,128,0.256
HSPBAP1,0,64,0.128
HSPBP1,0,58,0.116
HSPD1,0,54,0.108
HSPE1,0,28,0.056
HSPH1,0,20,0.04
HTATIP2,0,32,0.064
HTATSF1,0,35,0.07
HTN1,0,28,0.056
HTN3,0,136,0.272
HTR1A,0,30,0.06
HTR1B,0,51,0.102
HTR1D,0,45,0.09
IAPP,0,119,0.238
IARS2,0,10,0.02
IFNA8,0,65,0.13
IFIH1,0,88,0.176
IER3IP1,0,14,0.028
IER5,0,56,0.112
IER5L,0,51,0.102
IFFO1,0,50,0.1
IFFO2,0,104,0.208
IFI16,0,77,0.154
IFI27,0,174,0.348
IFI27L1,0,40,0.08
IFI27L2,0,81,0.162
IFI30,0,111,0.222
IFI35,0,108,0.216
IFI44,0,148,0.296
IFI44L,0,133,0.266
IFI6,0,123,0.246
IFIT1,0,125,0.25
IER2,0,98,0.196
IFIT2,0,116,0.232
IFIT3,0,145,0.29
IFIT5,0,66,0.132
IFITM1,0,93,0.186
IFITM10,0,44,0.088
IFITM2,0,114,0.228
IFITM3,0,104,0.208
IFNA10,0,152,0.304
IFNA14,0,65,0.13
IFNA16,0,173,0.346
IFNA17,0,37,0.074
IFNA2,0,142,0.284
IFNA21,0,70,0.14
IFNA4,0,59,0.118
IER3,0,104,0.208
IDUA,0,70,0.14
IBA57,0,148,0.296
ICOSLG,0,165,0.33
IBSP,0,24,0.048
IBTK,0,15,0.03
ICA1,0,113,0.226
ICA1L,0,112,0.224
ICAM1,0,110,0.22
ICAM2,0,35,0.07
ICAM3,0,93,0.186
ICAM4,0,140,0.28
ICAM5,0,83,0.166
ICE1,0,6,0.012
ICE2,0,5,0.01
ICK,0,24,0.048
ICMT,0,69,0.138
ICOS,0,59,0.118
ICT1,0,42,0.084
IDS,0,44,0.088
ID1,0,79,0.158
ID2,0,59,0.118
ID3,0,91,0.182
ID4,0,81,0.162
IDE,0,18,0.036
IDH1,0,19,0.038
IDH2,0,47,0.094
IDH3A,0,21,0.042
IDH3B,0,31,0.062
IDH3G,0,58,0.116
IDI2,0,186,0.372
IDNK,0,83,0.166
IDO1,0,160,0.32
IDO2,0,150,0.3
HSPA13,0,22,0.044
HSPA12B,0,109,0.218
HSPA12A,0,173,0.346
HOXD11,0,101,0.202
HOXB6,0,76,0.152
HOXB7,0,116,0.232
HOXB8,0,105,0.21
HOXB9,0,102,0.204
HOXC10,0,38,0.076
HOXC11,0,26,0.052
HOXC12,0,94,0.188
HOXC13,0,107,0.214
HOXC5,0,152,0.304
HOXC6,0,15,0.03
HOXC8,0,36,0.072
HOXC9,0,187,0.374
HOXD1,0,124,0.248
HOXD10,0,60,0.12
HOXD12,0,115,0.23
HOXB4,0,68,0.136
HOXD13,0,141,0.282
HOXD3,0,85,0.17
HOXD4,0,161,0.322
HOXD8,0,94,0.188
HOXD9,0,55,0.11
HP,0,121,0.242
HP1BP3,0,10,0.02
HPCA,0,65,0.13
HPCAL1,0,69,0.138
HPCAL4,0,171,0.342
HPD,0,87,0.174
HPDL,0,158,0.316
HPGD,0,108,0.216
HPGDS,0,44,0.088
HOXB5,0,58,0.116
HOXB3,0,75,0.15
HSP90B1,0,83,0.166
HOOK2,0,57,0.114
HNRNPD,0,29,0.058
HNRNPDL,0,20,0.04
HNRNPK,0,100,0.2
HNRNPL,0,70,0.14
HNRNPLL,0,14,0.028
HNRNPM,0,29,0.058
HNRNPR,0,16,0.032
HNRNPUL1,0,35,0.07
HNRNPUL2,0,14,0.028
HOGA1,0,61,0.122
HOMER1,0,108,0.216
HOMER2,0,149,0.298
HOMER3,0,129,0.258
HOOK1,0,62,0.124
HOOK3,0,15,0.03
HOXB2,0,108,0.216
HOPX,0,91,0.182
HORMAD1,0,74,0.148
HORMAD2,0,92,0.184
HOXA10,0,158,0.316
HOXA11,0,35,0.07
HOXA13,0,64,0.128
HOXA2,0,79,0.158
HOXA3,0,102,0.204
HOXA4,0,63,0.126
HOXA5,0,36,0.072
HOXA6,0,64,0.128
HOXA7,0,76,0.152
HOXB1,0,92,0.184
HOXB13,0,119,0.238
HPN,0,65,0.13
HPR,0,74,0.148
HPRT1,0,9,0.018
HSD17B8,0,100,0.2
HSBP1,0,21,0.042
HSCB,0,63,0.126
HSD11B1,0,122,0.244
HSD11B1L,0,70,0.14
HSD11B2,0,96,0.192
HSD17B1,0,76,0.152
HSD17B10,0,33,0.066
HSD17B12,0,17,0.034
HSD17B14,0,109,0.218
HSD17B2,0,98,0.196
HSD17B3,0,90,0.18
HSD17B4,0,23,0.046
HSD17B6,0,35,0.07
HSD17B7P2,0,46,0.092
HSD3B1,0,26,0.052
HPS1,0,83,0.166
HSD3B2,0,63,0.126
HSD3B7,0,35,0.07
HSD3BP1,0,104,0.208
HSDL1,0,38,0.076
HSDL2,0,50,0.1
HSF1,0,103,0.206
HSF2,0,29,0.058
HSF2BP,0,106,0.212
HSF4,0,60,0.12
HSF5,0,112,0.224
HSFY1,0,157,0.314
HSH2D,0,61,0.122
HSP90AA1,0,27,0.054
HSP90AB1,0,49,0.098
HS6ST3,0,68,0.136
HS6ST2,0,124,0.248
HS6ST1,0,119,0.238
HS3ST6,0,85,0.17
HPS3,0,12,0.024
HPS4,0,62,0.124
HPS5,0,13,0.026
HPS6,0,147,0.294
HPSE,0,128,0.256
HPSE2,0,13,0.026
HPX,0,64,0.128
HR,0,21,0.042
HRAS,0,130,0.26
HRASLS,0,92,0.184
HRASLS2,0,166,0.332
HRASLS5,0,92,0.184
HRC,0,102,0.204
HRCT1,0,85,0.17
HRG,0,77,0.154
HRH1,0,63,0.126
HRH2,0,97,0.194
HRH3,0,113,0.226
HRH4,0,182,0.364
HRK,0,48,0.096
HRSP12,0,99,0.198
HS1BP3,0,115,0.23
HS2ST1,0,4,0.008
HS3ST1,0,138,0.276
HS3ST2,0,60,0.12
HS3ST3A1,0,141,0.282
HS3ST3B1,0,67,0.134
HS3ST4,0,65,0.13
HS3ST5,0,26,0.052
IFNA5,0,117,0.234
IFNAR1,0,7,0.014
IRAK1,0,127,0.254
ING1,0,77,0.154
IMP4,0,36,0.072
IMPA1,0,13,0.026
IMPA2,0,105,0.21
IMPACT,0,39,0.078
IMPAD1,0,29,0.058
IMPDH1,0,90,0.18
IMPDH2,0,78,0.156
IMPG1,0,114,0.228
IMPG2,0,174,0.348
INA,0,146,0.292
INADL,0,69,0.138
INCENP,0,180,0.36
INE1,0,94,0.188
INF2,0,88,0.176
ING2,0,92,0.184
IMMT,0,9,0.018
ING3,0,25,0.05
ING4,0,12,0.024
ING5,0,103,0.206
INGX,0,82,0.164
INHA,0,95,0.19
INHBA,0,35,0.07
INHBB,0,54,0.108
INHBC,0,50,0.1
INHBE,0,77,0.154
INIP,0,46,0.092
INMT,0,103,0.206
INO80,0,4,0.008
INO80B,0,66,0.132
INO80C,0,34,0.068
IMP3,0,60,0.12
IMMP2L,0,49,0.098
INO80E,0,99,0.198
IL5,0,165,0.33
IL3,0,73,0.146
IL31RA,0,78,0.156
IL32,0,72,0.144
IL33,0,105,0.21
IL34,0,15,0.03
IL36A,0,95,0.19
IL36B,0,46,0.092
IL36G,0,73,0.146
IL36RN,0,23,0.046
IL37,0,34,0.068
IL3RA,0,146,0.292
IL4,0,99,0.198
IL4I1,0,127,0.254
IL4R,0,120,0.24
IL5RA,0,160,0.32
IMMP1L,0,39,0.078
IL6,0,138,0.276
IL6R,0,48,0.096
IL6ST,0,22,0.044
IL7,0,63,0.126
IL7R,0,136,0.272
IL9,0,43,0.086
IL9R,0,31,0.062
ILDR1,0,38,0.076
ILDR2,0,17,0.034
ILF2,0,65,0.13
ILF3,0,13,0.026
ILK,0,57,0.114
ILKAP,0,10,0.02
ILVBL,0,61,0.122
INO80D,0,28,0.056
INPP1,0,48,0.096
IFNAR2,0,26,0.052
IQCB1,0,20,0.04
IP6K2,0,24,0.048
IP6K3,0,73,0.146
IPCEF1,0,67,0.134
IPMK,0,45,0.09
IPO11,0,13,0.026
IPO13,0,59,0.118
IPO4,0,32,0.064
IPO5,0,8,0.016
IPO7,0,9,0.018
IPO8,0,1,0.002
IPO9,0,42,0.084
IPP,0,10,0.02
IPPK,0,73,0.146
IQCA1,0,109,0.218
IQCC,0,59,0.118
INVS,0,25,0.05
IQCD,0,36,0.072
IQCE,0,35,0.07
IQCF1,0,146,0.292
IQCF2,0,156,0.312
IQCG,0,129,0.258
IQCH,0,43,0.086
IQCK,0,84,0.168
IQGAP1,0,56,0.112
IQGAP2,0,30,0.06
IQGAP3,0,94,0.188
IQSEC1,0,42,0.084
IQSEC2,0,17,0.034
IQSEC3,0,24,0.048
IQUB,0,237,0.474
IP6K1,0,31,0.062
INTU,0,88,0.176
INPP4A,0,7,0.014
INSL5,0,99,0.198
INPP4B,0,37,0.074
INPP5A,0,110,0.22
INPP5B,0,72,0.144
INPP5D,0,58,0.116
INPP5E,0,76,0.152
INPP5F,0,43,0.086
INPP5J,0,22,0.044
INPP5K,0,69,0.138
INPPL1,0,49,0.098
INS,0,46,0.092
INSC,0,109,0.218
INSIG1,0,31,0.062
INSL3,0,39,0.078
INSL4,0,40,0.08
INSL6,0,57,0.114
INTS9,0,22,0.044
INSM1,0,159,0.318
INSM2,0,79,0.158
INSR,0,112,0.224
INSRR,0,43,0.086
INTS1,0,175,0.35
INTS10,0,5,0.01
INTS12,0,21,0.042
INTS2,0,30,0.06
INTS3,0,48,0.096
INTS4,0,58,0.116
INTS5,0,70,0.14
INTS6,0,57,0.114
INTS7,0,10,0.02
INTS8,0,10,0.02
IL2RG,0,65,0.13
IL2RB,0,126,0.252
IL2RA,0,111,0.222
IGKC,0,219,0.438
IGFBP1,0,68,0.136
IGFBP2,0,53,0.106
IGFBP3,0,68,0.136
IGFBP4,0,33,0.066
IGFBP5,0,68,0.136
IGFBP6,0,59,0.118
IGFBP7,0,153,0.306
IGFBPL1,0,68,0.136
IGFL1,0,39,0.078
IGFL2,0,72,0.144
IGFLR1,0,140,0.28
IGFN1,0,41,0.082
IGHMBP2,0,138,0.276
IGJ,0,166,0.332
IGLL1,0,83,0.166
IGF2BP3,0,105,0.21
IGLL3P,0,103,0.206
IGLON5,0,68,0.136
IGSF1,0,48,0.096
IGSF10,0,105,0.21
IGSF11,0,46,0.092
IGSF21,0,30,0.06
IGSF22,0,79,0.158
IGSF3,0,21,0.042
IGSF5,0,15,0.03
IGSF6,0,88,0.176
IGSF8,0,41,0.082
IGSF9,0,58,0.116
IGSF9B,0,74,0.148
IHH,0,81,0.162
IGFALS,0,58,0.116
IGF2BP2,0,115,0.23
IL27RA,0,64,0.128
IFT20,0,33,0.066
IFNB1,0,83,0.166
IFNE,0,123,0.246
IFNG,0,116,0.232
IFNGR1,0,30,0.06
IFNGR2,0,141,0.282
IFNK,0,56,0.112
IFNL1,0,57,0.114
IFNL2,0,82,0.164
IFNLR1,0,49,0.098
IFNW1,0,75,0.15
IFRD2,0,113,0.226
IFT122,0,82,0.164
IFT140,0,51,0.102
IFT172,0,158,0.316
IFT22,0,161,0.322
IGF2BP1,0,7,0.014
IFT27,0,77,0.154
IFT43,0,133,0.266
IFT46,0,101,0.202
IFT52,0,70,0.14
IFT57,0,16,0.032
IFT74,0,23,0.046
IFT80,0,14,0.028
IFT81,0,136,0.272
IFT88,0,49,0.098
IGBP1,0,20,0.04
IGDCC3,0,47,0.094
IGDCC4,0,45,0.09
IGF1,0,45,0.09
IGF1R,0,51,0.102
IK,0,76,0.152
IKBIP,0,88,0.176
IKBKAP,0,54,0.108
IL1RN,0,122,0.244
IL18BP,0,59,0.118
IL18R1,0,47,0.094
IL18RAP,0,79,0.158
IL19,0,84,0.168
IL1A,0,77,0.154
IL1B,0,70,0.14
IL1F10,0,59,0.118
IL1R1,0,67,0.134
IL1R2,0,105,0.21
IL1RAP,0,30,0.06
IL1RAPL1,0,73,0.146
IL1RAPL2,0,87,0.174
IL1RL1,0,133,0.266
IL1RL2,0,73,0.146
IL2,0,131,0.262
IKBKB,0,21,0.042
IL20,0,95,0.19
IL20RA,0,44,0.088
IL20RB,0,82,0.164
IL21,0,90,0.18
IL21R,0,38,0.076
IL22,0,44,0.088
IL22RA1,0,52,0.104
IL22RA2,0,92,0.184
IL23A,0,90,0.18
IL23R,0,212,0.424
IL24,0,166,0.332
IL25,0,57,0.114
IL26,0,137,0.274
IL27,0,29,0.058
IL18,0,60,0.12
IL17RE,0,144,0.288
IL17RD,0,123,0.246
IL17RC,0,22,0.044
IKBKE,0,47,0.094
IKBKG,0,95,0.19
IKZF1,0,42,0.084
IKZF2,0,16,0.032
IKZF3,0,25,0.05
IKZF4,0,81,0.162
IKZF5,0,45,0.09
IL10,0,70,0.14
IL10RA,0,37,0.074
IL10RB,0,57,0.114
IL11,0,17,0.034
IL11RA,0,53,0.106
IL12A,0,137,0.274
IL12B,0,73,0.146
IL12RB1,0,64,0.128
IL12RB2,0,168,0.336
IL13,0,138,0.276
IL13RA1,0,71,0.142
IL13RA2,0,97,0.194
IL15,0,165,0.33
IL15RA,0,129,0.258
IL16,0,49,0.098
IL17A,0,15,0.03
IL17B,0,64,0.128
IL17C,0,10,0.02
IL17D,0,62,0.124
IL17F,0,46,0.092
IL17RA,0,58,0.116
IL17RB,0,73,0.146
KLK14,0,60,0.12
KLK15,0,21,0.042
KLK2,0,15,0.03
LRRC3B,0,106,0.212
LRRC28,0,48,0.096
LRRC29,0,64,0.128
LRRC3,0,101,0.202
LRRC31,0,113,0.226
LRRC32,0,45,0.09
LRRC34,0,172,0.344
LRRC36,0,37,0.074
LRRC37A16P,0,162,0.324
LRRC37A2,0,101,0.202
LRRC37A4P,0,167,0.334
LRRC37A5P,0,38,0.076
LRRC37BP1,0,71,0.142
LRRC38,0,122,0.244
LRRC39,0,81,0.162
LRRC4,0,96,0.192
LRRC25,0,58,0.116
LRRC40,0,36,0.072
LRRC41,0,77,0.154
LRRC42,0,97,0.194
LRRC43,0,61,0.122
LRRC45,0,107,0.214
LRRC46,0,72,0.144
LRRC47,0,88,0.176
LRRC48,0,110,0.22
LRRC49,0,35,0.07
LRRC4B,0,102,0.204
LRRC4C,0,70,0.14
LRRC52,0,57,0.114
LRRC55,0,96,0.192
LRRC56,0,170,0.34
LRRC27,0,25,0.05
LRRC23,0,90,0.18
LRRC58,0,22,0.044
LRP5,0,70,0.14
LRIG1,0,101,0.202
LRIG2,0,15,0.03
LRIG3,0,92,0.184
LRIT1,0,86,0.172
LRMP,0,19,0.038
LRP1,0,124,0.248
LRP10,0,65,0.13
LRP11,0,54,0.108
LRP12,0,111,0.222
LRP1B,0,75,0.15
LRP2,0,40,0.08
LRP2BP,0,125,0.25
LRP3,0,43,0.086
LRP4,0,63,0.126
LRP5L,0,50,0.1
LRRC20,0,79,0.158
LRP6,0,60,0.12
LRP8,0,66,0.132
LRPAP1,0,84,0.168
LRPPRC,0,20,0.04
LRR1,0,75,0.15
LRRC1,0,115,0.23
LRRC14,0,128,0.256
LRRC15,0,122,0.244
LRRC16A,0,77,0.154
LRRC16B,0,7,0.014
LRRC17,0,96,0.192
LRRC18,0,127,0.254
LRRC19,0,122,0.244
LRRC2,0,62,0.124
LRRC57,0,32,0.064
LRRC59,0,110,0.22
LTF,0,199,0.398
LSM8,0,16,0.032
LSAMP,0,92,0.184
LSG1,0,41,0.082
LSM1,0,32,0.064
LSM10,0,42,0.084
LSM11,0,97,0.194
LSM12,0,63,0.126
LSM14A,0,20,0.04
LSM14B,0,116,0.232
LSM2,0,35,0.07
LSM3,0,55,0.11
LSM4,0,74,0.148
LSM5,0,29,0.058
LSM6,0,32,0.064
LSM7,0,52,0.104
LSMEM1,0,109,0.218
LRTOMT,0,103,0.206
LSMEM2,0,74,0.148
LSP1,0,54,0.108
LSR,0,162,0.324
LSS,0,75,0.15
LST1,0,100,0.2
LTA,0,132,0.264
LTB,0,57,0.114
LTB4R,0,130,0.26
LTB4R2,0,51,0.102
LTBP1,0,161,0.322
LTBP2,0,18,0.036
LTBP3,0,107,0.214
LTBP4,0,70,0.14
LTBR,0,151,0.302
LRWD1,0,88,0.176
LRTM2,0,131,0.262
LRRC6,0,110,0.22
LRRD1,0,120,0.24
LRRC61,0,66,0.132
LRRC63,0,66,0.132
LRRC66,0,58,0.116
LRRC7,0,112,0.224
LRRC71,0,135,0.27
LRRC73,0,115,0.23
LRRC74,0,62,0.124
LRRC75A,0,106,0.212
LRRC75B,0,54,0.108
LRRC8A,0,132,0.264
LRRC8B,0,52,0.104
LRRC8D,0,18,0.036
LRRC8E,0,93,0.186
LRRCC1,0,139,0.278
LRRFIP1,0,75,0.15
LRTM1,0,30,0.06
LRRFIP2,0,28,0.056
LRRIQ1,0,99,0.198
LRRIQ3,0,173,0.346
LRRK1,0,44,0.088
LRRK2,0,43,0.086
LRRN1,0,142,0.284
LRRN2,0,54,0.108
LRRN3,0,77,0.154
LRRN4,0,33,0.066
LRRN4CL,0,27,0.054
LRRTM1,0,48,0.096
LRRTM2,0,152,0.304
LRRTM4,0,121,0.242
LRSAM1,0,81,0.162
LRIF1,0,22,0.044
LRGUK,0,52,0.104
LRG1,0,128,0.256
LOC441242,0,93,0.186
LOC400590,0,83,0.166
LOC400692,0,165,0.33
LOC400891,0,111,0.222
LOC400940,0,82,0.164
LOC401052,0,176,0.352
LOC401320,0,72,0.144
LOC403323,0,128,0.256
LOC439951,0,122,0.244
LOC440173,0,46,0.092
LOC440570,0,87,0.174
LOC440934,0,71,0.142
LOC441081,0,159,0.318
LOC441178,0,79,0.158
LOC441179,0,138,0.276
LOC441601,0,110,0.22
LOC389834,0,188,0.376
LOC51145,0,47,0.094
LOC541472,0,99,0.198
LOC54944,0,130,0.26
LOC554174,0,132,0.264
LOC554206,0,98,0.196
LOC554207,0,100,0.2
LOC57399,0,106,0.212
LOC641515,0,55,0.11
LOC642757,0,148,0.296
LOC642776,0,170,0.34
LOC644172,0,140,0.28
LOC645166,0,88,0.176
LOC645188,0,93,0.186
LOC645261,0,69,0.138
LOC389895,0,153,0.306
LOC389199,0,81,0.162
LRFN5,0,25,0.05
LOC154872,0,63,0.126
LOC101928787,0,87,0.174
LOC101928921,0,36,0.072
LOC101929762,0,179,0.358
LOC101930026,0,28,0.056
LOC101930405,0,145,0.29
LOC102724229,0,101,0.202
LOC113230,0,185,0.37
LOC146880,0,69,0.138
LOC148696,0,92,0.184
LOC151121,0,61,0.122
LOC151174,0,71,0.142
LOC151760,0,59,0.118
LOC152586,0,66,0.132
LOC153684,0,57,0.114
LOC158960,0,5,0.01
LOC388882,0,96,0.192
LOC202181,0,72,0.144
LOC220077,0,81,0.162
LOC254028,0,82,0.164
LOC254896,0,92,0.184
LOC280665,0,150,0.3
LOC283693,0,43,0.086
LOC284023,0,132,0.264
LOC284379,0,51,0.102
LOC284788,0,134,0.268
LOC284837,0,77,0.154
LOC285074,0,98,0.196
LOC339803,0,121,0.242
LOC344887,0,267,0.534
LOC375196,0,118,0.236
LOC646214,0,38,0.076
LOC646903,0,71,0.142
LOC648987,0,117,0.234
LPP,0,76,0.152
LPAR5,0,36,0.072
LPAR6,0,55,0.11
LPCAT1,0,77,0.154
LPCAT2,0,55,0.11
LPCAT3,0,53,0.106
LPCAT4,0,47,0.094
LPGAT1,0,18,0.036
LPHN1,0,53,0.106
LPHN3,0,25,0.05
LPIN1,0,89,0.178
LPIN2,0,72,0.144
LPIN3,0,35,0.07
LPL,0,81,0.162
LPO,0,30,0.06
LPPR1,0,64,0.128
LOC652276,0,97,0.194
LPPR2,0,90,0.18
LPPR3,0,126,0.252
LPPR4,0,123,0.246
LPPR5,0,50,0.1
LPXN,0,35,0.07
LRBA,0,14,0.028
LRCH1,0,14,0.028
LRCH2,0,140,0.28
LRCH3,0,24,0.048
LRCH4,0,58,0.116
LRFN1,0,98,0.196
LRFN2,0,114,0.228
LRFN3,0,126,0.252
LRFN4,0,126,0.252
LPAR4,0,72,0.144
LPAR3,0,143,0.286
LPAR2,0,67,0.134
LPAR1,0,183,0.366
LOC653486,0,86,0.172
LOC654342,0,118,0.236
LOC654780,0,148,0.296
LOC692247,0,30,0.06
LOC728024,0,94,0.188
LOC728175,0,63,0.126
LOC728613,0,100,0.2
LOC728819,0,86,0.172
LOC729173,0,43,0.086
LOC731157,0,105,0.21
LOC79999,0,36,0.072
LOC80154,0,17,0.034
LOC81691,0,149,0.298
LOC93432,0,169,0.338
LOC93463,0,115,0.23
LOH12CR1,0,85,0.17
LONP1,0,68,0.136
LONRF1,0,32,0.064
LONRF2,0,39,0.078
LONRF3,0,133,0.266
LOR,0,42,0.084
LOX,0,65,0.13
LOXHD1,0,94,0.188
LOXL1,0,117,0.234
LOXL2,0,49,0.098
LOXL3,0,130,0.26
LOXL4,0,36,0.072
LPA,0,110,0.22
LPAL2,0,168,0.336
LTC4S,0,117,0.234
LTK,0,66,0.132
KLK3,0,16,0.032
MAP6D1,0,66,0.132
MAP3K4,0,17,0.034
MAP3K5,0,18,0.036
MAP3K6,0,31,0.062
MAP3K7,0,33,0.066
MAP3K7CL,0,95,0.19
MAP3K8,0,20,0.04
MAP3K9,0,53,0.106
MAP4,0,75,0.15
MAP4K1,0,88,0.176
MAP4K2,0,136,0.272
MAP4K3,0,9,0.018
MAP4K4,0,23,0.046
MAP4K5,0,51,0.102
MAP6,0,59,0.118
MAP7,0,136,0.272
MAP3K2,0,27,0.054
MAP7D1,0,70,0.14
MAP7D2,0,102,0.204
MAP7D3,0,41,0.082
MAP9,0,79,0.158
MAPK1,0,21,0.042
MAPK10,0,143,0.286
MAPK11,0,29,0.058
MAPK12,0,69,0.138
MAPK13,0,73,0.146
A1CF,0,42,0.084
MAPK15,0,15,0.03
MAPK1IP1L,0,45,0.09
MAPK3,0,89,0.178
MAPK4,0,101,0.202
MAP3K3,0,49,0.098
MAP3K19,0,67,0.134
MAPK7,0,115,0.23
MAP1LC3B2,0,108,0.216
MAN2C1,0,86,0.172
MANBA,0,30,0.06
MANBAL,0,103,0.206
MANEA,0,60,0.12
MANEAL,0,38,0.076
MANF,0,82,0.164
MANSC1,0,81,0.162
MAOA,0,124,0.248
MAOB,0,56,0.112
MAP10,0,133,0.266
MAP1A,0,56,0.112
MAP1B,0,46,0.092
MAP1LC3A,0,19,0.038
MAP1LC3B,0,75,0.15
MAP1LC3C,0,99,0.198
MAP3K15,0,75,0.15
MAP1S,0,103,0.206
MAP2,0,74,0.148
MAP2K1,0,38,0.076
MAP2K2,0,105,0.21
MAP2K4,0,25,0.05
MAP2K5,0,17,0.034
MAP2K6,0,58,0.116
MAP2K7,0,98,0.196
MAP3K1,0,32,0.064
MAP3K10,0,90,0.18
MAP3K11,0,47,0.094
MAP3K12,0,123,0.246
MAP3K13,0,68,0.136
MAP3K14,0,70,0.14
MAPK6,0,12,0.024
MAPK8,0,7,0.014
LTN1,0,11,0.022
MAT2B,0,16,0.032
MARVELD1,0,63,0.126
MARVELD2,0,79,0.158
MARVELD3,0,60,0.12
MAS1,0,204,0.408
MAS1L,0,40,0.08
MASP1,0,64,0.128
MASP2,0,99,0.198
MAST1,0,69,0.138
MAST2,0,69,0.138
MAST3,0,38,0.076
MAST4,0,118,0.236
MASTL,0,85,0.17
MAT1A,0,26,0.052
MAT2A,0,48,0.096
MATK,0,112,0.224
MARS,0,46,0.092
MATN1,0,19,0.038
MATN3,0,123,0.246
MATN4,0,69,0.138
MATR3,0,7,0.014
MAU2,0,26,0.052
MAVS,0,56,0.112
MAX,0,30,0.06
MAZ,0,142,0.284
MB,0,27,0.054
MB21D1,0,60,0.12
MB21D2,0,82,0.164
MBD1,0,27,0.054
MBD2,0,21,0.042
MBD3,0,182,0.364
MARS2,0,105,0.21
MARK4,0,103,0.206
MAPK8IP1,0,100,0.2
MARCH1,0,55,0.11
MAPK8IP2,0,70,0.14
MAPK8IP3,0,76,0.152
MAPK9,0,21,0.042
MAPKAP1,0,2,0.004
MAPKAPK2,0,30,0.06
MAPKAPK3,0,55,0.11
MAPKAPK5,0,16,0.032
MAPKBP1,0,52,0.104
MAPRE1,0,17,0.034
MAPRE2,0,42,0.084
MAPRE3,0,80,0.16
MAPT,0,43,0.086
MARC1,0,74,0.148
MARC2,0,71,0.142
MARCH10,0,49,0.098
MARK3,0,43,0.086
MARCH11,0,119,0.238
MARCH2,0,111,0.222
MARCH3,0,117,0.234
MARCH4,0,74,0.148
MARCH5,0,8,0.016
MARCH6,0,32,0.064
MARCH7,0,49,0.098
MARCH8,0,122,0.244
MARCH9,0,88,0.176
MARCKS,0,93,0.186
MARCKSL1,0,102,0.204
MARCO,0,137,0.274
MARK1,0,77,0.154
MARK2,0,31,0.062
MAN2B2,0,49,0.098
MAN2B1,0,65,0.13
MAN2A2,0,72,0.144
LYZ,0,122,0.244
LYPLA2,0,156,0.312
LYPLAL1,0,8,0.016
LYRM1,0,28,0.056
LYRM2,0,54,0.108
LYRM4,0,57,0.114
LYRM5,0,12,0.024
LYRM7,0,9,0.018
LYRM9,0,114,0.228
LYSMD1,0,80,0.16
LYSMD2,0,67,0.134
LYSMD3,0,38,0.076
LYSMD4,0,132,0.264
LYST,0,28,0.056
LYVE1,0,116,0.232
LYZL1,0,86,0.172
LYPD6B,0,56,0.112
LYZL4,0,76,0.152
LYZL6,0,32,0.064
LZIC,0,20,0.04
LZTFL1,0,51,0.102
LZTR1,0,136,0.272
LZTS1,0,114,0.228
LZTS2,0,27,0.054
LZTS3,0,36,0.072
M1AP,0,36,0.072
M6PR,0,21,0.042
MAATS1,0,54,0.108
MAB21L1,0,123,0.246
MAB21L2,0,99,0.198
MAB21L3,0,89,0.178
LYPLA1,0,48,0.096
LYPD6,0,25,0.05
MAN2A1,0,12,0.024
LY6G6D,0,34,0.068
LTV1,0,15,0.03
LUC7L,0,30,0.06
LUM,0,73,0.146
LURAP1,0,24,0.048
LURAP1L,0,81,0.162
LUZP1,0,54,0.108
LUZP2,0,153,0.306
LUZP4,0,60,0.12
LUZP6,0,22,0.044
LXN,0,53,0.106
LY6D,0,68,0.136
LY6E,0,120,0.24
LY6G5C,0,74,0.148
LY6G6C,0,49,0.098
LY6G6E,0,61,0.122
LYPD5,0,25,0.05
LY6H,0,61,0.122
LY6K,0,93,0.186
LY86,0,91,0.182
LY9,0,43,0.086
LY96,0,56,0.112
LYAR,0,24,0.048
LYG1,0,84,0.168
LYG2,0,148,0.296
LYL1,0,112,0.224
LYN,0,24,0.048
LYNX1,0,19,0.038
LYPD1,0,163,0.326
LYPD3,0,98,0.196
LYPD4,0,28,0.056
MACC1,0,170,0.34
MACF1,0,24,0.048
MACROD1,0,77,0.154
MAL,0,168,0.336
MAGEE1,0,118,0.236
MAGEE2,0,28,0.056
MAGEF1,0,133,0.266
MAGEH1,0,78,0.156
MAGEL2,0,126,0.252
MAGI1,0,71,0.142
MAGI2,0,31,0.062
MAGI3,0,81,0.162
MAGIX,0,31,0.062
MAGOH,0,27,0.054
MAGOHB,0,12,0.024
MAGT1,0,15,0.03
MAK,0,95,0.19
MAK16,0,8,0.016
MAL2,0,75,0.15
MACROD2,0,142,0.284
MALL,0,60,0.12
MALSU1,0,30,0.06
MALT1,0,5,0.01
MAMDC2,0,100,0.2
MAMDC4,0,107,0.214
MAML1,0,92,0.184
MAML2,0,57,0.114
MAML3,0,90,0.18
MAMLD1,0,25,0.05
MAMSTR,0,25,0.05
MAN1A1,0,89,0.178
MAN1A2,0,35,0.07
MAN1B1,0,107,0.214
MAN1C1,0,84,0.168
MAGED4,0,53,0.106
MAGED2,0,35,0.07
MAGED1,0,83,0.166
MAGEC3,0,46,0.092
MAD1L1,0,87,0.174
MAD2L1,0,73,0.146
MAD2L1BP,0,87,0.174
MAD2L2,0,108,0.216
MADCAM1,0,11,0.022
MADD,0,74,0.148
MAEL,0,80,0.16
MAF,0,87,0.174
MAF1,0,153,0.306
MAFB,0,117,0.234
MAFF,0,71,0.142
MAFG,0,45,0.09
MAFK,0,91,0.182
MAG,0,67,0.134
MAGEA1,0,46,0.092
MAGEA10,0,98,0.196
MAGEA11,0,130,0.26
MAGEA12,0,33,0.066
MAGEA2,0,32,0.064
MAGEA3,0,86,0.172
MAGEA4,0,69,0.138
MAGEA8,0,13,0.026
MAGEB1,0,59,0.118
MAGEB18,0,199,0.398
MAGEB2,0,94,0.188
MAGEB3,0,22,0.044
MAGEB6,0,78,0.156
MAGEC1,0,170,0.34
MAGEC2,0,38,0.076
LOC101928751,0,55,0.11
LOC101928697,0,93,0.186
LOC101928612,0,66,0.132
LCN10,0,57,0.114
LBP,0,45,0.09
LBX1,0,50,0.1
LCA5,0,147,0.294
LCA5L,0,89,0.178
LCAT,0,65,0.13
LCE1B,0,58,0.116
LCE1E,0,40,0.08
LCE2B,0,104,0.208
LCE3D,0,38,0.076
LCK,0,63,0.126
LCLAT1,0,83,0.166
LCMT1,0,22,0.044
LCMT2,0,28,0.056
LCN1,0,103,0.206
LCN12,0,47,0.094
LAYN,0,51,0.102
LCN15,0,94,0.188
LCN2,0,104,0.208
LCN6,0,24,0.048
LCN8,0,26,0.052
LCNL1,0,89,0.178
LCOR,0,6,0.012
LCORL,0,13,0.026
LCP1,0,41,0.082
LCP2,0,41,0.082
LCT,0,43,0.086
LCTL,0,99,0.198
LDB1,0,35,0.07
LDB2,0,87,0.174
LDB3,0,50,0.1
LBH,0,76,0.152
LAX1,0,37,0.074
LDHAL6A,0,159,0.318
LAPTM4B,0,147,0.294
LAMP1,0,70,0.14
LAMP2,0,36,0.072
LAMP3,0,84,0.168
LAMP5,0,121,0.242
LAMTOR1,0,95,0.19
LAMTOR2,0,88,0.176
LAMTOR3,0,8,0.016
LAMTOR4,0,116,0.232
LAMTOR5,0,52,0.104
LANCL1,0,15,0.03
LANCL2,0,72,0.144
LANCL3,0,103,0.206
LAP3,0,91,0.182
LAPTM4A,0,80,0.16
LAPTM5,0,51,0.102
LATS2,0,99,0.198
LARGE,0,171,0.342
LARP1,0,32,0.064
LARP1B,0,70,0.14
LARP4,0,7,0.014
LARP4B,0,16,0.032
LARP6,0,105,0.21
LARP7,0,35,0.07
LARS,0,23,0.046
LARS2,0,28,0.056
LAS1L,0,53,0.106
LASP1,0,25,0.05
LAT,0,76,0.152
LAT2,0,143,0.286
LATS1,0,34,0.068
LDHA,0,90,0.18
LDHAL6B,0,139,0.278
LOC101927770,0,104,0.208
LGI3,0,159,0.318
LFNG,0,82,0.164
LGALS1,0,67,0.134
LGALS12,0,145,0.29
LGALS13,0,124,0.248
LGALS14,0,69,0.138
LGALS2,0,118,0.236
LGALS3,0,157,0.314
LGALS3BP,0,124,0.248
LGALS4,0,65,0.13
LGALS8,0,29,0.058
LGALS9,0,102,0.204
LGALSL,0,96,0.192
LGI1,0,71,0.142
LGI2,0,60,0.12
LGI4,0,89,0.178
LETM2,0,98,0.196
LGMN,0,109,0.218
LGR4,0,150,0.3
LGR5,0,64,0.128
LGR6,0,107,0.214
LGSN,0,154,0.308
LHCGR,0,112,0.224
LHFP,0,30,0.06
LHFPL1,0,47,0.094
LHFPL2,0,83,0.166
LHFPL3,0,85,0.17
LHFPL4,0,24,0.048
LHFPL5,0,47,0.094
LHPP,0,109,0.218
LHX1,0,87,0.174
LETMD1,0,15,0.03
LETM1,0,179,0.358
LDHAL6CP,0,179,0.358
LEKR1,0,137,0.274
LDHB,0,99,0.198
LDHC,0,133,0.266
LDHD,0,129,0.258
LDLR,0,106,0.212
LDLRAD3,0,83,0.166
LDLRAD4,0,117,0.234
LDLRAP1,0,66,0.132
LDOC1,0,134,0.268
LDOC1L,0,48,0.096
LEAP2,0,84,0.168
LECT1,0,106,0.212
LECT2,0,36,0.072
LEF1,0,70,0.14
LEFTY1,0,63,0.126
LELP1,0,39,0.078
LEPROTL1,0,24,0.048
LEMD1,0,31,0.062
LEMD2,0,65,0.13
LEMD3,0,8,0.016
LENEP,0,34,0.068
LENG1,0,115,0.23
LENG8,0,60,0.12
LENG9,0,82,0.164
LEO1,0,39,0.078
LEP,0,146,0.292
LEPR,0,66,0.132
LEPRE1,0,140,0.28
LEPREL1,0,49,0.098
LEPREL2,0,57,0.114
LEPREL4,0,150,0.3
LAMC3,0,38,0.076
LAMC2,0,68,0.136
LAMC1,0,144,0.288
KRT15,0,81,0.162
KRAS,0,22,0.044
KRBA1,0,82,0.164
KRBA2,0,81,0.162
KRCC1,0,12,0.024
KREMEN1,0,141,0.282
KREMEN2,0,21,0.042
KRI1,0,57,0.114
KRIT1,0,47,0.094
KRR1,0,4,0.008
KRT1,0,108,0.216
KRT10,0,64,0.128
KRT12,0,85,0.17
KRT13,0,75,0.15
KRT14,0,55,0.11
KRT16,0,85,0.17
KPNA6,0,36,0.072
KRT18,0,86,0.172
KRT19,0,61,0.122
KRT2,0,57,0.114
KRT20,0,75,0.15
KRT222,0,94,0.188
KRT23,0,177,0.354
KRT24,0,115,0.23
KRT25,0,20,0.04
KRT27,0,95,0.19
KRT3,0,52,0.104
KRT31,0,72,0.144
KRT32,0,82,0.164
KRT33A,0,81,0.162
KRT33B,0,89,0.178
KPTN,0,118,0.236
KPNA5,0,5,0.01
LAMB4,0,63,0.126
KLRG2,0,64,0.128
KLK4,0,43,0.086
KLK5,0,57,0.114
KLK6,0,50,0.1
KLK7,0,20,0.04
KLK8,0,54,0.108
KLKB1,0,157,0.314
KLRAP1,0,125,0.25
KLRB1,0,49,0.098
KLRC1,0,119,0.238
KLRC3,0,120,0.24
KLRC4,0,96,0.192
KLRD1,0,130,0.26
KLRF1,0,90,0.18
KLRG1,0,155,0.31
KMO,0,78,0.156
KPNA4,0,5,0.01
KMT2A,0,24,0.048
KMT2B,0,30,0.06
KMT2C,0,31,0.062
KMT2D,0,58,0.116
KMT2E,0,30,0.06
KNCN,0,49,0.098
KNDC1,0,87,0.174
KNG1,0,78,0.156
KNOP1,0,61,0.122
KNSTRN,0,123,0.246
KNTC1,0,13,0.026
KPNA1,0,11,0.022
KPNA2,0,46,0.092
KPNA3,0,39,0.078
KRT34,0,43,0.086
KRT35,0,31,0.062
KRT36,0,23,0.046
LACTB,0,33,0.066
KXD1,0,99,0.198
KY,0,69,0.138
KYNU,0,79,0.158
L1CAM,0,79,0.158
L1TD1,0,174,0.348
L2HGDH,0,83,0.166
L3HYPDH,0,65,0.13
L3MBTL1,0,46,0.092
L3MBTL2,0,69,0.138
L3MBTL3,0,50,0.1
L3MBTL4,0,132,0.264
LACC1,0,130,0.26
LACE1,0,109,0.218
LACRT,0,75,0.15
LACTB2,0,27,0.054
KRT37,0,63,0.126
LAD1,0,36,0.072
LAG3,0,42,0.084
LAGE3,0,65,0.13
LAIR1,0,82,0.164
LAIR2,0,64,0.128
LALBA,0,86,0.172
LAMA1,0,57,0.114
LAMA2,0,61,0.122
LAMA3,0,25,0.05
LAMA4,0,32,0.064
LAMA5,0,66,0.132
LAMB1,0,41,0.082
LAMB2,0,19,0.038
LAMB3,0,57,0.114
KTN1,0,3,0.006
KTI12,0,24,0.048
KSR2,0,64,0.128
KSR1,0,59,0.118
KRT38,0,38,0.076
KRT4,0,54,0.108
KRT40,0,97,0.194
KRT5,0,20,0.04
KRT6A,0,19,0.038
KRT6B,0,108,0.216
KRT7,0,28,0.056
KRT71,0,63,0.126
KRT72,0,99,0.198
KRT73,0,120,0.24
KRT74,0,37,0.074
KRT75,0,77,0.154
KRT76,0,22,0.044
KRT77,0,45,0.09
KRT78,0,89,0.178
KRT79,0,46,0.092
KRT8,0,97,0.194
KRT80,0,93,0.186
KRT81,0,108,0.216
KRT82,0,83,0.166
KRT83,0,33,0.066
KRT84,0,84,0.168
KRT85,0,21,0.042
KRT86,0,74,0.148
KRT8P11,0,77,0.154
KRT9,0,81,0.162
KRTCAP2,0,86,0.172
KRTCAP3,0,41,0.082
KRTDAP,0,87,0.174
LHX2,0,63,0.126
LHX3,0,159,0.318
LHX4,0,124,0.248
LMCD1,0,37,0.074
LIX1,0,93,0.186
LIX1L,0,105,0.21
LKAAEAR1,0,38,0.076
LLGL1,0,99,0.198
LLGL2,0,67,0.134
LLPH,0,57,0.114
LMAN1,0,48,0.096
LMAN1L,0,46,0.092
LMAN2,0,32,0.064
LMAN2L,0,33,0.066
LMBR1,0,50,0.1
LMBR1L,0,84,0.168
LMBRD1,0,32,0.064
LMBRD2,0,2,0.004
LMF1,0,90,0.18
LIPT1,0,117,0.234
LMF2,0,57,0.114
LMLN,0,117,0.234
LMNA,0,71,0.142
LMNB2,0,62,0.124
LMNTD1,0,157,0.314
LMNTD2,0,91,0.182
LMO1,0,101,0.202
LMO2,0,91,0.182
LMO3,0,74,0.148
LMO4,0,18,0.036
LMO7,0,121,0.242
LMO7DN,0,92,0.184
LMOD1,0,18,0.036
LMOD2,0,42,0.084
LITAF,0,76,0.152
LIPJ,0,38,0.076
LINC00951,0,63,0.126
LINC01270,0,112,0.224
LINC00965,0,88,0.176
LINC00982,0,155,0.31
LINC00998,0,48,0.096
LINC01000,0,79,0.158
LINC01101,0,105,0.21
LINC01105,0,151,0.302
LINC01106,0,76,0.152
LINC01116,0,148,0.296
LINC01121,0,34,0.068
LINC01126,0,99,0.198
LINC01128,0,133,0.266
LINC01140,0,9,0.018
LINC01165,0,42,0.084
LINC01260,0,142,0.284
LINC01296,0,25,0.05
LIPI,0,144,0.288
LINC01341,0,92,0.184
LINC01356,0,141,0.282
LINC01366,0,50,0.1
LINC01405,0,82,0.164
LINGO1,0,83,0.166
LINGO2,0,71,0.142
LINGO3,0,128,0.256
LINS,0,18,0.036
LIPA,0,85,0.17
LIPC,0,155,0.31
LIPE,0,58,0.116
LIPF,0,36,0.072
LIPG,0,99,0.198
LIPH,0,33,0.066
LMOD3,0,97,0.194
LMTK2,0,57,0.114
LMTK3,0,43,0.086
LOC100506990,0,53,0.106
LOC100287290,0,99,0.198
LOC100287497,0,82,0.164
LOC100287728,0,112,0.224
LOC100287896,0,123,0.246
LOC100288974,0,207,0.414
LOC100289090,0,99,0.198
LOC100294362,0,62,0.124
LOC100505501,0,139,0.278
LOC100506127,0,146,0.292
LOC100506271,0,66,0.132
LOC100506504,0,74,0.148
LOC100506571,0,73,0.146
LOC100506667,0,91,0.182
LOC100506730,0,103,0.206
LOC100507033,0,97,0.194
LMX1A,0,30,0.06
LOC100507388,0,80,0.16
LOC100507530,0,166,0.332
LOC100509814,0,83,0.166
LOC100652824,0,24,0.048
LOC100996455,0,167,0.334
LOC100996517,0,31,0.062
LOC100996634,0,72,0.144
LOC100996696,0,82,0.164
LOC100996760,0,70,0.14
LOC101060363,0,78,0.156
LOC101060747,0,64,0.128
LOC101927051,0,45,0.09
LOC101927122,0,57,0.114
LOC101927181,0,127,0.254
LOC100287166,0,60,0.12
LOC100233156,0,130,0.26
LOC100134368,0,151,0.302
LOC100134317,0,86,0.172
LMX1B,0,161,0.322
LNPEP,0,68,0.136
LNX1,0,120,0.24
LNX2,0,21,0.042
LOC100049716,0,39,0.078
LOC100127886,0,124,0.248
LOC100128175,0,92,0.184
LOC100128185,0,78,0.156
LOC100128288,0,74,0.148
LOC100128922,0,104,0.208
LOC100129449,0,78,0.156
LOC100129455,0,76,0.152
LOC100130264,0,74,0.148
LOC100130331,0,126,0.252
LOC100130370,0,29,0.058
LOC100130691,0,96,0.192
LOC100130744,0,59,0.118
LOC100130815,0,160,0.32
LOC100131496,0,36,0.072
LOC100131508,0,143,0.286
LOC100131510,0,73,0.146
LOC100132167,0,110,0.22
LOC100132319,0,46,0.092
LOC100132354,0,61,0.122
LOC100132356,0,95,0.19
LOC100132686,0,111,0.222
LOC100133130,0,61,0.122
LOC100133131,0,34,0.068
LOC100133315,0,56,0.112
LINC00955,0,114,0.228
LINC00943,0,115,0.23
LHX5,0,155,0.31
LINC00167,0,48,0.096
LIN7A,0,82,0.164
LIN7B,0,62,0.124
LIN7C,0,30,0.06
LIN9,0,32,0.064
LINC00028,0,38,0.076
LINC00029,0,23,0.046
LINC00052,0,58,0.116
LINC00086,0,97,0.194
LINC00094,0,131,0.262
LINC00115,0,181,0.362
LINC00116,0,204,0.408
LINC00152,0,159,0.318
LINC00158,0,201,0.402
LINC00161,0,104,0.208
LINC00173,0,61,0.122
LIN52,0,58,0.116
LINC00174,0,77,0.154
LINC00176,0,39,0.078
LINC00189,0,157,0.314
LINC00205,0,163,0.326
LINC00208,0,101,0.202
LINC00216,0,164,0.328
LINC00221,0,60,0.12
LINC00238,0,146,0.292
LINC00242,0,130,0.26
LINC00260,0,90,0.18
LINC00277,0,16,0.032
LINC00282,0,74,0.148
LINC00299,0,175,0.35
LINC00301,0,69,0.138
LIN54,0,38,0.076
LIN37,0,138,0.276
LINC00937,0,38,0.076
LILRB1,0,98,0.196
LHX6,0,44,0.088
LHX8,0,105,0.21
LHX9,0,43,0.086
LIAS,0,28,0.056
LIF,0,83,0.166
LIFR,0,62,0.124
LIG1,0,132,0.264
LIG3,0,48,0.096
LIG4,0,35,0.07
LILRA1,0,67,0.134
LILRA2,0,127,0.254
LILRA3,0,165,0.33
LILRA4,0,66,0.132
LILRA5,0,108,0.216
LILRB2,0,49,0.098
LIN28B,0,74,0.148
LILRB3,0,56,0.112
LILRB4,0,102,0.204
LILRB5,0,60,0.12
LILRP2,0,165,0.33
LIM2,0,61,0.122
LIMA1,0,109,0.218
LIMCH1,0,52,0.104
LIMD1,0,44,0.088
LIMD2,0,96,0.192
LIME1,0,91,0.182
LIMK1,0,115,0.23
LIMK2,0,71,0.142
LIMS2,0,26,0.052
LIN28A,0,33,0.066
LINC00302,0,37,0.074
LINC00304,0,37,0.074
LINC00305,0,153,0.306
LINC00661,0,37,0.074
LINC00528,0,51,0.102
LINC00529,0,179,0.358
LINC00544,0,76,0.152
LINC00574,0,34,0.068
LINC00597,0,88,0.176
LINC00598,0,115,0.23
LINC00610,0,130,0.26
LINC00612,0,226,0.452
LINC00615,0,163,0.326
LINC00638,0,58,0.116
LINC00643,0,47,0.094
LINC00652,0,125,0.25
LINC00654,0,45,0.09
LINC00656,0,49,0.098
LINC00665,0,104,0.208
LINC00308,0,33,0.066
LINC00671,0,38,0.076
LINC00687,0,57,0.114
LINC00839,0,39,0.078
LINC00851,0,124,0.248
LINC00852,0,102,0.204
LINC00888,0,106,0.212
LINC00889,0,67,0.134
LINC00893,0,175,0.35
LINC00896,0,35,0.07
LINC00905,0,85,0.17
LINC00910,0,127,0.254
LINC00917,0,150,0.3
LINC00921,0,79,0.158
LINC00935,0,202,0.404
LINC00526,0,101,0.202
LINC00525,0,94,0.188
LINC00523,0,122,0.244
LINC00521,0,59,0.118
LINC00310,0,143,0.286
LINC00311,0,135,0.27
LINC00312,0,127,0.254
LINC00313,0,106,0.212
LINC00314,0,76,0.152
LINC00315,0,35,0.07
LINC00319,0,74,0.148
LINC00324,0,32,0.064
LINC00326,0,161,0.322
LINC00328,0,96,0.192
LINC00334,0,118,0.236
LINC00337,0,79,0.158
LINC00339,0,110,0.22
LINC00341,0,80,0.16
LINC00461,0,159,0.318
LINC00467,0,120,0.24
LINC00470,0,78,0.156
LINC00471,0,98,0.196
LINC00472,0,59,0.118
LINC00474,0,68,0.136
LINC00476,0,89,0.178
LINC00477,0,127,0.254
LINC00478,0,51,0.102
LINC00479,0,24,0.048
LINC00482,0,67,0.134
LINC00483,0,60,0.12
LINC00487,0,60,0.12
LINC00504,0,33,0.066
LINC00518,0,74,0.148
HNRNPCL1,0,75,0.15
HNRNPAB,0,14,0.028
EIF3M,0,17,0.034
FBXW9,0,54,0.108
FBXO46,0,62,0.124
FBXO5,0,33,0.066
FBXO6,0,149,0.298
FBXO7,0,111,0.222
FBXO8,0,39,0.078
FBXO9,0,78,0.156
FBXW11,0,32,0.064
FBXW12,0,49,0.098
FBXW2,0,17,0.034
FBXW4,0,74,0.148
FBXW4P1,0,54,0.108
FBXW5,0,100,0.2
FBXW7,0,9,0.018
FBXW8,0,78,0.156
FCAMR,0,70,0.14
FBXO44,0,94,0.188
FCAR,0,96,0.192
FCER1A,0,163,0.326
FCER1G,0,88,0.176
FCER2,0,105,0.21
FCF1,0,15,0.03
FCGBP,0,145,0.29
FCGR1A,0,143,0.286
FCGR1B,0,84,0.168
FCGR2A,0,134,0.268
FCGR2B,0,77,0.154
FCGR3A,0,123,0.246
FCGRT,0,126,0.252
FCHO1,0,61,0.122
FCHO2,0,76,0.152
FBXO45,0,27,0.054
FBXO43,0,44,0.088
FCHSD2,0,29,0.058
FBXO22,0,21,0.042
FBXL21,0,104,0.208
FBXL22,0,82,0.164
FBXL3,0,9,0.018
FBXL4,0,4,0.008
FBXL5,0,42,0.084
FBXL7,0,40,0.08
FBXL8,0,141,0.282
FBXO11,0,15,0.03
FBXO15,0,66,0.132
FBXO16,0,161,0.322
FBXO17,0,18,0.036
FBXO18,0,46,0.092
FBXO2,0,45,0.09
FBXO21,0,1,0.002
FBXO24,0,74,0.148
FBXO42,0,19,0.038
FBXO25,0,31,0.062
FBXO27,0,105,0.21
FBXO28,0,3,0.006
FBXO3,0,40,0.08
FBXO30,0,32,0.064
FBXO31,0,50,0.1
FBXO32,0,69,0.138
FBXO33,0,9,0.018
FBXO34,0,7,0.014
FBXO38,0,37,0.074
FBXO39,0,81,0.162
FBXO4,0,16,0.032
FBXO40,0,26,0.052
FBXO41,0,92,0.184
FCHSD1,0,123,0.246
FCN1,0,141,0.282
FGF8,0,30,0.06
FGF12,0,60,0.12
FFAR2,0,90,0.18
FFAR3,0,55,0.11
FFAR4,0,150,0.3
FGA,0,75,0.15
FGB,0,54,0.108
FGD1,0,62,0.124
FGD2,0,57,0.114
FGD3,0,59,0.118
FGD4,0,45,0.09
FGD5,0,134,0.268
FGD6,0,156,0.312
FGF1,0,116,0.232
FGF10,0,69,0.138
FGF11,0,103,0.206
FGF13,0,152,0.304
FEZF2,0,68,0.136
FGF14,0,85,0.17
FGF16,0,51,0.102
FGF17,0,56,0.112
FGF18,0,68,0.136
FGF19,0,74,0.148
FGF2,0,104,0.208
FGF20,0,37,0.074
FGF21,0,84,0.168
FGF22,0,124,0.248
FGF23,0,72,0.144
FGF3,0,112,0.224
FGF4,0,29,0.058
FGF5,0,84,0.168
FGF6,0,53,0.106
FFAR1,0,32,0.064
FEZ2,0,8,0.016
FCN2,0,58,0.116
FDXACB1,0,83,0.166
FCN3,0,30,0.06
FCRL1,0,63,0.126
FCRL2,0,47,0.094
FCRL3,0,78,0.156
FCRL4,0,63,0.126
FCRL5,0,152,0.304
FCRLA,0,92,0.184
FCRLB,0,59,0.118
FDCSP,0,105,0.21
FDFT1,0,32,0.064
FDPS,0,18,0.036
FDPSP2,0,51,0.102
FDX1,0,75,0.15
FDX1L,0,52,0.104
FDXR,0,55,0.11
FEZ1,0,111,0.222
FECH,0,199,0.398
FEM1A,0,68,0.136
FEM1B,0,51,0.102
FEM1C,0,26,0.052
FEN1,0,66,0.132
FER1L4,0,24,0.048
FER1L5,0,12,0.024
FERD3L,0,41,0.082
FERMT1,0,41,0.082
FERMT2,0,94,0.188
FERMT3,0,30,0.06
FES,0,106,0.212
FETUB,0,42,0.084
FEV,0,89,0.178
FBXL20,0,43,0.086
FBXL2,0,51,0.102
FBXL19,0,82,0.164
FAM83D,0,109,0.218
FAM71E1,0,41,0.082
FAM71E2,0,27,0.054
FAM71F1,0,38,0.076
FAM71F2,0,68,0.136
FAM73B,0,79,0.158
FAM76A,0,40,0.08
FAM76B,0,4,0.008
FAM78A,0,37,0.074
FAM78B,0,54,0.108
FAM81A,0,48,0.096
FAM81B,0,139,0.278
FAM83A,0,56,0.112
FAM83B,0,78,0.156
FAM83C,0,54,0.108
FAM83E,0,65,0.13
FAM71C,0,96,0.192
FAM83F,0,80,0.16
FAM83G,0,117,0.234
FAM83H,0,114,0.228
FAM84A,0,46,0.092
FAM84B,0,112,0.224
FAM86A,0,107,0.214
FAM86B1,0,68,0.136
FAM86B3P,0,42,0.084
FAM86C1,0,88,0.176
FAM87A,0,50,0.1
FAM89A,0,103,0.206
FAM89B,0,70,0.14
FAM8A1,0,71,0.142
FAM90A1,0,78,0.156
FAM71D,0,41,0.082
FAM71B,0,44,0.088
FBXL18,0,72,0.144
FAM53A,0,117,0.234
FAM43B,0,105,0.21
FAM45A,0,68,0.136
FAM46A,0,63,0.126
FAM46B,0,26,0.052
FAM46C,0,190,0.38
FAM46D,0,42,0.084
FAM47A,0,67,0.134
FAM47B,0,119,0.238
FAM47C,0,66,0.132
FAM47E,0,94,0.188
FAM49A,0,48,0.096
FAM49B,0,26,0.052
FAM50A,0,47,0.094
FAM50B,0,130,0.26
FAM53B,0,64,0.128
FAM71A,0,100,0.2
FAM53C,0,53,0.106
FAM57A,0,133,0.266
FAM57B,0,45,0.09
FAM58A,0,33,0.066
FAM60A,0,43,0.086
FAM63A,0,114,0.228
FAM63B,0,14,0.028
FAM64A,0,72,0.144
FAM65A,0,57,0.114
FAM65B,0,39,0.078
FAM65C,0,67,0.134
FAM69A,0,36,0.072
FAM69B,0,150,0.3
FAM69C,0,94,0.188
FAM91A1,0,20,0.04
FAM92A1,0,126,0.252
FAM95B1,0,25,0.05
FBLN2,0,81,0.162
FASTKD3,0,23,0.046
FAT1,0,88,0.176
FAT2,0,62,0.124
FAT3,0,71,0.142
FAT4,0,44,0.088
FATE1,0,93,0.186
FAU,0,73,0.146
FAXC,0,45,0.09
FAXDC2,0,95,0.19
FBF1,0,39,0.078
FBL,0,61,0.122
FBLIM1,0,59,0.118
FBLL1,0,103,0.206
FBLN1,0,89,0.178
FBLN5,0,173,0.346
FAM96A,0,15,0.03
FBLN7,0,84,0.168
FBN1,0,36,0.072
FBN2,0,217,0.434
FBN3,0,76,0.152
FBP1,0,112,0.224
FBP2,0,41,0.082
FBRS,0,105,0.21
FBRSL1,0,78,0.156
FBXL12,0,75,0.15
FBXL13,0,65,0.13
FBXL14,0,78,0.156
FBXL15,0,83,0.166
FBXL16,0,33,0.066
FBXL17,0,96,0.192
FASTKD2,0,3,0.006
FASTKD1,0,3,0.006
FASTK,0,64,0.128
FASN,0,42,0.084
FAM96B,0,41,0.082
FAM98A,0,30,0.06
FAM98B,0,35,0.07
FAM98C,0,120,0.24
FAM9A,0,205,0.41
FAM9B,0,109,0.218
FAM9C,0,121,0.242
FAN1,0,76,0.152
FANCA,0,79,0.158
FANCB,0,78,0.156
FANCC,0,95,0.19
FANCD2,0,42,0.084
FANCD2OS,0,48,0.096
FANCE,0,52,0.104
FANCF,0,6,0.012
FANCG,0,35,0.07
FANCI,0,106,0.212
FANCL,0,64,0.128
FANCM,0,30,0.06
FANK1,0,77,0.154
FAP,0,91,0.182
FAR2,0,68,0.136
FARP1,0,19,0.038
FARP2,0,92,0.184
FARS2,0,15,0.03
FARSA,0,22,0.044
FARSB,0,36,0.072
FAS,0,70,0.14
FASLG,0,150,0.3
FGF7,0,70,0.14
FGF9,0,74,0.148
FAM3D,0,93,0.186
FOXRED1,0,76,0.152
FOXM1,0,37,0.074
FOXN1,0,80,0.16
FOXN2,0,10,0.02
FOXN3,0,47,0.094
FOXN4,0,60,0.12
FOXO1,0,82,0.164
FOXO3,0,100,0.2
FOXO4,0,125,0.25
FOXP1,0,64,0.128
FOXP2,0,104,0.208
FOXP4,0,38,0.076
FOXQ1,0,111,0.222
FOXR1,0,144,0.288
FOXR2,0,86,0.172
FOXRED2,0,75,0.15
FOXL1,0,55,0.11
FOXS1,0,70,0.14
FPGS,0,81,0.162
FPGT,0,54,0.108
FPR1,0,99,0.198
FPR2,0,105,0.21
FPR3,0,98,0.196
FRA10AC1,0,12,0.024
FRAS1,0,20,0.04
FRAT1,0,100,0.2
FRAT2,0,133,0.266
FREM1,0,33,0.066
FREM2,0,64,0.128
FREM3,0,62,0.124
FRG1,0,51,0.102
FOXL2,0,29,0.058
FOXK2,0,53,0.106
FRMD1,0,25,0.05
FOXB1,0,93,0.186
FNTA,0,18,0.036
FOCAD,0,34,0.068
FOLH1,0,41,0.082
FOLR1,0,46,0.092
FOLR2,0,27,0.054
FOLR3,0,139,0.278
FOPNL,0,25,0.05
FOS,0,68,0.136
FOSB,0,79,0.158
FOSL1,0,67,0.134
FOSL2,0,59,0.118
FOXA1,0,121,0.242
FOXA2,0,47,0.094
FOXA3,0,200,0.4
FOXC1,0,136,0.272
FOXK1,0,43,0.086
FOXC2,0,47,0.094
FOXD1,0,138,0.276
FOXD2,0,119,0.238
FOXD3,0,134,0.268
FOXE1,0,114,0.228
FOXE3,0,175,0.35
FOXF1,0,122,0.244
FOXF2,0,106,0.212
FOXG1,0,64,0.128
FOXH1,0,46,0.092
FOXI1,0,53,0.106
FOXJ1,0,89,0.178
FOXJ2,0,32,0.064
FOXJ3,0,43,0.086
FRK,0,94,0.188
FRMD3,0,144,0.288
FGFBP1,0,38,0.076
FUOM,0,33,0.066
FTH1P5,0,105,0.21
FTHL17,0,119,0.238
FTL,0,91,0.182
FTO,0,8,0.016
FTSJ1,0,63,0.126
FTSJ2,0,58,0.116
FTSJ3,0,40,0.08
FUBP1,0,11,0.022
FUBP3,0,44,0.088
FUCA1,0,99,0.198
FUCA2,0,26,0.052
FUK,0,59,0.118
FUNDC1,0,45,0.09
FUNDC2,0,44,0.088
FURIN,0,102,0.204
FTCD,0,76,0.152
FUS,0,41,0.082
FUT1,0,123,0.246
FUT10,0,203,0.406
FUT11,0,35,0.07
FUT2,0,71,0.142
FUT3,0,22,0.044
FUT4,0,147,0.294
FUT5,0,15,0.03
FUT6,0,13,0.026
FUT7,0,88,0.176
FUT8,0,28,0.056
FUT9,0,118,0.236
FUZ,0,132,0.264
FXN,0,95,0.19
FTH1,0,94,0.188
FSTL5,0,160,0.32
FRMD4A,0,96,0.192
FRYL,0,1,0.002
FRMD4B,0,150,0.3
FRMD5,0,72,0.144
FRMD6,0,50,0.1
FRMD7,0,148,0.296
FRMD8,0,133,0.266
FRMPD1,0,39,0.078
FRMPD2,0,17,0.034
FRMPD3,0,91,0.182
FRMPD4,0,76,0.152
FRRS1,0,102,0.204
FRRS1L,0,63,0.126
FRS2,0,65,0.13
FRS3,0,100,0.2
FRY,0,50,0.1
FRZB,0,105,0.21
FSTL4,0,35,0.07
FSCB,0,48,0.096
FSCN1,0,87,0.174
FSCN2,0,110,0.22
FSCN3,0,47,0.094
FSD1,0,73,0.146
FSD1L,0,113,0.226
FSD2,0,25,0.05
FSHB,0,75,0.15
FSHR,0,103,0.206
FSIP1,0,83,0.166
FSIP2,0,80,0.16
FST,0,76,0.152
FSTL1,0,155,0.31
FSTL3,0,68,0.136
FNIP2,0,130,0.26
FNIP1,0,9,0.018
FNDC9,0,56,0.112
FKBP5,0,97,0.194
FIP1L1,0,23,0.046
FIS1,0,87,0.174
FITM1,0,90,0.18
FITM2,0,106,0.212
FJX1,0,100,0.2
FKBP10,0,75,0.15
FKBP11,0,192,0.384
FKBP14,0,91,0.182
FKBP15,0,37,0.074
FKBP1A,0,24,0.048
FKBP1B,0,79,0.158
FKBP2,0,121,0.242
FKBP3,0,25,0.05
FKBP4,0,65,0.13
FKBP6,0,90,0.18
FILIP1,0,38,0.076
FKBP7,0,71,0.142
FKBP8,0,86,0.172
FKBP9,0,130,0.26
FKBPL,0,98,0.196
FKRP,0,86,0.172
FKTN,0,17,0.034
FLAD1,0,82,0.164
FLCN,0,52,0.104
FLG,0,85,0.17
FLG2,0,37,0.074
FLI1,0,27,0.054
FLII,0,43,0.086
FLJ11292,0,77,0.154
FLJ13224,0,77,0.154
FILIP1L,0,114,0.228
FIGNL1,0,43,0.086
FNDC8,0,98,0.196
FHAD1,0,44,0.088
FGFBP2,0,169,0.338
FGFBP3,0,117,0.234
FGFR1,0,63,0.126
FGFR1OP,0,59,0.118
FGFR1OP2,0,65,0.13
FGFR2,0,118,0.236
FGFR3,0,89,0.178
FGFR4,0,81,0.162
FGFRL1,0,84,0.168
FGG,0,170,0.34
FGGY,0,133,0.266
FGL1,0,171,0.342
FGR,0,84,0.168
FH,0,34,0.068
FHDC1,0,70,0.14
FIGN,0,75,0.15
FHIT,0,131,0.262
FHL1,0,125,0.25
FHL2,0,127,0.254
FHL3,0,89,0.178
FHL5,0,50,0.1
FHOD1,0,54,0.108
FHOD3,0,100,0.2
FIBCD1,0,34,0.068
FIBIN,0,31,0.062
FIBP,0,101,0.202
FICD,0,103,0.206
FIG4,0,31,0.062
FIGF,0,103,0.206
FIGLA,0,198,0.396
FLJ13744,0,114,0.228
FLJ20712,0,64,0.128
FLJ22184,0,114,0.228
FMO9P,0,83,0.166
FLVCR2,0,160,0.32
FLYWCH1,0,64,0.128
FLYWCH2,0,101,0.202
FMN1,0,108,0.216
FMN2,0,70,0.14
FMNL1,0,44,0.088
FMNL2,0,95,0.19
FMNL3,0,78,0.156
FMO1,0,73,0.146
FMO2,0,45,0.09
FMO3,0,55,0.11
FMO4,0,83,0.166
FMO5,0,155,0.31
FMO6P,0,39,0.078
FMOD,0,61,0.122
FLJ25694,0,85,0.17
FMR1,0,4,0.008
FMR1NB,0,101,0.202
FN1,0,37,0.074
FN3K,0,61,0.122
FN3KRP,0,69,0.138
FNBP1,0,27,0.054
FNBP1L,0,71,0.142
FNBP4,0,29,0.058
FNDC1,0,129,0.258
FNDC3A,0,46,0.092
FNDC3B,0,31,0.062
FNDC4,0,36,0.072
FNDC5,0,15,0.03
FNDC7,0,129,0.258
FLVCR1,0,51,0.102
FLT4,0,105,0.21
FLT3LG,0,92,0.184
FLT3,0,127,0.254
FLJ25758,0,88,0.176
FLJ26850,0,128,0.256
FLJ30403,0,109,0.218
FLJ30679,0,125,0.25
FLJ31715,0,138,0.276
FLJ32154,0,26,0.052
FLJ32790,0,80,0.16
FLJ32955,0,148,0.296
FLJ33360,0,61,0.122
FLJ33534,0,118,0.236
FLJ34503,0,48,0.096
FLJ35816,0,135,0.27
FLJ35934,0,69,0.138
FLJ37035,0,105,0.21
FLJ37201,0,156,0.312
FLJ37453,0,88,0.176
FLJ38576,0,53,0.106
FLJ38668,0,104,0.208
FLJ40288,0,75,0.15
FLJ43315,0,93,0.186
FLNA,0,75,0.15
FLNB,0,101,0.202
FLNC,0,45,0.09
FLOT1,0,83,0.166
FLOT2,0,33,0.066
FLRT1,0,16,0.032
FLRT2,0,55,0.11
FLRT3,0,60,0.12
FLT1,0,98,0.196
FAM43A,0,65,0.13
FAM3C,0,30,0.06
HNRNPA3P1,0,94,0.188
EPS8L3,0,47,0.094
EPM2AIP1,0,6,0.012
EPN1,0,114,0.228
EPN2,0,124,0.248
EPN3,0,64,0.128
EPO,0,20,0.04
EPOR,0,63,0.126
EPPIN,0,78,0.156
EPRS,0,38,0.076
EPS15,0,21,0.042
EPS15L1,0,50,0.1
EPS15P1,0,81,0.162
EPS8,0,149,0.298
EPS8L1,0,26,0.052
EPS8L2,0,23,0.046
EPSTI1,0,134,0.268
EPHX4,0,127,0.254
EPT1,0,8,0.016
EPX,0,21,0.042
EPYC,0,57,0.114
EQTN,0,128,0.256
ERAL1,0,64,0.128
ERAP1,0,17,0.034
ERAP2,0,67,0.134
ERBB2,0,84,0.168
ERBB2IP,0,27,0.054
ERBB3,0,35,0.07
ERBB4,0,22,0.044
ERC1,0,96,0.192
ERC2,0,80,0.16
ERCC1,0,50,0.1
EPM2A,0,123,0.246
EPHX3,0,99,0.198
ERCC3,0,11,0.022
EPG5,0,27,0.054
EP400NL,0,66,0.132
EPAS1,0,156,0.312
EPB41,0,130,0.26
EPB41L1,0,38,0.076
EPB41L2,0,70,0.14
EPB41L3,0,122,0.244
EPB41L4A,0,198,0.396
EPB41L4B,0,129,0.258
EPB41L5,0,92,0.184
EPB42,0,110,0.22
EPC1,0,173,0.346
EPC2,0,18,0.036
EPCAM,0,50,0.1
EPDR1,0,84,0.168
EPHA1,0,31,0.062
EPHX2,0,130,0.26
EPHA10,0,27,0.054
EPHA2,0,52,0.104
EPHA3,0,33,0.066
EPHA4,0,97,0.194
EPHA5,0,30,0.06
EPHA6,0,71,0.142
EPHA7,0,52,0.104
EPHA8,0,11,0.022
EPHB1,0,139,0.278
EPHB2,0,30,0.06
EPHB3,0,64,0.128
EPHB4,0,124,0.248
EPHB6,0,67,0.134
EPHX1,0,163,0.326
ERCC2,0,81,0.162
ERCC4,0,30,0.06
ETV6,0,83,0.166
ESYT2,0,26,0.052
ESD,0,46,0.092
ESM1,0,78,0.156
ESPL1,0,40,0.08
ESPN,0,72,0.144
ESPNL,0,7,0.014
ESR1,0,53,0.106
ESR2,0,119,0.238
ESRP1,0,37,0.074
ESRP2,0,67,0.134
ESRRA,0,158,0.316
ESRRB,0,50,0.1
ESRRG,0,29,0.058
ESX1,0,78,0.156
ESYT1,0,39,0.078
ESYT3,0,51,0.102
ESAM,0,136,0.272
ETAA1,0,18,0.036
ETF1,0,6,0.012
ETFA,0,14,0.028
ETFB,0,111,0.222
ETFDH,0,6,0.012
ETHE1,0,124,0.248
ETNK1,0,11,0.022
ETNK2,0,82,0.164
ETNPPL,0,213,0.426
ETS1,0,61,0.122
ETS2,0,74,0.148
ETV1,0,77,0.154
ETV2,0,50,0.1
ETV3,0,14,0.028
ESCO2,0,140,0.28
ERRFI1,0,94,0.188
ERCC6,0,37,0.074
ERICH3,0,91,0.182
ERCC6L,0,126,0.252
ERCC6L2,0,26,0.052
ERCC8,0,37,0.074
EREG,0,81,0.162
ERF,0,87,0.174
ERG,0,65,0.13
ERGIC1,0,69,0.138
ERGIC2,0,56,0.112
ERGIC3,0,25,0.05
ERH,0,47,0.094
ERI1,0,6,0.012
ERI2,0,134,0.268
ERI3,0,62,0.124
ERICH1,0,83,0.166
ERICH5,0,80,0.16
ERP44,0,7,0.014
ERICH6,0,171,0.342
ERLEC1,0,33,0.066
ERLIN1,0,16,0.032
ERLIN2,0,45,0.09
ERMAP,0,146,0.292
ERMARD,0,22,0.044
ERMN,0,59,0.118
ERMP1,0,74,0.148
ERN1,0,83,0.166
ERN2,0,71,0.142
ERO1L,0,36,0.072
ERO1LB,0,52,0.104
ERP27,0,44,0.088
ERP29,0,24,0.048
EP400,0,45,0.09
EP300,0,73,0.146
EOMES,0,110,0.22
ELOVL4,0,121,0.242
ELL2,0,152,0.304
ELL3,0,111,0.222
ELMO1,0,41,0.082
ELMO2,0,25,0.05
ELMO3,0,62,0.124
ELMOD1,0,29,0.058
ELMOD2,0,17,0.034
ELMOD3,0,91,0.182
ELMSAN1,0,124,0.248
ELN,0,29,0.058
ELOF1,0,105,0.21
ELOVL1,0,32,0.064
ELOVL2,0,72,0.144
ELOVL3,0,56,0.112
ELOVL5,0,17,0.034
ELK4,0,70,0.14
ELOVL6,0,197,0.394
ELOVL7,0,145,0.29
ELP2,0,20,0.04
ELP3,0,21,0.042
ELP4,0,29,0.058
ELP5,0,46,0.092
ELP6,0,112,0.224
ELSPBP1,0,130,0.26
ELTD1,0,53,0.106
EMB,0,41,0.082
EMC1,0,35,0.07
EMC10,0,76,0.152
EMC2,0,20,0.04
EMC3,0,59,0.118
ELL,0,79,0.158
ELK3,0,59,0.118
EOGT,0,153,0.306
EIF5A2,0,56,0.112
EIF4A1,0,44,0.088
EIF4A3,0,59,0.118
EIF4B,0,66,0.132
EIF4E,0,69,0.138
EIF4E2,0,43,0.086
EIF4E3,0,86,0.172
EIF4EBP1,0,143,0.286
EIF4EBP2,0,42,0.084
EIF4ENIF1,0,16,0.032
EIF4G1,0,92,0.184
EIF4G2,0,60,0.12
EIF4G3,0,77,0.154
EIF4H,0,28,0.056
EIF5,0,13,0.026
EIF5B,0,11,0.022
ELK1,0,88,0.176
EIF6,0,101,0.202
ELAC1,0,93,0.186
ELAC2,0,32,0.064
ELANE,0,148,0.296
ELAVL1,0,20,0.04
ELAVL2,0,66,0.132
ELAVL3,0,65,0.13
ELAVL4,0,69,0.138
ELF1,0,24,0.048
ELF2,0,21,0.042
ELF3,0,51,0.102
ELF4,0,16,0.032
ELF5,0,41,0.082
ELFN1,0,89,0.178
EMC4,0,76,0.152
EMC6,0,32,0.064
EMC7,0,9,0.018
ENPP3,0,140,0.28
ENG,0,96,0.192
ENGASE,0,109,0.218
ENHO,0,73,0.146
ENKD1,0,104,0.208
ENKUR,0,141,0.282
ENO1,0,71,0.142
ENO2,0,160,0.32
ENO3,0,81,0.162
ENOPH1,0,12,0.024
ENOSF1,0,31,0.062
ENOX1,0,95,0.19
ENOX2,0,35,0.07
ENPEP,0,34,0.068
ENPP2,0,69,0.138
ENPP4,0,62,0.124
EMC8,0,32,0.064
ENPP5,0,149,0.298
ENPP6,0,169,0.338
ENPP7,0,157,0.314
ENSA,0,15,0.03
ENTHD1,0,132,0.264
ENTHD2,0,24,0.048
ENTPD1,0,59,0.118
ENTPD2,0,37,0.074
ENTPD3,0,80,0.16
ENTPD4,0,17,0.034
ENTPD5,0,56,0.112
ENTPD6,0,62,0.124
ENTPD7,0,81,0.162
ENY2,0,7,0.014
ENDOV,0,60,0.12
ENDOU,0,79,0.158
ENDOG,0,131,0.262
ENDOD1,0,148,0.296
EMC9,0,131,0.262
EMCN,0,65,0.13
EMD,0,82,0.164
EME1,0,89,0.178
EME2,0,17,0.034
EMG1,0,13,0.026
EMID1,0,84,0.168
EMILIN1,0,93,0.186
EMILIN2,0,145,0.29
EMILIN3,0,7,0.014
EML1,0,70,0.14
EML2,0,132,0.264
EML3,0,113,0.226
EML4,0,31,0.062
EML5,0,106,0.212
EML6,0,80,0.16
EMP1,0,54,0.108
EMP2,0,22,0.044
EMP3,0,69,0.138
EMR1,0,127,0.254
EMR2,0,102,0.204
EMR3,0,82,0.164
EMX1,0,116,0.232
EMX2,0,47,0.094
EN1,0,192,0.384
EN2,0,55,0.11
ENAH,0,97,0.194
ENAM,0,121,0.242
ENC1,0,119,0.238
ETV5,0,81,0.162
ETV7,0,95,0.19
FAM3B,0,76,0.152
FAM175B,0,6,0.012
FAM168B,0,74,0.148
FAM169A,0,57,0.114
FAM169B,0,39,0.078
FAM170A,0,27,0.054
FAM170B,0,115,0.23
FAM171A1,0,122,0.244
FAM171A2,0,50,0.1
FAM171B,0,59,0.118
FAM172A,0,30,0.06
FAM173A,0,135,0.27
FAM173B,0,49,0.098
FAM174A,0,56,0.112
FAM174B,0,73,0.146
FAM175A,0,9,0.018
FAM177A1,0,22,0.044
FAM167B,0,60,0.12
FAM178A,0,24,0.048
FAM178B,0,48,0.096
FAM179A,0,73,0.146
FAM179B,0,27,0.054
FAM181A,0,32,0.064
FAM181B,0,36,0.072
FAM182A,0,31,0.062
FAM184A,0,104,0.208
FAM184B,0,120,0.24
FAM185A,0,97,0.194
FAM186A,0,91,0.182
FAM186B,0,127,0.254
FAM187B,0,47,0.094
FAM188A,0,14,0.028
FAM168A,0,71,0.142
FAM167A,0,99,0.198
FAM189A1,0,83,0.166
FAM150B,0,44,0.088
FAM132A,0,166,0.332
FAM132B,0,87,0.174
FAM133A,0,156,0.312
FAM134A,0,68,0.136
FAM134B,0,38,0.076
FAM134C,0,42,0.084
FAM135A,0,22,0.044
FAM135B,0,42,0.084
FAM136A,0,18,0.036
FAM138A,0,20,0.04
FAM13A,0,164,0.328
FAM13B,0,10,0.02
FAM149A,0,60,0.12
FAM149B1,0,99,0.198
FAM151A,0,79,0.158
FAM166A,0,116,0.232
FAM153A,0,136,0.272
FAM154A,0,69,0.138
FAM154B,0,162,0.324
FAM155B,0,86,0.172
FAM159A,0,29,0.058
FAM160A1,0,104,0.208
FAM160A2,0,96,0.192
FAM160B1,0,64,0.128
FAM160B2,0,68,0.136
FAM161A,0,96,0.192
FAM161B,0,92,0.184
FAM162A,0,38,0.076
FAM162B,0,91,0.182
FAM163A,0,73,0.146
FAM188B,0,71,0.142
FAM189A2,0,54,0.108
EVA1A,0,88,0.176
FAM222A,0,24,0.048
FAM214A,0,17,0.034
FAM214B,0,105,0.21
FAM215A,0,115,0.23
FAM216A,0,91,0.182
FAM216B,0,161,0.322
FAM217A,0,131,0.262
FAM217B,0,37,0.074
FAM218A,0,118,0.236
FAM219A,0,102,0.204
FAM219B,0,50,0.1
FAM21A,0,24,0.048
FAM220A,0,56,0.112
FAM221A,0,114,0.228
FAM221B,0,63,0.126
FAM222B,0,45,0.09
FAM213A,0,61,0.122
FAM223A,0,110,0.22
FAM227B,0,189,0.378
FAM228A,0,88,0.176
FAM229B,0,80,0.16
FAM230B,0,35,0.07
FAM24A,0,89,0.178
FAM24B,0,96,0.192
FAM26D,0,69,0.138
FAM26E,0,68,0.136
FAM26F,0,80,0.16
FAM27E2,0,43,0.086
FAM32A,0,15,0.03
FAM35A,0,51,0.102
FAM3A,0,63,0.126
FAM213B,0,27,0.054
FAM212B,0,140,0.28
FAM189B,0,110,0.22
FAM200B,0,27,0.054
FAM192A,0,15,0.03
FAM193A,0,33,0.066
FAM193B,0,54,0.108
FAM195A,0,75,0.15
FAM195B,0,156,0.312
FAM196A,0,113,0.226
FAM198A,0,99,0.198
FAM198B,0,125,0.25
FAM199X,0,19,0.038
FAM19A1,0,104,0.208
FAM19A2,0,198,0.396
FAM19A4,0,206,0.412
FAM19A5,0,133,0.266
FAM200A,0,40,0.08
FAM201B,0,32,0.064
FAM212A,0,101,0.202
FAM204A,0,21,0.042
FAM205A,0,47,0.094
FAM205B,0,83,0.166
FAM205CP,0,61,0.122
FAM206A,0,104,0.208
FAM207A,0,195,0.39
FAM208B,0,25,0.05
FAM209A,0,87,0.174
FAM209B,0,85,0.17
FAM20A,0,171,0.342
FAM20B,0,42,0.084
FAM20C,0,56,0.112
FAM210A,0,16,0.032
FAM210B,0,143,0.286
FAM131C,0,91,0.182
FAM131B,0,57,0.114
FAM131A,0,57,0.114
EYS,0,138,0.276
EXOSC6,0,146,0.292
EXOSC7,0,77,0.154
EXOSC8,0,40,0.08
EXOSC9,0,48,0.096
EXPH5,0,151,0.302
EXT1,0,92,0.184
EXT2,0,32,0.064
EXTL1,0,58,0.116
EXTL2,0,76,0.152
EXTL3,0,78,0.156
EYA1,0,66,0.132
EYA2,0,87,0.174
EYA3,0,25,0.05
EYA4,0,61,0.122
EZH1,0,53,0.106
EXOSC4,0,62,0.124
EZH2,0,71,0.142
EZR,0,55,0.11
F10,0,68,0.136
F11,0,40,0.08
F12,0,11,0.022
F13A1,0,108,0.216
F13B,0,159,0.318
F2,0,41,0.082
F2R,0,187,0.374
F2RL1,0,72,0.144
F2RL2,0,52,0.104
F2RL3,0,53,0.106
F3,0,62,0.124
F5,0,57,0.114
EXOSC5,0,88,0.176
EXOSC3,0,62,0.124
FAM129C,0,98,0.196
EXO1,0,119,0.238
EVA1B,0,102,0.204
EVA1C,0,65,0.13
EVC,0,76,0.152
EVC2,0,70,0.14
EVI2A,0,55,0.11
EVI2B,0,115,0.23
EVI5,0,67,0.134
EVL,0,46,0.092
EVPL,0,23,0.046
EVX1,0,46,0.092
EWSR1,0,51,0.102
EXD1,0,125,0.25
EXD2,0,99,0.198
EXD3,0,25,0.05
EXO5,0,88,0.176
EXOSC2,0,33,0.066
EXOC1,0,3,0.006
EXOC2,0,25,0.05
EXOC3,0,40,0.08
EXOC3L1,0,16,0.032
EXOC3L2,0,11,0.022
EXOC4,0,35,0.07
EXOC5,0,3,0.006
EXOC6,0,19,0.038
EXOC6B,0,59,0.118
EXOC7,0,30,0.06
EXOC8,0,12,0.024
EXOG,0,65,0.13
EXOSC1,0,4,0.008
EXOSC10,0,14,0.028
F7,0,86,0.172
F8,0,96,0.192
F9,0,150,0.3
FAM118B,0,31,0.062
FAM109B,0,39,0.078
FAM110A,0,90,0.18
FAM110B,0,75,0.15
FAM110C,0,161,0.322
FAM110D,0,102,0.204
FAM111A,0,39,0.078
FAM111B,0,112,0.224
FAM114A1,0,190,0.38
FAM114A2,0,7,0.014
FAM115A,0,114,0.228
FAM115C,0,65,0.13
FAM117A,0,120,0.24
FAM117B,0,54,0.108
FAM118A,0,197,0.394
FAM120A,0,23,0.046
FA2H,0,104,0.208
FAM120AOS,0,82,0.164
FAM120B,0,19,0.038
FAM120C,0,88,0.176
FAM122A,0,19,0.038
FAM122B,0,28,0.056
FAM122C,0,94,0.188
FAM124A,0,5,0.01
FAM124B,0,118,0.236
FAM126A,0,10,0.02
FAM126B,0,54,0.108
FAM127A,0,160,0.32
FAM127B,0,68,0.136
FAM129A,0,80,0.16
FAM129B,0,155,0.31
FAM109A,0,43,0.086
FAM107B,0,35,0.07
FAM107A,0,71,0.142
FAM106A,0,72,0.144
FAAH,0,118,0.236
FAAH2,0,81,0.162
FABP1,0,82,0.164
FABP2,0,146,0.292
FABP3,0,68,0.136
FABP3P2,0,62,0.124
FABP4,0,59,0.118
FABP5,0,87,0.174
FABP6,0,140,0.28
FABP7,0,32,0.064
FADD,0,123,0.246
FADS1,0,105,0.21
FADS2,0,136,0.272
FADS3,0,107,0.214
FAF1,0,8,0.016
FAF2,0,5,0.01
FAH,0,154,0.308
FAHD1,0,83,0.166
FAHD2A,0,79,0.158
FAIM,0,75,0.15
FAIM2,0,34,0.068
FAIM3,0,78,0.156
FAM101B,0,174,0.348
FAM102A,0,91,0.182
FAM102B,0,9,0.018
FAM103A1,0,58,0.116
FAM104A,0,137,0.274
FAM104B,0,121,0.242
FAM105A,0,38,0.076
FXR2,0,24,0.048
FXYD1,0,66,0.132
FXYD2,0,46,0.092
GTPBP1,0,79,0.158
GTF2H1,0,7,0.014
GTF2H3,0,31,0.062
GTF2H4,0,118,0.236
GTF2H5,0,15,0.03
GTF2I,0,48,0.096
GTF2IRD1,0,63,0.126
GTF2IRD2B,0,71,0.142
GTF3A,0,23,0.046
GTF3C1,0,36,0.072
GTF3C2,0,17,0.034
GTF3C3,0,7,0.014
GTF3C4,0,103,0.206
GTF3C5,0,66,0.132
GTF3C6,0,18,0.036
GTPBP10,0,29,0.058
GTF2F1,0,89,0.178
GTPBP2,0,47,0.094
GTPBP3,0,46,0.092
GTPBP4,0,23,0.046
GTPBP6,0,107,0.214
GTPBP8,0,30,0.06
GTSE1,0,80,0.16
GTSF1,0,150,0.3
GTSF1L,0,89,0.178
GUCA1A,0,58,0.116
GUCA1B,0,91,0.182
GUCA1C,0,48,0.096
GUCA2A,0,35,0.07
GUCA2B,0,34,0.068
GUCD1,0,121,0.242
GTF2F2,0,19,0.038
GTF2E2,0,2,0.004
GUCY1A3,0,161,0.322
GSTM4,0,108,0.216
GSKIP,0,28,0.056
GSN,0,90,0.18
GSPT1,0,128,0.256
GSPT2,0,56,0.112
GSR,0,24,0.048
GSS,0,121,0.242
GSTA1,0,73,0.146
GSTA3,0,136,0.272
GSTA4,0,81,0.162
GSTCD,0,118,0.236
GSTK1,0,44,0.088
GSTM1,0,199,0.398
GSTM2,0,92,0.184
GSTM3,0,218,0.436
GSTM5,0,80,0.16
GTF2E1,0,7,0.014
GSTO1,0,51,0.102
GSTO2,0,54,0.108
GSTP1,0,63,0.126
GSTT1,0,162,0.324
GSTT2,0,55,0.11
GSTTP1,0,99,0.198
GSTZ1,0,159,0.318
GSX1,0,74,0.148
GSX2,0,96,0.192
GTDC1,0,61,0.122
GTF2A1,0,34,0.068
GTF2A1L,0,133,0.266
GTF2A2,0,35,0.07
GTF2B,0,17,0.034
GUCY1A2,0,84,0.168
GUCY1B2,0,39,0.078
HAPLN4,0,13,0.026
HACE1,0,41,0.082
H1FX,0,97,0.194
H2AFB1,0,29,0.058
H2AFJ,0,116,0.232
H2AFV,0,31,0.062
H2AFX,0,130,0.26
H2AFY,0,24,0.048
H2AFY2,0,49,0.098
H2AFZ,0,21,0.042
H2BFM,0,106,0.212
H3F3A,0,109,0.218
H6PD,0,162,0.324
HAAO,0,35,0.07
HABP2,0,24,0.048
HABP4,0,78,0.156
HACL1,0,25,0.05
H1FNT,0,20,0.04
HADH,0,81,0.162
HADHA,0,64,0.128
HADHB,0,8,0.016
HAGH,0,91,0.182
HAGHL,0,3,0.006
HAL,0,118,0.236
HAMP,0,62,0.124
HAND1,0,122,0.244
HAND2,0,136,0.272
HAO1,0,115,0.23
HAO2,0,68,0.136
HAP1,0,54,0.108
HAPLN1,0,121,0.242
HAPLN2,0,85,0.17
H1FOO,0,20,0.04
H1F0,0,215,0.43
GUCY1B3,0,110,0.22
GXYLT2,0,72,0.144
GUCY2C,0,62,0.124
GUCY2D,0,51,0.102
GUCY2F,0,42,0.084
GUF1,0,9,0.018
GUK1,0,97,0.194
GULP1,0,165,0.33
GUSB,0,38,0.076
GUSBP11,0,105,0.21
GUSBP2,0,148,0.296
GUSBP3,0,114,0.228
GUSBP4,0,58,0.116
GUSBP5,0,115,0.23
GVINP1,0,13,0.026
GXYLT1,0,5,0.01
GYG1,0,50,0.1
H19,0,38,0.076
GYG2,0,59,0.118
GYLTL1B,0,37,0.074
GYPA,0,110,0.22
GYPB,0,139,0.278
GYPC,0,95,0.19
GYPE,0,120,0.24
GYS1,0,88,0.176
GYS2,0,71,0.142
GZF1,0,96,0.192
GZMA,0,60,0.12
GZMB,0,98,0.196
GZMH,0,108,0.216
GZMK,0,120,0.24
GZMM,0,63,0.126
GSK3B,0,16,0.032
GSK3A,0,37,0.074
GSG2,0,112,0.224
GPSM3,0,77,0.154
GPR98,0,8,0.016
GPRASP1,0,35,0.07
GPRC5A,0,130,0.26
GPRC5B,0,112,0.224
GPRC5C,0,98,0.196
GPRC5D,0,128,0.256
GPRC6A,0,95,0.19
GPRIN1,0,131,0.262
GPRIN2,0,23,0.046
GPRIN3,0,43,0.086
GPS1,0,59,0.118
GPS2,0,56,0.112
GPSM1,0,52,0.104
GPSM2,0,85,0.17
GPT,0,111,0.222
GPR89A,0,11,0.022
GPT2,0,83,0.166
GPX1,0,130,0.26
GPX2,0,40,0.08
GPX3,0,59,0.118
GPX4,0,63,0.126
GPX5,0,38,0.076
GPX7,0,92,0.184
GPX8,0,107,0.214
GRAMD1A,0,66,0.132
GRAMD1B,0,70,0.14
GRAMD1C,0,119,0.238
GRAMD2,0,43,0.086
GRAMD3,0,76,0.152
GRAMD4,0,96,0.192
GPR97,0,88,0.176
GPR88,0,54,0.108
GSG1L,0,5,0.01
GPR52,0,128,0.256
GPR25,0,183,0.366
GPR26,0,46,0.092
GPR27,0,87,0.174
GPR3,0,129,0.258
GPR31,0,68,0.136
GPR32,0,139,0.278
GPR34,0,148,0.296
GPR35,0,85,0.17
GPR37,0,95,0.19
GPR37L1,0,59,0.118
GPR39,0,85,0.17
GPR4,0,30,0.06
GPR45,0,86,0.172
GPR50,0,82,0.164
GPR55,0,129,0.258
GPR87,0,94,0.188
GPR56,0,142,0.284
GPR6,0,130,0.26
GPR61,0,127,0.254
GPR62,0,59,0.118
GPR63,0,71,0.142
GPR64,0,93,0.186
GPR65,0,20,0.04
GPR68,0,125,0.25
GPR75,0,95,0.19
GPR78,0,207,0.414
GPR82,0,112,0.224
GPR83,0,75,0.15
GPR84,0,81,0.162
GPR85,0,74,0.148
GRAP,0,67,0.134
GRAP2,0,54,0.108
GRAPL,0,113,0.226
GRN,0,100,0.2
GRIPAP1,0,66,0.132
GRK1,0,94,0.188
GRK4,0,35,0.07
GRK5,0,102,0.204
GRK6,0,51,0.102
GRK7,0,122,0.244
GRM1,0,43,0.086
GRM2,0,40,0.08
GRM3,0,102,0.204
GRM4,0,24,0.048
GRM5,0,81,0.162
GRM6,0,184,0.368
GRM7,0,84,0.168
GRM8,0,98,0.196
GRP,0,158,0.316
GRASP,0,101,0.202
GRPEL1,0,52,0.104
GRPEL2,0,52,0.104
GRPR,0,37,0.074
GRSF1,0,0,0.0
GRTP1,0,91,0.182
GRWD1,0,79,0.158
GSAP,0,61,0.122
GSC,0,167,0.334
GSC2,0,64,0.128
GSDMB,0,78,0.156
GSDMC,0,104,0.208
GSDMD,0,128,0.256
GSE1,0,42,0.084
GSG1,0,107,0.214
GRIP2,0,78,0.156
GRIP1,0,103,0.206
GRINA,0,106,0.212
GRIN3B,0,51,0.102
GRB10,0,128,0.256
GRB14,0,100,0.2
GRB2,0,33,0.066
GRB7,0,96,0.192
GREB1,0,34,0.068
GREB1L,0,62,0.124
GREM1,0,59,0.118
GREM2,0,56,0.112
GRHL1,0,94,0.188
GRHL2,0,71,0.142
GRHL3,0,26,0.052
GRHPR,0,104,0.208
GRIA1,0,84,0.168
GRIA2,0,104,0.208
GRIA3,0,60,0.12
GRIA4,0,38,0.076
GRID1,0,18,0.036
GRID2,0,208,0.416
GRIK1,0,23,0.046
GRIK2,0,33,0.066
GRIK3,0,89,0.178
GRIK4,0,184,0.368
GRIK5,0,23,0.046
GRIN1,0,25,0.05
GRIN2A,0,83,0.166
GRIN2B,0,142,0.284
GRIN2C,0,35,0.07
GRIN2D,0,77,0.154
GRIN3A,0,82,0.164
HAPLN3,0,90,0.18
HARBI1,0,95,0.19
FXYD3,0,32,0.064
HIST1H2BD,0,100,0.2
HIST1H1E,0,115,0.23
HIST1H1T,0,82,0.164
HIST1H2AB,0,111,0.222
HIST1H2AC,0,94,0.188
HIST1H2AE,0,65,0.13
HIST1H2AG,0,92,0.184
HIST1H2AJ,0,103,0.206
HIST1H2AK,0,103,0.206
HIST1H2AL,0,254,0.508
HIST1H2AM,0,104,0.208
HIST1H2APS4,0,95,0.19
HIST1H2BA,0,125,0.25
HIST1H2BB,0,121,0.242
HIST1H2BC,0,80,0.16
HIST1H2BE,0,117,0.234
HIST1H1C,0,96,0.192
HIST1H2BG,0,127,0.254
HIST1H2BH,0,142,0.284
HIST1H2BJ,0,77,0.154
HIST1H2BK,0,173,0.346
HIST1H2BL,0,128,0.256
HIST1H2BM,0,112,0.224
HIST1H2BN,0,134,0.268
HIST1H2BO,0,155,0.31
HIST1H3A,0,117,0.234
HIST1H3B,0,141,0.282
HIST1H3C,0,154,0.308
HIST1H3E,0,112,0.224
HIST1H3F,0,127,0.254
HIST1H3G,0,182,0.364
HIST1H1D,0,81,0.162
HIST1H1B,0,142,0.284
HIST1H4A,0,134,0.268
HIGD1B,0,51,0.102
HHLA2,0,74,0.148
HHLA3,0,113,0.226
HIAT1,0,17,0.034
HIATL1,0,47,0.094
HIATL2,0,79,0.158
HIBADH,0,29,0.058
HIBCH,0,3,0.006
HIC1,0,66,0.132
HIC2,0,41,0.082
HID1,0,13,0.026
HIF1A,0,28,0.056
HIF1AN,0,8,0.016
HIF3A,0,37,0.074
HIGD1A,0,21,0.042
HIGD2A,0,37,0.074
HIST1H1A,0,104,0.208
HILPDA,0,118,0.236
HILS1,0,60,0.12
HINFP,0,35,0.07
HINT1,0,55,0.11
HINT2,0,78,0.156
HINT3,0,25,0.05
HIP1,0,75,0.15
HIP1R,0,77,0.154
HIPK1,0,62,0.124
HIPK2,0,100,0.2
HIPK3,0,26,0.052
HIPK4,0,88,0.176
HIRA,0,76,0.152
HIRIP3,0,78,0.156
HIST1H3I,0,57,0.114
HIST1H4D,0,105,0.21
HARS,0,40,0.08
HMHB1,0,36,0.072
HMGB3P30,0,130,0.26
HMGB4,0,49,0.098
HMGCL,0,23,0.046
HMGCLL1,0,60,0.12
HMGCS1,0,29,0.058
HMGCS2,0,112,0.224
HMGN1,0,38,0.076
HMGN2,0,11,0.022
HMGN2P46,0,57,0.114
HMGN2P9,0,147,0.294
HMGN5,0,95,0.19
HMGXB3,0,104,0.208
HMGXB4,0,5,0.01
HMHA1,0,47,0.094
HMMR,0,127,0.254
HMGB3,0,150,0.3
HMOX1,0,146,0.292
HMOX2,0,65,0.13
HMP19,0,53,0.106
HMX1,0,131,0.262
HMX2,0,55,0.11
HN1,0,85,0.17
HN1L,0,96,0.192
HNF1A,0,12,0.024
HNF1B,0,128,0.256
HNF4A,0,20,0.04
HNF4G,0,82,0.164
HNMT,0,56,0.112
HNRNPA0,0,23,0.046
HNRNPA1,0,36,0.072
HMGB3P1,0,156,0.312
HMGB2,0,37,0.074
HIST1H4E,0,147,0.294
HK3,0,92,0.184
HIST1H4F,0,157,0.314
HIST1H4G,0,138,0.276
HIST1H4H,0,95,0.19
HIST1H4I,0,50,0.1
HIST1H4L,0,70,0.14
HIST2H2BE,0,119,0.238
HIST3H2A,0,132,0.264
HIST3H3,0,161,0.322
HIVEP1,0,17,0.034
HIVEP2,0,19,0.038
HIVEP3,0,87,0.174
HJURP,0,80,0.16
HK1,0,83,0.166
HK2,0,66,0.132
HKDC1,0,81,0.162
HMGB1P4,0,56,0.112
HKR1,0,26,0.052
HLCS,0,51,0.102
HLF,0,52,0.104
HLTF,0,13,0.026
HLX,0,132,0.264
HM13,0,31,0.062
HMBOX1,0,9,0.018
HMCES,0,45,0.09
HMCN1,0,128,0.256
HMCN2,0,139,0.278
HMG20A,0,12,0.024
HMG20B,0,56,0.112
HMGA1,0,88,0.176
HMGA2,0,56,0.112
HHLA1,0,17,0.034
HHIPL2,0,39,0.078
HHIPL1,0,47,0.094
HDAC3,0,42,0.084
HCK,0,66,0.132
HCLS1,0,103,0.206
HCN1,0,40,0.08
HCN2,0,74,0.148
HCN3,0,49,0.098
HCP5,0,82,0.164
HCRT,0,71,0.142
HCRTR1,0,48,0.096
HCRTR2,0,45,0.09
HCST,0,102,0.204
HDAC1,0,33,0.066
HDAC10,0,56,0.112
HDAC11,0,35,0.07
HDAC2,0,28,0.056
HDAC4,0,75,0.15
HCG4,0,97,0.194
HDAC5,0,103,0.206
HDAC6,0,127,0.254
HDAC7,0,98,0.196
HDAC8,0,31,0.062
HDAC9,0,81,0.162
HDC,0,197,0.394
HDDC2,0,42,0.084
HDDC3,0,127,0.254
HDGF,0,136,0.272
HDGFL1,0,41,0.082
HDGFRP2,0,103,0.206
HDGFRP3,0,169,0.338
HDHD1,0,79,0.158
HDHD2,0,21,0.042
HCG9,0,196,0.392
HCG27,0,114,0.228
HHIP,0,63,0.126
HAVCR2,0,100,0.2
HARS2,0,21,0.042
HAS1,0,132,0.264
HAS2,0,52,0.104
HAS3,0,107,0.214
HAT1,0,14,0.028
HAUS1,0,83,0.166
HAUS2,0,104,0.208
HAUS3,0,14,0.028
HAUS4,0,120,0.24
HAUS5,0,64,0.128
HAUS6,0,6,0.012
HAUS7,0,108,0.216
HAUS8,0,91,0.182
HAVCR1,0,118,0.236
HAX1,0,19,0.038
HCFC2,0,11,0.022
HBB,0,114,0.228
HBD,0,164,0.328
HBE1,0,89,0.178
HBEGF,0,18,0.036
HBM,0,104,0.208
HBP1,0,15,0.03
HBQ1,0,96,0.192
HBS1L,0,12,0.024
HBZ,0,166,0.332
HCAR1,0,78,0.156
HCAR3,0,138,0.276
HCCS,0,1,0.002
HCFC1,0,56,0.112
HCFC1R1,0,100,0.2
HDHD3,0,77,0.154
HDLBP,0,52,0.104
HDX,0,142,0.284
HEY1,0,69,0.138
HERPUD1,0,10,0.02
HERPUD2,0,13,0.026
HES1,0,145,0.29
HES2,0,62,0.124
HES4,0,125,0.25
HES5,0,71,0.142
HES6,0,117,0.234
HES7,0,150,0.3
HESX1,0,137,0.274
HEXA,0,68,0.136
HEXB,0,21,0.042
HEXDC,0,147,0.294
HEXIM1,0,32,0.064
HEXIM2,0,118,0.236
HEY2,0,137,0.274
HEATR1,0,11,0.022
HEYL,0,30,0.06
HFE,0,126,0.252
HFE2,0,122,0.244
HFM1,0,140,0.28
HGC6.3,0,57,0.114
HGD,0,148,0.296
HGF,0,211,0.422
HGFAC,0,116,0.232
HGH1,0,48,0.096
HGS,0,93,0.186
HGSNAT,0,40,0.08
HHAT,0,69,0.138
HHATL,0,103,0.206
HHEX,0,75,0.15
HERC6,0,114,0.228
HERC5,0,155,0.31
HERC3,0,80,0.16
HERC2P2,0,64,0.128
HEATR2,0,77,0.154
HEATR3,0,32,0.064
HEATR4,0,97,0.194
HEATR5A,0,36,0.072
HEATR5B,0,31,0.062
HEATR6,0,50,0.1
HEATR9,0,47,0.094
HEBP1,0,125,0.25
HEBP2,0,106,0.212
HECTD1,0,8,0.016
HECTD2,0,205,0.41
HECTD3,0,41,0.082
HECTD4,0,44,0.088
HECW1,0,121,0.242
HECW2,0,75,0.15
HEG1,0,115,0.23
HELB,0,42,0.084
HELLS,0,40,0.08
HELQ,0,14,0.028
HELZ,0,10,0.02
HELZ2,0,107,0.214
HEMGN,0,140,0.28
HEMK1,0,142,0.284
HENMT1,0,24,0.048
HEPACAM,0,192,0.384
HEPACAM2,0,165,0.33
HEPH,0,68,0.136
HERC1,0,49,0.098
HERC2,0,148,0.296
GPR22,0,161,0.322
GPR21,0,108,0.216
GPR20,0,34,0.068
GCSH,0,62,0.124
GCKR,0,169,0.338
GCLC,0,32,0.064
GCLM,0,17,0.034
GCM1,0,120,0.24
GCM2,0,72,0.144
GCN1L1,0,16,0.032
GCNT1,0,38,0.076
GCNT2,0,156,0.312
GCNT3,0,22,0.044
GCNT4,0,103,0.206
GCNT7,0,53,0.106
GCOM1,0,90,0.18
GCSAM,0,94,0.188
GCSAML,0,180,0.36
GDA,0,91,0.182
GCHFR,0,104,0.208
GDAP1,0,80,0.16
GDAP1L1,0,17,0.034
GDAP2,0,51,0.102
GDE1,0,82,0.164
GDF10,0,35,0.07
GDF11,0,108,0.216
GDF15,0,129,0.258
GDF2,0,39,0.078
GDF3,0,180,0.36
GDF5,0,131,0.262
GDF9,0,106,0.212
GDI1,0,51,0.102
GDI2,0,27,0.054
GDNF,0,92,0.184
GCK,0,36,0.072
GCH1,0,29,0.058
GDPD2,0,54,0.108
GBP1,0,78,0.156
GATAD2B,0,50,0.1
GATC,0,73,0.146
GATM,0,152,0.304
GATS,0,80,0.16
GATSL2,0,66,0.132
GATSL3,0,92,0.184
GBA,0,46,0.092
GBA2,0,52,0.104
GBA3,0,53,0.106
GBAP1,0,98,0.196
GBAS,0,47,0.094
GBE1,0,27,0.054
GBF1,0,105,0.21
GBGT1,0,73,0.146
GBP2,0,55,0.11
GCGR,0,37,0.074
GBP3,0,63,0.126
GBP4,0,58,0.116
GBP5,0,88,0.176
GBP6,0,136,0.272
GBX1,0,67,0.134
GBX2,0,38,0.076
GC,0,114,0.228
GCA,0,46,0.092
GCAT,0,52,0.104
GCC1,0,104,0.208
GCC2,0,28,0.056
GCDH,0,123,0.246
GCFC2,0,29,0.058
GCG,0,93,0.186
GDPD1,0,65,0.13
GDPD3,0,124,0.248
GPR19,0,61,0.122
GHSR,0,45,0.09
GGT5,0,83,0.166
GGT6,0,135,0.27
GGT7,0,119,0.238
GGTA1P,0,170,0.34
GGTLC1,0,65,0.13
GGTLC2,0,56,0.112
GH1,0,47,0.094
GH2,0,76,0.152
GHDC,0,31,0.062
GHITM,0,23,0.046
GHR,0,54,0.108
GHRH,0,86,0.172
GHRHR,0,49,0.098
GHRL,0,155,0.31
GID4,0,74,0.148
GGNBP2,0,16,0.032
GID8,0,46,0.092
GIF,0,131,0.262
GIGYF1,0,67,0.134
GIGYF2,0,24,0.048
GIMAP1,0,46,0.092
GIMAP2,0,0,0.0
GIMAP4,0,46,0.092
GIMAP6,0,35,0.07
GIN1,0,21,0.042
GINM1,0,14,0.028
GINS1,0,115,0.23
GINS2,0,130,0.26
GINS3,0,140,0.28
GINS4,0,95,0.19
GGPS1,0,14,0.028
GGN,0,49,0.098
GDPD5,0,58,0.116
GFM1,0,3,0.006
GDPGP1,0,83,0.166
GEM,0,85,0.17
GEMIN2,0,80,0.16
GEMIN4,0,66,0.132
GEMIN5,0,30,0.06
GEMIN6,0,85,0.17
GEMIN7,0,39,0.078
GEMIN8,0,55,0.11
GEN1,0,27,0.054
GET4,0,118,0.236
GFAP,0,103,0.206
GFER,0,165,0.33
GFI1,0,102,0.204
GFI1B,0,106,0.212
GFM2,0,11,0.022
GGH,0,184,0.368
GFOD1,0,87,0.174
GFOD2,0,107,0.214
GFPT1,0,41,0.082
GFPT2,0,67,0.134
GFRA1,0,85,0.17
GFRA2,0,103,0.206
GFRA3,0,111,0.222
GFRA4,0,47,0.094
GGA1,0,61,0.122
GGA2,0,26,0.052
GGA3,0,50,0.1
GGACT,0,84,0.168
GGCT,0,126,0.252
GGCX,0,85,0.17
GATAD2A,0,58,0.116
GATAD1,0,31,0.062
GATA6,0,82,0.164
GABRB3,0,50,0.1
GABARAPL3,0,193,0.386
GABBR1,0,92,0.184
GABBR2,0,88,0.176
GABPA,0,81,0.162
GABPB1,0,10,0.02
GABPB2,0,30,0.06
GABRA1,0,95,0.19
GABRA2,0,54,0.108
GABRA3,0,66,0.132
GABRA4,0,86,0.172
GABRA5,0,184,0.368
GABRA6,0,45,0.09
GABRB1,0,92,0.184
GABRB2,0,35,0.07
GABRD,0,42,0.084
GABARAPL1,0,125,0.25
GABRE,0,83,0.166
GABRG1,0,121,0.242
GABRG2,0,81,0.162
GABRG3,0,89,0.178
GABRP,0,40,0.08
GABRQ,0,109,0.218
GABRR1,0,57,0.114
GABRR2,0,92,0.184
GABRR3,0,110,0.22
GAD1,0,52,0.104
GAD2,0,23,0.046
GADD45A,0,83,0.166
GADD45B,0,160,0.32
GADD45G,0,120,0.24
GABARAPL2,0,62,0.124
GABARAP,0,54,0.108
GATA5,0,26,0.052
FZD7,0,165,0.33
FXYD4,0,20,0.04
FXYD5,0,81,0.162
FXYD6,0,34,0.068
FXYD7,0,81,0.162
FYB,0,64,0.128
FYCO1,0,57,0.114
FYN,0,48,0.096
FZD1,0,88,0.176
FZD10,0,48,0.096
FZD2,0,78,0.156
FZD3,0,124,0.248
FZD4,0,35,0.07
FZD5,0,56,0.112
FZD6,0,176,0.352
FZD8,0,61,0.122
GAB4,0,14,0.028
FZD9,0,61,0.122
FZR1,0,99,0.198
G0S2,0,187,0.374
G2E3,0,5,0.01
G3BP1,0,11,0.022
G3BP2,0,24,0.048
G6PC,0,56,0.112
G6PC2,0,56,0.112
G6PC3,0,123,0.246
G6PD,0,81,0.162
GAA,0,158,0.316
GAB1,0,59,0.118
GAB2,0,44,0.088
GAB3,0,43,0.086
GADD45GIP1,0,67,0.134
GADL1,0,195,0.39
GAFA1,0,100,0.2
GARNL3,0,103,0.206
GALR2,0,60,0.12
GALR3,0,73,0.146
GALT,0,52,0.104
GAMT,0,71,0.142
GAN,0,66,0.132
GANAB,0,36,0.072
GAP43,0,58,0.116
GAPDH,0,82,0.164
GAPDHS,0,174,0.348
GAPT,0,148,0.296
GAPVD1,0,30,0.06
GAR1,0,86,0.172
GAREM,0,71,0.142
GAREML,0,60,0.12
GARS,0,19,0.038
GAFA2,0,99,0.198
GART,0,13,0.026
GAS1,0,183,0.366
GAS2,0,45,0.09
GAS2L1,0,96,0.192
GAS2L2,0,57,0.114
GAS2L3,0,148,0.296
GAS6,0,114,0.228
GAS7,0,101,0.202
GAS8,0,212,0.424
GAST,0,42,0.084
GATA1,0,93,0.186
GATA2,0,138,0.276
GATA3,0,70,0.14
GATA4,0,35,0.07
GALR1,0,64,0.128
GALP,0,75,0.15
GALNTL6,0,79,0.158
GALNTL5,0,170,0.34
GAFA3,0,165,0.33
GAGE1,0,19,0.038
GAK,0,33,0.066
GAL,0,107,0.214
GAL3ST1,0,114,0.228
GAL3ST2,0,64,0.128
GAL3ST3,0,113,0.226
GAL3ST4,0,73,0.146
GALC,0,12,0.024
GALE,0,46,0.092
GALK1,0,27,0.054
GALK2,0,22,0.044
GALM,0,62,0.124
GALNS,0,73,0.146
GALNT1,0,19,0.038
GALNT10,0,56,0.112
GALNT11,0,30,0.06
GALNT12,0,105,0.21
GALNT13,0,74,0.148
GALNT14,0,134,0.268
GALNT15,0,73,0.146
GALNT16,0,54,0.108
GALNT18,0,63,0.126
GALNT2,0,97,0.194
GALNT3,0,28,0.056
GALNT5,0,127,0.254
GALNT6,0,157,0.314
GALNT7,0,24,0.048
GALNT8,0,76,0.152
GIP,0,134,0.268
GIPC1,0,110,0.22
GIPC2,0,124,0.248
GPAA1,0,30,0.06
GORASP1,0,93,0.186
GORASP2,0,29,0.058
GOSR1,0,17,0.034
GOSR2,0,20,0.04
GOT1,0,41,0.082
GOT1L1,0,107,0.214
GOT2,0,39,0.078
GP1BA,0,95,0.19
GP1BB,0,56,0.112
GP2,0,24,0.048
GP5,0,145,0.29
GP6,0,111,0.222
GP9,0,49,0.098
GPA33,0,108,0.216
GPALPP1,0,16,0.032
GOPC,0,3,0.006
GPAM,0,79,0.158
GPANK1,0,101,0.202
GPAT2,0,60,0.12
GPATCH1,0,18,0.036
GPATCH11,0,60,0.12
GPATCH2,0,32,0.064
GPATCH2L,0,0,0.0
GPATCH3,0,87,0.174
GPATCH4,0,64,0.128
GPATCH8,0,5,0.01
GPBAR1,0,75,0.15
GPBP1,0,6,0.012
GPBP1L1,0,23,0.046
GPC1,0,37,0.074
GORAB,0,20,0.04
GON4L,0,13,0.026
GNLY,0,159,0.318
GOLGA2P2Y,0,52,0.104
GNN,0,159,0.318
GNPAT,0,22,0.044
GNPDA1,0,113,0.226
GNPDA2,0,5,0.01
GNPNAT1,0,64,0.128
GNPTAB,0,43,0.086
GNPTG,0,66,0.132
GNRH1,0,129,0.258
GNRH2,0,50,0.1
GNRHR,0,69,0.138
GNRHR2,0,118,0.236
GNS,0,61,0.122
GOLGA1,0,29,0.058
GOLGA2,0,68,0.136
GOLGA2P5,0,24,0.048
GOLT1B,0,8,0.016
GOLGA3,0,39,0.078
GOLGA4,0,26,0.052
GOLGA5,0,14,0.028
GOLGA6A,0,41,0.082
GOLGA6L1,0,68,0.136
GOLGA6L2,0,86,0.172
GOLGA7,0,16,0.032
GOLGA7B,0,81,0.162
GOLGA8I,0,72,0.144
GOLGB1,0,17,0.034
GOLIM4,0,46,0.092
GOLM1,0,59,0.118
GOLPH3,0,44,0.088
GOLPH3L,0,7,0.014
GPC2,0,61,0.122
GPC3,0,107,0.214
GPC4,0,80,0.16
GPR153,0,47,0.094
GPR125,0,112,0.224
GPR126,0,59,0.118
GPR128,0,96,0.192
GPR132,0,77,0.154
GPR133,0,101,0.202
GPR135,0,52,0.104
GPR137,0,34,0.068
GPR137B,0,49,0.098
GPR137C,0,112,0.224
GPR143,0,93,0.186
GPR144,0,133,0.266
GPR146,0,76,0.152
GPR15,0,187,0.374
GPR150,0,140,0.28
GPR155,0,52,0.104
GPC5,0,125,0.25
GPR156,0,147,0.294
GPR158,0,111,0.222
GPR160,0,38,0.076
GPR161,0,97,0.194
GPR162,0,122,0.244
GPR17,0,84,0.168
GPR171,0,32,0.064
GPR173,0,101,0.202
GPR174,0,43,0.086
GPR176,0,44,0.088
GPR18,0,40,0.08
GPR180,0,79,0.158
GPR182,0,62,0.124
GPR183,0,65,0.13
GPR124,0,78,0.156
GPR123,0,53,0.106
GPR12,0,58,0.116
GPR116,0,79,0.158
GPC6,0,39,0.078
GPCPD1,0,31,0.062
GPD1,0,72,0.144
GPD1L,0,32,0.064
GPD2,0,53,0.106
GPER1,0,18,0.036
GPHA2,0,62,0.124
GPHB5,0,25,0.05
GPHN,0,104,0.208
GPI,0,47,0.094
GPIHBP1,0,45,0.09
GPKOW,0,54,0.108
GPLD1,0,98,0.196
GPM6A,0,171,0.342
GPM6B,0,195,0.39
GPN1,0,30,0.06
GPN2,0,64,0.128
GPN3,0,31,0.062
GPNMB,0,86,0.172
GPR1,0,94,0.188
GPR101,0,82,0.164
GPR107,0,27,0.054
GPR108,0,63,0.126
GPR110,0,77,0.154
GPR111,0,120,0.24
GPR112,0,97,0.194
GPR113,0,20,0.04
GPR114,0,69,0.138
GPR115,0,44,0.088
GNMT,0,116,0.232
GNL3L,0,53,0.106
GIPC3,0,133,0.266
GLIS3,0,10,0.02
GLDC,0,117,0.234
GLDN,0,138,0.276
GLE1,0,71,0.142
GLG1,0,74,0.148
GLI1,0,107,0.214
GLI2,0,111,0.222
GLI3,0,28,0.056
GLI4,0,32,0.064
GLIDR,0,98,0.196
GLIPR1,0,94,0.188
GLIPR1L1,0,99,0.198
GLIPR2,0,60,0.12
GLIS1,0,57,0.114
GLIS2,0,68,0.136
GLMN,0,2,0.004
GLCCI1,0,60,0.12
GLO1,0,46,0.092
GLOD4,0,44,0.088
GLOD5,0,62,0.124
GLP1R,0,28,0.056
GLP2R,0,47,0.094
GLRA1,0,87,0.174
GLRA2,0,131,0.262
GLRA3,0,85,0.17
GLRB,0,105,0.21
GLRX,0,43,0.086
GLRX2,0,83,0.166
GLRX3,0,18,0.036
GLRX5,0,160,0.32
GLS,0,9,0.018
GLCE,0,87,0.174
GLB1L3,0,78,0.156
GNL3,0,22,0.044
GJB5,0,65,0.13
GIPR,0,55,0.11
GIT1,0,69,0.138
GIT2,0,16,0.032
GJA1,0,68,0.136
GJA10,0,55,0.11
GJA3,0,80,0.16
GJA4,0,55,0.11
GJA5,0,24,0.048
GJA8,0,73,0.146
GJA9,0,89,0.178
GJB1,0,89,0.178
GJB2,0,126,0.252
GJB3,0,52,0.104
GJB4,0,75,0.15
GJB6,0,90,0.18
GLB1L2,0,106,0.212
GJC1,0,56,0.112
GJC2,0,90,0.18
GJD2,0,67,0.134
GJD4,0,14,0.028
GK,0,43,0.086
GK2,0,146,0.292
GK3P,0,37,0.074
GK5,0,79,0.158
GKAP1,0,50,0.1
GKN1,0,157,0.314
GKN2,0,99,0.198
GLA,0,129,0.258
GLB1,0,75,0.15
GLB1L,0,84,0.168
GLS2,0,64,0.128
GLT1D1,0,79,0.158
GLT8D1,0,24,0.048
GNB5,0,65,0.13
GNAI1,0,176,0.352
GNAI2,0,37,0.074
GNAI3,0,24,0.048
GNAL,0,110,0.22
GNAQ,0,73,0.146
GNAS,0,127,0.254
GNAT1,0,53,0.106
GNAT2,0,55,0.11
GNAZ,0,57,0.114
GNB1,0,29,0.058
GNB2,0,116,0.232
GNB2L1,0,24,0.048
GNB3,0,58,0.116
GNB4,0,72,0.144
GNE,0,39,0.078
GLT8D2,0,29,0.058
GNG10,0,87,0.174
GNG11,0,103,0.206
GNG12,0,40,0.08
GNG13,0,126,0.252
GNG2,0,86,0.172
GNG3,0,132,0.264
GNG4,0,18,0.036
GNG5,0,61,0.122
GNG7,0,127,0.254
GNG8,0,110,0.22
GNGT1,0,141,0.282
GNGT2,0,66,0.132
GNL1,0,103,0.206
GNL2,0,28,0.056
GNA15,0,113,0.226
GNA14,0,97,0.194
GNA13,0,31,0.062
GNA12,0,141,0.282
GLTP,0,117,0.234
GLTPD2,0,171,0.342
GLTSCR1,0,46,0.092
GLTSCR1L,0,14,0.028
GLTSCR2,0,77,0.154
GLUD1,0,10,0.02
GLUD2,0,201,0.402
GLUL,0,139,0.278
GLULP4,0,88,0.176
GLYAT,0,92,0.184
GLYATL1,0,127,0.254
GLYATL2,0,60,0.12
GLYCTK,0,117,0.234
GLYR1,0,29,0.058
GM2A,0,132,0.264
GMCL1,0,53,0.106
GMDS,0,115,0.23
GMEB1,0,4,0.008
GMEB2,0,41,0.082
GMFB,0,20,0.04
GMFG,0,84,0.168
GMIP,0,32,0.064
GML,0,68,0.136
GMNN,0,57,0.114
GMPPA,0,94,0.188
GMPR,0,76,0.152
GMPR2,0,41,0.082
GMPS,0,24,0.048
GNA11,0,21,0.042
ZZZ3,0,5,0.01
